{
	"credit": "Made with Blockbench",
	"textures": {
		"0": "./faceless",
		"particle": "./faceless"
	},
	"elements": [
		{
			"from": [9, 1, 5.25],
			"to": [9.5, 1.5, 5.5],
			"faces": {
				"north": {"uv": [0, 9.5, 0.5, 10], "texture": "#0"},
				"east": {"uv": [0, 9.5, 0.5, 10], "texture": "#0"},
				"south": {"uv": [0, 9.5, 0.5, 10], "texture": "#0"},
				"west": {"uv": [0, 9.5, 0.5, 10], "texture": "#0"},
				"up": {"uv": [0, 9.5, 0.5, 10], "texture": "#0"},
				"down": {"uv": [0, 9.5, 0.5, 10], "texture": "#0"}
			}
		},
		{
			"from": [8.25, 1, 5.25],
			"to": [8.75, 1.5, 5.5],
			"faces": {
				"north": {"uv": [0, 9.5, 0.5, 10], "texture": "#0"},
				"east": {"uv": [0, 9.5, 0.5, 10], "texture": "#0"},
				"south": {"uv": [0, 9.5, 0.5, 10], "texture": "#0"},
				"west": {"uv": [0, 9.5, 0.5, 10], "texture": "#0"},
				"up": {"uv": [0, 9.5, 0.5, 10], "texture": "#0"},
				"down": {"uv": [0, 9.5, 0.5, 10], "texture": "#0"}
			}
		},
		{
			"from": [7.25, 1, 5.25],
			"to": [7.75, 1.5, 5.5],
			"faces": {
				"north": {"uv": [0, 9.5, 0.5, 10], "texture": "#0"},
				"east": {"uv": [0, 9.5, 0.5, 10], "texture": "#0"},
				"south": {"uv": [0, 9.5, 0.5, 10], "texture": "#0"},
				"west": {"uv": [0, 9.5, 0.5, 10], "texture": "#0"},
				"up": {"uv": [0, 9.5, 0.5, 10], "texture": "#0"},
				"down": {"uv": [0, 9.5, 0.5, 10], "texture": "#0"}
			}
		},
		{
			"from": [5.75, 1, 5.25],
			"to": [6.25, 1.5, 5.5],
			"faces": {
				"north": {"uv": [0, 9.5, 0.5, 10], "texture": "#0"},
				"east": {"uv": [0, 9.5, 0.5, 10], "texture": "#0"},
				"south": {"uv": [0, 9.5, 0.5, 10], "texture": "#0"},
				"west": {"uv": [0, 9.5, 0.5, 10], "texture": "#0"},
				"up": {"uv": [0, 9.5, 0.5, 10], "texture": "#0"},
				"down": {"uv": [0, 9.5, 0.5, 10], "texture": "#0"}
			}
		},
		{
			"from": [6.5, 1, 5.25],
			"to": [7, 1.5, 5.5],
			"faces": {
				"north": {"uv": [0, 9.5, 0.5, 10], "texture": "#0"},
				"east": {"uv": [0, 9.5, 0.5, 10], "texture": "#0"},
				"south": {"uv": [0, 9.5, 0.5, 10], "texture": "#0"},
				"west": {"uv": [0, 9.5, 0.5, 10], "texture": "#0"},
				"up": {"uv": [0, 9.5, 0.5, 10], "texture": "#0"},
				"down": {"uv": [0, 9.5, 0.5, 10], "texture": "#0"}
			}
		},
		{
			"from": [9.75, 1, 5.25],
			"to": [10.25, 1.5, 5.5],
			"faces": {
				"north": {"uv": [0, 9.5, 0.5, 10], "texture": "#0"},
				"east": {"uv": [0, 9.5, 0.5, 10], "texture": "#0"},
				"south": {"uv": [0, 9.5, 0.5, 10], "texture": "#0"},
				"west": {"uv": [0, 9.5, 0.5, 10], "texture": "#0"},
				"up": {"uv": [0, 9.5, 0.5, 10], "texture": "#0"},
				"down": {"uv": [0, 9.5, 0.5, 10], "texture": "#0"}
			}
		},
		{
			"from": [10.5, 1, 6],
			"to": [10.75, 1.5, 6.5],
			"faces": {
				"north": {"uv": [0, 9.5, 0.25, 10], "texture": "#0"},
				"east": {"uv": [0, 9.5, 0.25, 10], "texture": "#0"},
				"south": {"uv": [0, 9.5, 0.25, 10], "texture": "#0"},
				"west": {"uv": [0, 9.5, 0.25, 10], "texture": "#0"},
				"up": {"uv": [0, 9.5, 0.25, 10], "texture": "#0"},
				"down": {"uv": [0, 9.5, 0.25, 10], "texture": "#0"}
			}
		},
		{
			"from": [5.25, 1, 6],
			"to": [5.5, 1.5, 6.5],
			"faces": {
				"north": {"uv": [0, 9.5, 0.25, 10], "texture": "#0"},
				"east": {"uv": [0, 9.5, 0.25, 10], "texture": "#0"},
				"south": {"uv": [0, 9.5, 0.25, 10], "texture": "#0"},
				"west": {"uv": [0, 9.5, 0.25, 10], "texture": "#0"},
				"up": {"uv": [0, 9.5, 0.25, 10], "texture": "#0"},
				"down": {"uv": [0, 9.5, 0.25, 10], "texture": "#0"}
			}
		},
		{
			"from": [5.25, 1, 6.75],
			"to": [5.5, 1.5, 7.25],
			"faces": {
				"north": {"uv": [0, 9.5, 0.25, 10], "texture": "#0"},
				"east": {"uv": [0, 9.5, 0.25, 10], "texture": "#0"},
				"south": {"uv": [0, 9.5, 0.25, 10], "texture": "#0"},
				"west": {"uv": [0, 9.5, 0.25, 10], "texture": "#0"},
				"up": {"uv": [0, 9.5, 0.25, 10], "texture": "#0"},
				"down": {"uv": [0, 9.5, 0.25, 10], "texture": "#0"}
			}
		},
		{
			"from": [5.25, 1, 7.5],
			"to": [5.5, 1.5, 8],
			"faces": {
				"north": {"uv": [0, 9.5, 0.25, 10], "texture": "#0"},
				"east": {"uv": [0, 9.5, 0.25, 10], "texture": "#0"},
				"south": {"uv": [0, 9.5, 0.25, 10], "texture": "#0"},
				"west": {"uv": [0, 9.5, 0.25, 10], "texture": "#0"},
				"up": {"uv": [0, 9.5, 0.25, 10], "texture": "#0"},
				"down": {"uv": [0, 9.5, 0.25, 10], "texture": "#0"}
			}
		},
		{
			"from": [5.25, 1, 8.25],
			"to": [5.5, 1.5, 8.75],
			"faces": {
				"north": {"uv": [0, 9.5, 0.25, 10], "texture": "#0"},
				"east": {"uv": [0, 9.5, 0.25, 10], "texture": "#0"},
				"south": {"uv": [0, 9.5, 0.25, 10], "texture": "#0"},
				"west": {"uv": [0, 9.5, 0.25, 10], "texture": "#0"},
				"up": {"uv": [0, 9.5, 0.25, 10], "texture": "#0"},
				"down": {"uv": [0, 9.5, 0.25, 10], "texture": "#0"}
			}
		},
		{
			"from": [10.5, 1, 6.75],
			"to": [10.75, 1.5, 7.25],
			"faces": {
				"north": {"uv": [0, 9.5, 0.25, 10], "texture": "#0"},
				"east": {"uv": [0, 9.5, 0.25, 10], "texture": "#0"},
				"south": {"uv": [0, 9.5, 0.25, 10], "texture": "#0"},
				"west": {"uv": [0, 9.5, 0.25, 10], "texture": "#0"},
				"up": {"uv": [0, 9.5, 0.25, 10], "texture": "#0"},
				"down": {"uv": [0, 9.5, 0.25, 10], "texture": "#0"}
			}
		},
		{
			"from": [10.5, 1, 8.25],
			"to": [10.75, 1.5, 8.75],
			"faces": {
				"north": {"uv": [0, 9.5, 0.25, 10], "texture": "#0"},
				"east": {"uv": [0, 9.5, 0.25, 10], "texture": "#0"},
				"south": {"uv": [0, 9.5, 0.25, 10], "texture": "#0"},
				"west": {"uv": [0, 9.5, 0.25, 10], "texture": "#0"},
				"up": {"uv": [0, 9.5, 0.25, 10], "texture": "#0"},
				"down": {"uv": [0, 9.5, 0.25, 10], "texture": "#0"}
			}
		},
		{
			"from": [10.5, 1, 7.5],
			"to": [10.75, 1.5, 8],
			"faces": {
				"north": {"uv": [0, 9.5, 0.25, 10], "texture": "#0"},
				"east": {"uv": [0, 9.5, 0.25, 10], "texture": "#0"},
				"south": {"uv": [0, 9.5, 0.25, 10], "texture": "#0"},
				"west": {"uv": [0, 9.5, 0.25, 10], "texture": "#0"},
				"up": {"uv": [0, 9.5, 0.25, 10], "texture": "#0"},
				"down": {"uv": [0, 9.5, 0.25, 10], "texture": "#0"}
			}
		},
		{
			"from": [5, 1, 10.5],
			"to": [11, 7, 11.5],
			"rotation": {"angle": 0, "axis": "y", "origin": [8, 1.5, 8]},
			"faces": {
				"north": {"uv": [9.5, 9.5, 10.5, 15.5], "rotation": 180, "texture": "#0"},
				"east": {"uv": [9.5, 9.5, 10.5, 15.5], "rotation": 180, "texture": "#0"},
				"south": {"uv": [9.5, 9.5, 10.5, 15.5], "rotation": 180, "texture": "#0"},
				"west": {"uv": [9.5, 9.5, 10.5, 15.5], "rotation": 180, "texture": "#0"},
				"up": {"uv": [9.5, 9.5, 10.5, 15.5], "rotation": 180, "texture": "#0"},
				"down": {"uv": [9.5, 9.5, 10.5, 15.5], "rotation": 180, "texture": "#0"}
			}
		},
		{
			"from": [5, 1, 10],
			"to": [11, 1.25, 10.5],
			"rotation": {"angle": 0, "axis": "y", "origin": [8, 1.5, 8]},
			"faces": {
				"north": {"uv": [9.5, 9.5, 15.5, 9.75], "rotation": 180, "texture": "#0"},
				"east": {"uv": [9.5, 9.5, 15.5, 9.75], "rotation": 180, "texture": "#0"},
				"south": {"uv": [9.5, 9.5, 15.5, 9.75], "rotation": 180, "texture": "#0"},
				"west": {"uv": [9.5, 9.5, 15.5, 9.75], "rotation": 180, "texture": "#0"},
				"up": {"uv": [9.5, 9.5, 15.5, 9.75], "rotation": 180, "texture": "#0"},
				"down": {"uv": [9.5, 9.5, 15.5, 9.75], "rotation": 180, "texture": "#0"}
			}
		},
		{
			"from": [10, 1.25, 9.25],
			"to": [11, 7, 10.5],
			"rotation": {"angle": 0, "axis": "y", "origin": [8, 1.5, 8]},
			"faces": {
				"north": {"uv": [9.5, 9.5, 10.75, 15.25], "rotation": 180, "texture": "#0"},
				"east": {"uv": [9.5, 9.5, 10.75, 15.25], "rotation": 180, "texture": "#0"},
				"south": {"uv": [9.5, 9.5, 10.75, 15.25], "rotation": 180, "texture": "#0"},
				"west": {"uv": [9.5, 9.5, 10.75, 15.25], "rotation": 180, "texture": "#0"},
				"up": {"uv": [9.5, 9.5, 10.75, 15.25], "rotation": 180, "texture": "#0"},
				"down": {"uv": [9.5, 9.5, 10.75, 15.25], "rotation": 180, "texture": "#0"}
			}
		},
		{
			"from": [5, 1.25, 9.25],
			"to": [6, 7, 10.5],
			"rotation": {"angle": 0, "axis": "y", "origin": [8, 1.5, 8]},
			"faces": {
				"north": {"uv": [9.5, 9.5, 10.75, 15.25], "rotation": 180, "texture": "#0"},
				"east": {"uv": [9.5, 9.5, 10.75, 15.25], "rotation": 180, "texture": "#0"},
				"south": {"uv": [9.5, 9.5, 10.75, 15.25], "rotation": 180, "texture": "#0"},
				"west": {"uv": [9.5, 9.5, 10.75, 15.25], "rotation": 180, "texture": "#0"},
				"up": {"uv": [9.5, 9.5, 10.75, 15.25], "rotation": 180, "texture": "#0"},
				"down": {"uv": [9.5, 9.5, 10.75, 15.25], "rotation": 180, "texture": "#0"}
			}
		},
		{
			"from": [6, 6, 9.25],
			"to": [10, 7, 10.5],
			"rotation": {"angle": 0, "axis": "y", "origin": [8, 1.5, 8]},
			"faces": {
				"north": {"uv": [9.5, 9.5, 10.75, 10.5], "rotation": 180, "texture": "#0"},
				"east": {"uv": [9.5, 9.5, 10.75, 10.5], "rotation": 180, "texture": "#0"},
				"south": {"uv": [9.5, 9.5, 10.75, 10.5], "rotation": 180, "texture": "#0"},
				"west": {"uv": [9.5, 9.5, 10.75, 10.5], "rotation": 180, "texture": "#0"},
				"up": {"uv": [9.5, 9.5, 10.75, 10.5], "rotation": 180, "texture": "#0"},
				"down": {"uv": [9.5, 9.5, 10.75, 10.5], "rotation": 180, "texture": "#0"}
			}
		},
		{
			"from": [10.25, 1.75, 9],
			"to": [10.5, 2, 9.75],
			"faces": {
				"north": {"uv": [0, 11, 0.75, 11.25], "texture": "#0"},
				"east": {"uv": [0, 11, 0.75, 11.25], "texture": "#0"},
				"south": {"uv": [0, 11, 0.75, 11.25], "texture": "#0"},
				"west": {"uv": [0, 11, 0.75, 11.25], "texture": "#0"},
				"up": {"uv": [0, 11, 0.75, 11.25], "texture": "#0"},
				"down": {"uv": [0, 11, 0.75, 11.25], "texture": "#0"}
			}
		},
		{
			"from": [10.25, 2.5, 9],
			"to": [10.5, 2.75, 9.75],
			"faces": {
				"north": {"uv": [0, 11, 0.75, 11.25], "texture": "#0"},
				"east": {"uv": [0, 11, 0.75, 11.25], "texture": "#0"},
				"south": {"uv": [0, 11, 0.75, 11.25], "texture": "#0"},
				"west": {"uv": [0, 11, 0.75, 11.25], "texture": "#0"},
				"up": {"uv": [0, 11, 0.75, 11.25], "texture": "#0"},
				"down": {"uv": [0, 11, 0.75, 11.25], "texture": "#0"}
			}
		},
		{
			"from": [10.25, 3.25, 9],
			"to": [10.5, 3.5, 9.75],
			"faces": {
				"north": {"uv": [0, 11, 0.75, 11.25], "texture": "#0"},
				"east": {"uv": [0, 11, 0.75, 11.25], "texture": "#0"},
				"south": {"uv": [0, 11, 0.75, 11.25], "texture": "#0"},
				"west": {"uv": [0, 11, 0.75, 11.25], "texture": "#0"},
				"up": {"uv": [0, 11, 0.75, 11.25], "texture": "#0"},
				"down": {"uv": [0, 11, 0.75, 11.25], "texture": "#0"}
			}
		},
		{
			"from": [10.25, 4, 9],
			"to": [10.5, 4.25, 9.75],
			"faces": {
				"north": {"uv": [0, 11, 0.75, 11.25], "texture": "#0"},
				"east": {"uv": [0, 11, 0.75, 11.25], "texture": "#0"},
				"south": {"uv": [0, 11, 0.75, 11.25], "texture": "#0"},
				"west": {"uv": [0, 11, 0.75, 11.25], "texture": "#0"},
				"up": {"uv": [0, 11, 0.75, 11.25], "texture": "#0"},
				"down": {"uv": [0, 11, 0.75, 11.25], "texture": "#0"}
			}
		},
		{
			"from": [10.25, 4.75, 9],
			"to": [10.5, 5, 9.75],
			"faces": {
				"north": {"uv": [0, 11, 0.75, 11.25], "texture": "#0"},
				"east": {"uv": [0, 11, 0.75, 11.25], "texture": "#0"},
				"south": {"uv": [0, 11, 0.75, 11.25], "texture": "#0"},
				"west": {"uv": [0, 11, 0.75, 11.25], "texture": "#0"},
				"up": {"uv": [0, 11, 0.75, 11.25], "texture": "#0"},
				"down": {"uv": [0, 11, 0.75, 11.25], "texture": "#0"}
			}
		},
		{
			"from": [10.25, 5.5, 9],
			"to": [10.5, 5.75, 9.75],
			"faces": {
				"north": {"uv": [0, 11, 0.75, 11.25], "texture": "#0"},
				"east": {"uv": [0, 11, 0.75, 11.25], "texture": "#0"},
				"south": {"uv": [0, 11, 0.75, 11.25], "texture": "#0"},
				"west": {"uv": [0, 11, 0.75, 11.25], "texture": "#0"},
				"up": {"uv": [0, 11, 0.75, 11.25], "texture": "#0"},
				"down": {"uv": [0, 11, 0.75, 11.25], "texture": "#0"}
			}
		},
		{
			"from": [10.25, 6.25, 9],
			"to": [10.5, 6.5, 9.75],
			"faces": {
				"north": {"uv": [0, 11, 0.75, 11.25], "texture": "#0"},
				"east": {"uv": [0, 11, 0.75, 11.25], "texture": "#0"},
				"south": {"uv": [0, 11, 0.75, 11.25], "texture": "#0"},
				"west": {"uv": [0, 11, 0.75, 11.25], "texture": "#0"},
				"up": {"uv": [0, 11, 0.75, 11.25], "texture": "#0"},
				"down": {"uv": [0, 11, 0.75, 11.25], "texture": "#0"}
			}
		},
		{
			"from": [9.5, 6.25, 9],
			"to": [9.75, 6.5, 9.75],
			"faces": {
				"north": {"uv": [0, 11, 0.75, 11.25], "texture": "#0"},
				"east": {"uv": [0, 11, 0.75, 11.25], "texture": "#0"},
				"south": {"uv": [0, 11, 0.75, 11.25], "texture": "#0"},
				"west": {"uv": [0, 11, 0.75, 11.25], "texture": "#0"},
				"up": {"uv": [0, 11, 0.75, 11.25], "texture": "#0"},
				"down": {"uv": [0, 11, 0.75, 11.25], "texture": "#0"}
			}
		},
		{
			"from": [8.75, 6.25, 9],
			"to": [9, 6.5, 9.75],
			"faces": {
				"north": {"uv": [0, 11, 0.75, 11.25], "texture": "#0"},
				"east": {"uv": [0, 11, 0.75, 11.25], "texture": "#0"},
				"south": {"uv": [0, 11, 0.75, 11.25], "texture": "#0"},
				"west": {"uv": [0, 11, 0.75, 11.25], "texture": "#0"},
				"up": {"uv": [0, 11, 0.75, 11.25], "texture": "#0"},
				"down": {"uv": [0, 11, 0.75, 11.25], "texture": "#0"}
			}
		},
		{
			"from": [7, 6.25, 9],
			"to": [7.25, 6.5, 9.75],
			"faces": {
				"north": {"uv": [0, 11, 0.75, 11.25], "texture": "#0"},
				"east": {"uv": [0, 11, 0.75, 11.25], "texture": "#0"},
				"south": {"uv": [0, 11, 0.75, 11.25], "texture": "#0"},
				"west": {"uv": [0, 11, 0.75, 11.25], "texture": "#0"},
				"up": {"uv": [0, 11, 0.75, 11.25], "texture": "#0"},
				"down": {"uv": [0, 11, 0.75, 11.25], "texture": "#0"}
			}
		},
		{
			"from": [6.25, 6.25, 9],
			"to": [6.5, 6.5, 9.75],
			"faces": {
				"north": {"uv": [0, 11, 0.75, 11.25], "texture": "#0"},
				"east": {"uv": [0, 11, 0.75, 11.25], "texture": "#0"},
				"south": {"uv": [0, 11, 0.75, 11.25], "texture": "#0"},
				"west": {"uv": [0, 11, 0.75, 11.25], "texture": "#0"},
				"up": {"uv": [0, 11, 0.75, 11.25], "texture": "#0"},
				"down": {"uv": [0, 11, 0.75, 11.25], "texture": "#0"}
			}
		},
		{
			"from": [5.5, 6.25, 9],
			"to": [5.75, 6.5, 9.75],
			"faces": {
				"north": {"uv": [0, 11, 0.75, 11.25], "texture": "#0"},
				"east": {"uv": [0, 11, 0.75, 11.25], "texture": "#0"},
				"south": {"uv": [0, 11, 0.75, 11.25], "texture": "#0"},
				"west": {"uv": [0, 11, 0.75, 11.25], "texture": "#0"},
				"up": {"uv": [0, 11, 0.75, 11.25], "texture": "#0"},
				"down": {"uv": [0, 11, 0.75, 11.25], "texture": "#0"}
			}
		},
		{
			"from": [5.5, 5.5, 9],
			"to": [5.75, 5.75, 9.75],
			"faces": {
				"north": {"uv": [0, 11, 0.75, 11.25], "texture": "#0"},
				"east": {"uv": [0, 11, 0.75, 11.25], "texture": "#0"},
				"south": {"uv": [0, 11, 0.75, 11.25], "texture": "#0"},
				"west": {"uv": [0, 11, 0.75, 11.25], "texture": "#0"},
				"up": {"uv": [0, 11, 0.75, 11.25], "texture": "#0"},
				"down": {"uv": [0, 11, 0.75, 11.25], "texture": "#0"}
			}
		},
		{
			"from": [5.5, 1.75, 9],
			"to": [5.75, 2, 9.75],
			"faces": {
				"north": {"uv": [0, 11, 0.75, 11.25], "texture": "#0"},
				"east": {"uv": [0, 11, 0.75, 11.25], "texture": "#0"},
				"south": {"uv": [0, 11, 0.75, 11.25], "texture": "#0"},
				"west": {"uv": [0, 11, 0.75, 11.25], "texture": "#0"},
				"up": {"uv": [0, 11, 0.75, 11.25], "texture": "#0"},
				"down": {"uv": [0, 11, 0.75, 11.25], "texture": "#0"}
			}
		},
		{
			"from": [5.5, 2.5, 9],
			"to": [5.75, 2.75, 9.75],
			"faces": {
				"north": {"uv": [0, 11, 0.75, 11.25], "texture": "#0"},
				"east": {"uv": [0, 11, 0.75, 11.25], "texture": "#0"},
				"south": {"uv": [0, 11, 0.75, 11.25], "texture": "#0"},
				"west": {"uv": [0, 11, 0.75, 11.25], "texture": "#0"},
				"up": {"uv": [0, 11, 0.75, 11.25], "texture": "#0"},
				"down": {"uv": [0, 11, 0.75, 11.25], "texture": "#0"}
			}
		},
		{
			"from": [5.5, 3.25, 9],
			"to": [5.75, 3.5, 9.75],
			"faces": {
				"north": {"uv": [0, 11, 0.75, 11.25], "texture": "#0"},
				"east": {"uv": [0, 11, 0.75, 11.25], "texture": "#0"},
				"south": {"uv": [0, 11, 0.75, 11.25], "texture": "#0"},
				"west": {"uv": [0, 11, 0.75, 11.25], "texture": "#0"},
				"up": {"uv": [0, 11, 0.75, 11.25], "texture": "#0"},
				"down": {"uv": [0, 11, 0.75, 11.25], "texture": "#0"}
			}
		},
		{
			"from": [5.5, 4, 9],
			"to": [5.75, 4.25, 9.75],
			"faces": {
				"north": {"uv": [0, 11, 0.75, 11.25], "texture": "#0"},
				"east": {"uv": [0, 11, 0.75, 11.25], "texture": "#0"},
				"south": {"uv": [0, 11, 0.75, 11.25], "texture": "#0"},
				"west": {"uv": [0, 11, 0.75, 11.25], "texture": "#0"},
				"up": {"uv": [0, 11, 0.75, 11.25], "texture": "#0"},
				"down": {"uv": [0, 11, 0.75, 11.25], "texture": "#0"}
			}
		},
		{
			"from": [5.5, 4.75, 9],
			"to": [5.75, 5, 9.75],
			"faces": {
				"north": {"uv": [0, 11, 0.75, 11.25], "texture": "#0"},
				"east": {"uv": [0, 11, 0.75, 11.25], "texture": "#0"},
				"south": {"uv": [0, 11, 0.75, 11.25], "texture": "#0"},
				"west": {"uv": [0, 11, 0.75, 11.25], "texture": "#0"},
				"up": {"uv": [0, 11, 0.75, 11.25], "texture": "#0"},
				"down": {"uv": [0, 11, 0.75, 11.25], "texture": "#0"}
			}
		},
		{
			"from": [5.75, 0, 7.25],
			"to": [10.25, 0.5, 11],
			"faces": {
				"north": {"uv": [9.5, 9.5, 14, 10], "texture": "#0"},
				"east": {"uv": [9.5, 9.5, 14, 10], "texture": "#0"},
				"south": {"uv": [9.5, 9.5, 14, 10], "texture": "#0"},
				"west": {"uv": [9.5, 9.5, 14, 10], "texture": "#0"},
				"up": {"uv": [9.5, 9.5, 14, 10], "texture": "#0"},
				"down": {"uv": [9.5, 9.5, 14, 10], "texture": "#0"}
			}
		},
		{
			"from": [5.75, 0, 5.75],
			"to": [10.25, 0.5, 7.25],
			"faces": {
				"north": {"uv": [9.5, 9.5, 14, 10], "texture": "#0"},
				"east": {"uv": [9.5, 9.5, 14, 10], "texture": "#0"},
				"south": {"uv": [9.5, 9.5, 14, 10], "texture": "#0"},
				"west": {"uv": [9.5, 9.5, 14, 10], "texture": "#0"},
				"up": {"uv": [9.5, 9.5, 14, 10], "texture": "#0"},
				"down": {"uv": [9.5, 9.5, 14, 10], "texture": "#0"}
			}
		},
		{
			"from": [5.25, 0.5, 9.75],
			"to": [10.75, 1, 11],
			"faces": {
				"north": {"uv": [9.5, 9.5, 15, 10], "texture": "#0"},
				"east": {"uv": [9.5, 9.5, 15, 10], "texture": "#0"},
				"south": {"uv": [9.5, 9.5, 15, 10], "texture": "#0"},
				"west": {"uv": [9.5, 9.5, 15, 10], "texture": "#0"},
				"up": {"uv": [9.5, 9.5, 15, 10], "texture": "#0"},
				"down": {"uv": [9.5, 9.5, 15, 10], "texture": "#0"}
			}
		},
		{
			"from": [5.5, 0.25, 5],
			"to": [10.5, 1, 5.75],
			"faces": {
				"north": {"uv": [9.5, 9.5, 14.5, 10.25], "texture": "#0"},
				"east": {"uv": [9.5, 9.5, 14.5, 10.25], "texture": "#0"},
				"south": {"uv": [9.5, 9.5, 14.5, 10.25], "texture": "#0"},
				"west": {"uv": [9.5, 9.5, 14.5, 10.25], "texture": "#0"},
				"up": {"uv": [9.5, 9.5, 14.5, 10.25], "texture": "#0"},
				"down": {"uv": [9.5, 9.5, 14.5, 10.25], "texture": "#0"}
			}
		},
		{
			"from": [10.25, 0, 5.75],
			"to": [11, 1, 9.75],
			"faces": {
				"north": {"uv": [9.5, 9.5, 10.25, 10.5], "texture": "#0"},
				"east": {"uv": [9.5, 9.5, 10.25, 10.5], "texture": "#0"},
				"south": {"uv": [9.5, 9.5, 10.25, 10.5], "texture": "#0"},
				"west": {"uv": [9.5, 9.5, 10.25, 10.5], "texture": "#0"},
				"up": {"uv": [9.5, 9.5, 10.25, 10.5], "texture": "#0"},
				"down": {"uv": [9.5, 9.5, 10.25, 10.5], "texture": "#0"}
			}
		},
		{
			"from": [5, 0, 5.75],
			"to": [5.75, 1, 9.75],
			"faces": {
				"north": {"uv": [9.5, 9.5, 10.25, 10.5], "texture": "#0"},
				"east": {"uv": [9.5, 9.5, 10.25, 10.5], "texture": "#0"},
				"south": {"uv": [9.5, 9.5, 10.25, 10.5], "texture": "#0"},
				"west": {"uv": [9.5, 9.5, 10.25, 10.5], "texture": "#0"},
				"up": {"uv": [9.5, 9.5, 10.25, 10.5], "texture": "#0"},
				"down": {"uv": [9.5, 9.5, 10.25, 10.5], "texture": "#0"}
			}
		},
		{
			"from": [4.75, 7, 10],
			"to": [6.75, 10.25, 11.25],
			"rotation": {"angle": 0, "axis": "y", "origin": [0.25, 0, 0]},
			"faces": {
				"north": {"uv": [14, 6, 15.25, 9.25], "texture": "#0"},
				"east": {"uv": [14, 6, 15.25, 9.25], "texture": "#0"},
				"south": {"uv": [14, 6, 15.25, 9.25], "texture": "#0"},
				"west": {"uv": [14, 6, 15.25, 9.25], "texture": "#0"},
				"up": {"uv": [14, 6, 15.25, 9.25], "texture": "#0"},
				"down": {"uv": [14, 6, 15.25, 9.25], "texture": "#0"}
			}
		},
		{
			"from": [5, 7, 9.75],
			"to": [6.5, 10.25, 10],
			"rotation": {"angle": 0, "axis": "y", "origin": [0.25, 0, 0]},
			"faces": {
				"north": {"uv": [0, 0, 1.5, 3.25], "texture": "#0"},
				"east": {"uv": [0, 0, 1.5, 3.25], "texture": "#0"},
				"south": {"uv": [0, 0, 1.5, 3.25], "texture": "#0"},
				"west": {"uv": [0, 0, 1.5, 3.25], "texture": "#0"},
				"up": {"uv": [0, 0, 1.5, 3.25], "texture": "#0"},
				"down": {"uv": [0, 3.25, 1.5, 6.5], "texture": "#0"}
			}
		},
		{
			"from": [4.75, 10.40354, 9.52191],
			"to": [6.75, 12.65354, 10.77191],
			"rotation": {"angle": -22.5, "axis": "x", "origin": [5.75, 11.52854, 10.14691]},
			"faces": {
				"north": {"uv": [14, 5.75, 16, 8], "texture": "#0"},
				"east": {"uv": [14, 5.75, 16, 8], "texture": "#0"},
				"south": {"uv": [14, 5.75, 16, 8], "texture": "#0"},
				"west": {"uv": [14, 5.75, 16, 8], "texture": "#0"},
				"up": {"uv": [14, 5.75, 16, 8], "texture": "#0"},
				"down": {"uv": [14, 5.75, 16, 7], "texture": "#0"}
			}
		},
		{
			"from": [5.25, 9.65354, 9.77191],
			"to": [6.25, 10.90354, 10.52191],
			"rotation": {"angle": -22.5, "axis": "x", "origin": [5.75, 11.52854, 10.14691]},
			"faces": {
				"north": {"uv": [1.5, 11.5, 2.5, 12.75], "texture": "#0"},
				"east": {"uv": [1.5, 11.5, 2.5, 12.75], "texture": "#0"},
				"south": {"uv": [1.5, 11.5, 2.5, 12.75], "texture": "#0"},
				"west": {"uv": [1.5, 11.5, 2.5, 12.75], "texture": "#0"},
				"up": {"uv": [1.5, 11.5, 2.5, 12.75], "texture": "#0"},
				"down": {"uv": [1.5, 14.75, 2.5, 16], "texture": "#0"}
			}
		},
		{
			"from": [5, 10.40354, 9.27191],
			"to": [6.5, 13.15354, 9.52191],
			"rotation": {"angle": -22.5, "axis": "x", "origin": [5.75, 11.52854, 10.14691]},
			"faces": {
				"north": {"uv": [0, 0.5, 1.5, 3.25], "texture": "#0"},
				"east": {"uv": [0, 0.5, 1.5, 3.25], "texture": "#0"},
				"south": {"uv": [0, 0.5, 1.5, 3.25], "texture": "#0"},
				"west": {"uv": [0, 0.5, 1.5, 3.25], "texture": "#0"},
				"up": {"uv": [0, 0.5, 1.5, 3.25], "texture": "#0"},
				"down": {"uv": [0, 3.75, 1.5, 6.5], "texture": "#0"}
			}
		},
		{
			"from": [5, 12.53936, 8.94788],
			"to": [6.5, 13.28936, 10.19788],
			"rotation": {"angle": -22.5, "axis": "x", "origin": [6, 12.91436, 9.57288]},
			"faces": {
				"north": {"uv": [14, 5.5, 15.5, 6.25], "texture": "#0"},
				"east": {"uv": [14, 5.5, 15.5, 6.25], "texture": "#0"},
				"south": {"uv": [14, 5.5, 15.5, 6.25], "texture": "#0"},
				"west": {"uv": [14, 5.5, 15.5, 6.25], "texture": "#0"},
				"up": {"uv": [14, 5.5, 15.5, 6.25], "texture": "#0"},
				"down": {"uv": [14, 5.5, 15.5, 6.25], "texture": "#0"}
			}
		},
		{
			"from": [9.25, 10.27007, 7.07665],
			"to": [11.25, 11.52007, 9.32665],
			"rotation": {"angle": 22.5, "axis": "x", "origin": [10.25, 10.89507, 7.70165]},
			"faces": {
				"north": {"uv": [14, 5, 16, 6.25], "rotation": 180, "texture": "#0"},
				"east": {"uv": [14, 5, 16, 6.25], "rotation": 180, "texture": "#0"},
				"south": {"uv": [14, 5, 16, 6.25], "rotation": 180, "texture": "#0"},
				"west": {"uv": [14, 5, 16, 6.25], "rotation": 180, "texture": "#0"},
				"up": {"uv": [14, 5, 16, 7.25], "rotation": 180, "texture": "#0"},
				"down": {"uv": [14, 5, 16, 6.25], "rotation": 180, "texture": "#0"}
			}
		},
		{
			"from": [9.5, 10.27007, 6.32665],
			"to": [11, 11.52007, 7.07665],
			"rotation": {"angle": 22.5, "axis": "x", "origin": [10.25, 10.89507, 7.70165]},
			"faces": {
				"north": {"uv": [13.5, 5.5, 15, 6.75], "rotation": 180, "texture": "#0"},
				"east": {"uv": [13.5, 5.5, 15, 6.75], "rotation": 180, "texture": "#0"},
				"south": {"uv": [13.5, 5.5, 15, 6.75], "rotation": 180, "texture": "#0"},
				"west": {"uv": [13.5, 5.5, 15, 6.75], "rotation": 180, "texture": "#0"},
				"up": {"uv": [13.5, 5.5, 15, 6.75], "rotation": 180, "texture": "#0"},
				"down": {"uv": [13.5, 5.5, 15, 6.75], "rotation": 180, "texture": "#0"}
			}
		},
		{
			"from": [9.5, 10.02007, 6.82665],
			"to": [11, 10.27007, 9.32665],
			"rotation": {"angle": 22.5, "axis": "x", "origin": [10.25, 10.89507, 7.70165]},
			"faces": {
				"north": {"uv": [0.5, 1, 2, 1.25], "rotation": 180, "texture": "#0"},
				"east": {"uv": [0.5, 1, 2, 1.25], "rotation": 180, "texture": "#0"},
				"south": {"uv": [0.5, 1, 2, 1.25], "rotation": 180, "texture": "#0"},
				"west": {"uv": [0.5, 1, 2, 1.25], "rotation": 180, "texture": "#0"},
				"up": {"uv": [0.5, 1, 2, 1.25], "rotation": 180, "texture": "#0"},
				"down": {"uv": [0.5, 1, 2, 3.5], "rotation": 180, "texture": "#0"}
			}
		},
		{
			"from": [9.5, 5.9609, 9.12072],
			"to": [11, 8.9609, 9.37072],
			"rotation": {"angle": -22.5, "axis": "x", "origin": [10.25, 8.2109, 6.99572]},
			"faces": {
				"north": {"uv": [0, 0.5, 1.5, 3.5], "texture": "#0"},
				"east": {"uv": [0, 0.5, 1.5, 3.5], "texture": "#0"},
				"south": {"uv": [0, 0.5, 1.5, 3.5], "texture": "#0"},
				"west": {"uv": [0, 0.5, 1.5, 3.5], "texture": "#0"},
				"up": {"uv": [0, 0.5, 1.5, 3.5], "texture": "#0"},
				"down": {"uv": [0, 0.5, 1.5, 3.5], "texture": "#0"}
			}
		},
		{
			"from": [9.25, 7, 9.5],
			"to": [11.25, 10.25, 10.75],
			"rotation": {"angle": -22.5, "axis": "x", "origin": [10, 8.625, 10.625]},
			"faces": {
				"north": {"uv": [14, 4, 16, 7.25], "texture": "#0"},
				"east": {"uv": [14, 4, 16, 7.25], "texture": "#0"},
				"south": {"uv": [14, 4, 16, 7.25], "texture": "#0"},
				"west": {"uv": [14, 4, 16, 7.25], "texture": "#0"},
				"up": {"uv": [14, 4, 16, 7.25], "texture": "#0"},
				"down": {"uv": [14, 4, 16, 7.25], "texture": "#0"}
			}
		},
		{
			"from": [9.75, 9.90354, 8.52191],
			"to": [10.75, 11.15354, 9.27191],
			"rotation": {"angle": -22.5, "axis": "x", "origin": [5.75, 11.52854, 10.14691]},
			"faces": {
				"north": {"uv": [3, 12.5, 4, 13.75], "texture": "#0"},
				"east": {"uv": [3, 12.5, 4, 13.75], "texture": "#0"},
				"south": {"uv": [3, 12.5, 4, 13.75], "texture": "#0"},
				"west": {"uv": [3, 12.5, 4, 13.75], "texture": "#0"},
				"up": {"uv": [3, 12.5, 4, 13.75], "texture": "#0"},
				"down": {"uv": [3, 12.5, 4, 13.75], "texture": "#0"}
			}
		},
		{
			"from": [8, 5.31051, 8.75447],
			"to": [8.25, 5.81051, 9.00447],
			"rotation": {"angle": 22.5, "axis": "x", "origin": [8, 5.13373, 8.82769]},
			"faces": {
				"north": {"uv": [10.5, 0, 10.75, 0.5], "texture": "#0"},
				"east": {"uv": [10.5, 0, 10.75, 0.5], "texture": "#0"},
				"south": {"uv": [10.5, 0, 10.75, 0.5], "texture": "#0"},
				"west": {"uv": [10.5, 0, 10.75, 0.5], "texture": "#0"},
				"up": {"uv": [10.5, 0, 10.75, 0.5], "texture": "#0"},
				"down": {"uv": [10.5, 0, 10.75, 0.5], "texture": "#0"}
			}
		},
		{
			"from": [8, 4.89194, 8.91384],
			"to": [8.25, 5.39194, 9.16384],
			"rotation": {"angle": -22.5, "axis": "x", "origin": [8.125, 5.14194, 9.03884]},
			"faces": {
				"north": {"uv": [10.5, 0, 10.75, 0.5], "texture": "#0"},
				"east": {"uv": [10.5, 0, 10.75, 0.5], "texture": "#0"},
				"south": {"uv": [10.5, 0, 10.75, 0.5], "texture": "#0"},
				"west": {"uv": [10.5, 0, 10.75, 0.5], "texture": "#0"},
				"up": {"uv": [10.5, 0, 10.75, 0.5], "texture": "#0"},
				"down": {"uv": [10.5, 0, 10.75, 0.5], "texture": "#0"}
			}
		},
		{
			"from": [8, 3.9588, 9],
			"to": [8.25, 4.9588, 9.25],
			"rotation": {"angle": 0, "axis": "x", "origin": [8.125, 5.7088, 9.125]},
			"faces": {
				"north": {"uv": [10.5, 0, 10.75, 1], "texture": "#0"},
				"east": {"uv": [10.5, 0, 10.75, 1], "texture": "#0"},
				"south": {"uv": [10.5, 0, 10.75, 1], "texture": "#0"},
				"west": {"uv": [10.5, 0, 10.75, 1], "texture": "#0"},
				"up": {"uv": [10.5, 0, 10.75, 1], "texture": "#0"},
				"down": {"uv": [10.5, 0, 10.75, 1], "texture": "#0"}
			}
		},
		{
			"from": [8.5, 5, 9.25],
			"to": [8.75, 6, 9.5],
			"rotation": {"angle": 0, "axis": "x", "origin": [9.375, 5.75, 9.375]},
			"faces": {
				"north": {"uv": [10.5, 0, 10.75, 1], "texture": "#0"},
				"east": {"uv": [10.5, 0, 10.75, 1], "texture": "#0"},
				"south": {"uv": [10.5, 0, 10.75, 1], "texture": "#0"},
				"west": {"uv": [10.5, 0, 10.75, 1], "texture": "#0"},
				"up": {"uv": [10.5, 0, 10.75, 1], "texture": "#0"},
				"down": {"uv": [10.5, 0, 10.75, 1], "texture": "#0"}
			}
		},
		{
			"from": [9, 5.2088, 9],
			"to": [9.25, 6.2088, 9.25],
			"rotation": {"angle": 0, "axis": "x", "origin": [8.125, 5.7088, 9.125]},
			"faces": {
				"north": {"uv": [10.5, 0, 10.75, 1], "texture": "#0"},
				"east": {"uv": [10.5, 0, 10.75, 1], "texture": "#0"},
				"south": {"uv": [10.5, 0, 10.75, 1], "texture": "#0"},
				"west": {"uv": [10.5, 0, 10.75, 1], "texture": "#0"},
				"up": {"uv": [10.5, 0, 10.75, 1], "texture": "#0"},
				"down": {"uv": [10.5, 0, 10.75, 1], "texture": "#0"}
			}
		},
		{
			"from": [8.81817, 4.2947, 9],
			"to": [9.06817, 5.2947, 9.25],
			"rotation": {"angle": -22.5, "axis": "z", "origin": [8.94317, 4.7947, 9.125]},
			"faces": {
				"north": {"uv": [10.5, 0, 10.75, 1], "texture": "#0"},
				"east": {"uv": [10.5, 0, 10.75, 1], "texture": "#0"},
				"south": {"uv": [10.5, 0, 10.75, 1], "texture": "#0"},
				"west": {"uv": [10.5, 0, 10.75, 1], "texture": "#0"},
				"up": {"uv": [10.5, 0, 10.75, 1], "texture": "#0"},
				"down": {"uv": [10.5, 0, 10.75, 1], "texture": "#0"}
			}
		},
		{
			"from": [8.81817, 3.46649, 9],
			"to": [9.06817, 4.46649, 9.25],
			"rotation": {"angle": 22.5, "axis": "z", "origin": [8.94317, 3.96649, 9.125]},
			"faces": {
				"north": {"uv": [10.5, 0, 10.75, 1], "texture": "#0"},
				"east": {"uv": [10.5, 0, 10.75, 1], "texture": "#0"},
				"south": {"uv": [10.5, 0, 10.75, 1], "texture": "#0"},
				"west": {"uv": [10.5, 0, 10.75, 1], "texture": "#0"},
				"up": {"uv": [10.5, 0, 10.75, 1], "texture": "#0"},
				"down": {"uv": [10.5, 0, 10.75, 1], "texture": "#0"}
			}
		},
		{
			"from": [8, 5.69134, 9],
			"to": [8.25, 6.44134, 9.25],
			"rotation": {"angle": 0, "axis": "y", "origin": [0, 0.19134, 0]},
			"faces": {
				"north": {"uv": [10.5, 0, 10.75, 0.75], "texture": "#0"},
				"east": {"uv": [10.5, 0, 10.75, 0.75], "texture": "#0"},
				"south": {"uv": [10.5, 0, 10.75, 0.75], "texture": "#0"},
				"west": {"uv": [10.5, 0, 10.75, 0.75], "texture": "#0"},
				"up": {"uv": [10.5, 0, 10.75, 0.75], "texture": "#0"},
				"down": {"uv": [10.5, 0, 10.75, 0.75], "texture": "#0"}
			}
		},
		{
			"from": [6.75, 5.25, 9.25],
			"to": [7, 6, 9.5],
			"rotation": {"angle": 0, "axis": "y", "origin": [-1.5, 0.25, 0]},
			"faces": {
				"north": {"uv": [10.5, 0, 10.75, 0.75], "texture": "#0"},
				"east": {"uv": [10.5, 0, 10.75, 0.75], "texture": "#0"},
				"south": {"uv": [10.5, 0, 10.75, 0.75], "texture": "#0"},
				"west": {"uv": [10.5, 0, 10.75, 0.75], "texture": "#0"},
				"up": {"uv": [10.5, 0, 10.75, 0.75], "texture": "#0"},
				"down": {"uv": [10.5, 0, 10.75, 0.75], "texture": "#0"}
			}
		},
		{
			"from": [6, 1, 10],
			"to": [10, 3.5, 10.25],
			"rotation": {"angle": 0, "axis": "y", "origin": [-1.5, 0.25, 0]},
			"faces": {
				"north": {"uv": [10.5, 0, 10.75, 0.75], "texture": "#0"},
				"east": {"uv": [10.5, 0, 10.75, 0.75], "texture": "#0"},
				"south": {"uv": [10.5, 0, 10.75, 0.75], "texture": "#0"},
				"west": {"uv": [10.5, 0, 10.75, 0.75], "texture": "#0"},
				"up": {"uv": [10.5, 0, 10.75, 0.75], "texture": "#0"},
				"down": {"uv": [10.5, 0, 10.75, 0.75], "texture": "#0"}
			}
		},
		{
			"from": [9.5, 5.25, 9.25],
			"to": [9.75, 6, 9.5],
			"rotation": {"angle": 0, "axis": "y", "origin": [-1.5, 0.25, 0]},
			"faces": {
				"north": {"uv": [10.5, 0, 10.75, 0.75], "texture": "#0"},
				"east": {"uv": [10.5, 0, 10.75, 0.75], "texture": "#0"},
				"south": {"uv": [10.5, 0, 10.75, 0.75], "texture": "#0"},
				"west": {"uv": [10.5, 0, 10.75, 0.75], "texture": "#0"},
				"up": {"uv": [10.5, 0, 10.75, 0.75], "texture": "#0"},
				"down": {"uv": [10.5, 0, 10.75, 0.75], "texture": "#0"}
			}
		},
		{
			"from": [7.5, 5.25, 9.25],
			"to": [7.75, 6, 9.5],
			"rotation": {"angle": 0, "axis": "y", "origin": [-1.5, 0.25, 0]},
			"faces": {
				"north": {"uv": [10.5, 0, 10.75, 0.75], "texture": "#0"},
				"east": {"uv": [10.5, 0, 10.75, 0.75], "texture": "#0"},
				"south": {"uv": [10.5, 0, 10.75, 0.75], "texture": "#0"},
				"west": {"uv": [10.5, 0, 10.75, 0.75], "texture": "#0"},
				"up": {"uv": [10.5, 0, 10.75, 0.75], "texture": "#0"},
				"down": {"uv": [10.5, 0, 10.75, 0.75], "texture": "#0"}
			}
		},
		{
			"from": [7.5, 4.57638, 9.38399],
			"to": [7.75, 5.32638, 9.63399],
			"rotation": {"angle": -22.5, "axis": "x", "origin": [7.625, 4.95138, 9.50899]},
			"faces": {
				"north": {"uv": [10.5, 0, 10.75, 0.75], "texture": "#0"},
				"east": {"uv": [10.5, 0, 10.75, 0.75], "texture": "#0"},
				"south": {"uv": [10.5, 0, 10.75, 0.75], "texture": "#0"},
				"west": {"uv": [10.5, 0, 10.75, 0.75], "texture": "#0"},
				"up": {"uv": [10.5, 0, 10.75, 0.75], "texture": "#0"},
				"down": {"uv": [10.5, 0, 10.75, 0.75], "texture": "#0"}
			}
		},
		{
			"from": [6.61601, 4.57638, 9.25],
			"to": [6.86601, 5.32638, 9.5],
			"rotation": {"angle": -22.5, "axis": "z", "origin": [6.74101, 4.95138, 9.375]},
			"faces": {
				"north": {"uv": [10.5, 0, 10.75, 0.75], "texture": "#0"},
				"east": {"uv": [10.5, 0, 10.75, 0.75], "texture": "#0"},
				"south": {"uv": [10.5, 0, 10.75, 0.75], "texture": "#0"},
				"west": {"uv": [10.5, 0, 10.75, 0.75], "texture": "#0"},
				"up": {"uv": [10.5, 0, 10.75, 0.75], "texture": "#0"},
				"down": {"uv": [10.5, 0, 10.75, 0.75], "texture": "#0"}
			}
		},
		{
			"from": [8.5, 4.32638, 9.38399],
			"to": [8.75, 5.07638, 9.63399],
			"rotation": {"angle": -22.5, "axis": "x", "origin": [8.625, 4.70138, 9.50899]},
			"faces": {
				"north": {"uv": [10.5, 0, 10.75, 0.75], "texture": "#0"},
				"east": {"uv": [10.5, 0, 10.75, 0.75], "texture": "#0"},
				"south": {"uv": [10.5, 0, 10.75, 0.75], "texture": "#0"},
				"west": {"uv": [10.5, 0, 10.75, 0.75], "texture": "#0"},
				"up": {"uv": [10.5, 0, 10.75, 0.75], "texture": "#0"},
				"down": {"uv": [10.5, 0, 10.75, 0.75], "texture": "#0"}
			}
		},
		{
			"from": [6.90302, 4.48071, 9.25],
			"to": [7.15302, 5.23071, 9.5],
			"rotation": {"angle": 22.5, "axis": "z", "origin": [7.02802, 4.85571, 9.375]},
			"faces": {
				"north": {"uv": [10.5, 0, 10.75, 0.75], "texture": "#0"},
				"east": {"uv": [10.5, 0, 10.75, 0.75], "texture": "#0"},
				"south": {"uv": [10.5, 0, 10.75, 0.75], "texture": "#0"},
				"west": {"uv": [10.5, 0, 10.75, 0.75], "texture": "#0"},
				"up": {"uv": [10.5, 0, 10.75, 0.75], "texture": "#0"},
				"down": {"uv": [10.5, 0, 10.75, 0.75], "texture": "#0"}
			}
		},
		{
			"from": [7.03701, 3.80709, 9.25],
			"to": [7.28701, 4.55709, 9.5],
			"rotation": {"angle": 0, "axis": "z", "origin": [7.16201, 4.18209, 9.375]},
			"faces": {
				"north": {"uv": [10.5, 0, 10.75, 0.75], "texture": "#0"},
				"east": {"uv": [10.5, 0, 10.75, 0.75], "texture": "#0"},
				"south": {"uv": [10.5, 0, 10.75, 0.75], "texture": "#0"},
				"west": {"uv": [10.5, 0, 10.75, 0.75], "texture": "#0"},
				"up": {"uv": [10.5, 0, 10.75, 0.75], "texture": "#0"},
				"down": {"uv": [10.5, 0, 10.75, 0.75], "texture": "#0"}
			}
		},
		{
			"from": [6.5, 0.25, 6.75],
			"to": [9.5, 1, 9.75],
			"faces": {
				"north": {"uv": [12, 0.5, 15, 1.25], "texture": "#0"},
				"east": {"uv": [12, 0.5, 15, 1.25], "texture": "#0"},
				"south": {"uv": [12, 0.5, 15, 1.25], "texture": "#0"},
				"west": {"uv": [12, 0.5, 15, 1.25], "texture": "#0"},
				"up": {"uv": [12, 0.5, 15, 1.25], "texture": "#0"},
				"down": {"uv": [12, 0.5, 15, 1.25], "texture": "#0"}
			}
		},
		{
			"from": [6.75, 1, 9.75],
			"to": [9.25, 3.25, 10],
			"faces": {
				"north": {"uv": [12, 0.5, 14.5, 2.75], "texture": "#0"},
				"east": {"uv": [12, 0.5, 14.5, 2.75], "texture": "#0"},
				"south": {"uv": [12, 0.5, 14.5, 2.75], "texture": "#0"},
				"west": {"uv": [12, 0.5, 14.5, 2.75], "texture": "#0"},
				"up": {"uv": [12, 0.5, 14.5, 2.75], "texture": "#0"},
				"down": {"uv": [12, 0.5, 14.5, 2.75], "texture": "#0"}
			}
		},
		{
			"from": [6, 3.25, 9.75],
			"to": [10, 6, 10],
			"faces": {
				"north": {"uv": [12, 0.5, 16, 3.25], "texture": "#0"},
				"east": {"uv": [12, 0.5, 16, 3.25], "texture": "#0"},
				"south": {"uv": [12, 0.5, 16, 3.25], "texture": "#0"},
				"west": {"uv": [12, 0.5, 16, 3.25], "texture": "#0"},
				"up": {"uv": [12, 0.5, 16, 3.25], "texture": "#0"},
				"down": {"uv": [12, 0.5, 16, 3.25], "texture": "#0"}
			}
		},
		{
			"from": [6.75, 1, 8],
			"to": [7, 1.25, 8.5],
			"faces": {
				"north": {"uv": [12, 0.5, 12.25, 0.75], "texture": "#0"},
				"east": {"uv": [12, 0.5, 12.25, 0.75], "texture": "#0"},
				"south": {"uv": [12, 0.5, 12.25, 0.75], "texture": "#0"},
				"west": {"uv": [12, 0.5, 12.25, 0.75], "texture": "#0"},
				"up": {"uv": [12, 0.5, 12.25, 0.75], "texture": "#0"},
				"down": {"uv": [12, 0.5, 12.25, 0.75], "texture": "#0"}
			}
		},
		{
			"from": [6.75, 1, 8.75],
			"to": [7, 1.25, 9.25],
			"faces": {
				"north": {"uv": [12, 0.5, 12.25, 0.75], "texture": "#0"},
				"east": {"uv": [12, 0.5, 12.25, 0.75], "texture": "#0"},
				"south": {"uv": [12, 0.5, 12.25, 0.75], "texture": "#0"},
				"west": {"uv": [12, 0.5, 12.25, 0.75], "texture": "#0"},
				"up": {"uv": [12, 0.5, 12.25, 0.75], "texture": "#0"},
				"down": {"uv": [12, 0.5, 12.25, 0.75], "texture": "#0"}
			}
		},
		{
			"from": [9, 1, 8.75],
			"to": [9.25, 1.25, 9.25],
			"faces": {
				"north": {"uv": [12, 0.5, 12.25, 0.75], "texture": "#0"},
				"east": {"uv": [12, 0.5, 12.25, 0.75], "texture": "#0"},
				"south": {"uv": [12, 0.5, 12.25, 0.75], "texture": "#0"},
				"west": {"uv": [12, 0.5, 12.25, 0.75], "texture": "#0"},
				"up": {"uv": [12, 0.5, 12.25, 0.75], "texture": "#0"},
				"down": {"uv": [12, 0.5, 12.25, 0.75], "texture": "#0"}
			}
		},
		{
			"from": [6.75, 1, 7.25],
			"to": [7, 1.25, 7.75],
			"faces": {
				"north": {"uv": [12, 0.5, 12.25, 0.75], "texture": "#0"},
				"east": {"uv": [12, 0.5, 12.25, 0.75], "texture": "#0"},
				"south": {"uv": [12, 0.5, 12.25, 0.75], "texture": "#0"},
				"west": {"uv": [12, 0.5, 12.25, 0.75], "texture": "#0"},
				"up": {"uv": [12, 0.5, 12.25, 0.75], "texture": "#0"},
				"down": {"uv": [12, 0.5, 12.25, 0.75], "texture": "#0"}
			}
		},
		{
			"from": [9, 1, 8],
			"to": [9.25, 1.25, 8.5],
			"faces": {
				"north": {"uv": [12, 0.5, 12.25, 0.75], "texture": "#0"},
				"east": {"uv": [12, 0.5, 12.25, 0.75], "texture": "#0"},
				"south": {"uv": [12, 0.5, 12.25, 0.75], "texture": "#0"},
				"west": {"uv": [12, 0.5, 12.25, 0.75], "texture": "#0"},
				"up": {"uv": [12, 0.5, 12.25, 0.75], "texture": "#0"},
				"down": {"uv": [12, 0.5, 12.25, 0.75], "texture": "#0"}
			}
		},
		{
			"from": [9, 1, 7.25],
			"to": [9.25, 1.25, 7.75],
			"faces": {
				"north": {"uv": [12, 0.5, 12.25, 0.75], "texture": "#0"},
				"east": {"uv": [12, 0.5, 12.25, 0.75], "texture": "#0"},
				"south": {"uv": [12, 0.5, 12.25, 0.75], "texture": "#0"},
				"west": {"uv": [12, 0.5, 12.25, 0.75], "texture": "#0"},
				"up": {"uv": [12, 0.5, 12.25, 0.75], "texture": "#0"},
				"down": {"uv": [12, 0.5, 12.25, 0.75], "texture": "#0"}
			}
		},
		{
			"from": [8.5, 1, 7],
			"to": [9, 1.25, 7.25],
			"faces": {
				"north": {"uv": [12, 0.5, 12.5, 0.75], "texture": "#0"},
				"east": {"uv": [12, 0.5, 12.5, 0.75], "texture": "#0"},
				"south": {"uv": [12, 0.5, 12.5, 0.75], "texture": "#0"},
				"west": {"uv": [12, 0.5, 12.5, 0.75], "texture": "#0"},
				"up": {"uv": [12, 0.5, 12.5, 0.75], "texture": "#0"},
				"down": {"uv": [12, 0.5, 12.5, 0.75], "texture": "#0"}
			}
		},
		{
			"from": [7, 1, 7],
			"to": [7.5, 1.25, 7.25],
			"faces": {
				"north": {"uv": [12, 0.5, 12.5, 0.75], "texture": "#0"},
				"east": {"uv": [12, 0.5, 12.5, 0.75], "texture": "#0"},
				"south": {"uv": [12, 0.5, 12.5, 0.75], "texture": "#0"},
				"west": {"uv": [12, 0.5, 12.5, 0.75], "texture": "#0"},
				"up": {"uv": [12, 0.5, 12.5, 0.75], "texture": "#0"},
				"down": {"uv": [12, 0.5, 12.5, 0.75], "texture": "#0"}
			}
		},
		{
			"from": [7.75, 1, 7],
			"to": [8.25, 1.25, 7.25],
			"faces": {
				"north": {"uv": [12, 0.5, 12.5, 0.75], "texture": "#0"},
				"east": {"uv": [12, 0.5, 12.5, 0.75], "texture": "#0"},
				"south": {"uv": [12, 0.5, 12.5, 0.75], "texture": "#0"},
				"west": {"uv": [12, 0.5, 12.5, 0.75], "texture": "#0"},
				"up": {"uv": [12, 0.5, 12.5, 0.75], "texture": "#0"},
				"down": {"uv": [12, 0.5, 12.5, 0.75], "texture": "#0"}
			}
		},
		{
			"from": [8.5, 3.75, 9.5],
			"to": [9.75, 5, 9.75],
			"faces": {
				"north": {"uv": [10.625, 0.125, 11.875, 1.375], "texture": "#0"},
				"east": {"uv": [10.625, 0.125, 11.875, 0.375], "texture": "#0"},
				"south": {"uv": [10.625, 0.125, 11.875, 0.375], "texture": "#0"},
				"west": {"uv": [10.625, 0.125, 11.875, 0.375], "texture": "#0"},
				"up": {"uv": [10.625, 0.125, 11.875, 0], "texture": "#0"},
				"down": {"uv": [10.625, 0.125, 11.875, 0.375], "texture": "#0"}
			}
		},
		{
			"from": [6.25, 3.75, 9.5],
			"to": [7.5, 5, 9.75],
			"faces": {
				"north": {"uv": [10.625, 0.125, 11.875, 1.375], "texture": "#0"},
				"east": {"uv": [10.625, 0.125, 11.875, 0.375], "texture": "#0"},
				"south": {"uv": [10.625, 0.125, 11.875, 0.375], "texture": "#0"},
				"west": {"uv": [10.625, 0.125, 11.875, 0.375], "texture": "#0"},
				"up": {"uv": [10.625, 0.125, 11.875, 0.375], "texture": "#0"},
				"down": {"uv": [10.625, 0.125, 11.875, 0.375], "texture": "#0"}
			}
		}
	],
	"display": {
		"head": {
			"translation": [0, 12.5, -0.5],
			"scale": [2.16, 2.16, 2.16]
		}
	},
	"groups": [
		{
			"name": "group",
			"origin": [8, 8, 8],
			"color": 0,
			"children": [
				{
					"name": "jaw teeth",
					"origin": [8, 8, 8],
					"color": 0,
					"children": [0, 1, 2, 3, 4, 5, 6, 7, 8, 9, 10, 11, 12, 13]
				},
				{
					"name": "head and endo",
					"origin": [8, 8, 8],
					"color": 0,
					"children": [
						14,
						15,
						16,
						17,
						18,
						{
							"name": "group",
							"origin": [8, 8, 8],
							"color": 0,
							"children": [19, 20, 21, 22, 23, 24, 25, 26, 27, 28, 29, 30, 31, 32, 33, 34, 35, 36]
						}
					]
				},
				{
					"name": "jaw",
					"origin": [0, 0, 0],
					"color": 0,
					"children": [37, 38, 39, 40, 41, 42]
				},
				{
					"name": "ear",
					"origin": [8, 8, 8],
					"color": 0,
					"children": [43, 44, 45, 46, 47, 48]
				},
				{
					"name": "ear2",
					"origin": [0, 0, 0],
					"color": 0,
					"children": [49, 50, 51, 52, 53, 54]
				},
				{
					"name": "wires",
					"origin": [8, 8, 8],
					"color": 0,
					"children": [55, 56, 57, 58, 59, 60, 61, 62, 63, 64, 65, 66, 67, 68, 69, 70, 71]
				},
				{
					"name": "endo",
					"origin": [8, 8, 8],
					"color": 0,
					"children": [
						72,
						73,
						74,
						{
							"name": "group",
							"origin": [8, 8, 8],
							"color": 0,
							"children": [75, 76, 77, 78, 79, 80, 81, 82, 83]
						},
						{
							"name": "group",
							"origin": [8, 8, 8],
							"color": 0,
							"children": [84, 85]
						}
					]
				}
			]
		}
	]
}