{
	"credit": "Made with Blockbench",
	"textures": {
		"0": "./pollos hermanos",
		"1": "./chicen",
		"particle": "./pollos hermanos"
	},
	"elements": [
		{
			"from": [5, 0, 8],
			"to": [11, 6, 11],
			"faces": {
				"north": {"uv": [0, 0, 6, 6], "texture": "#1"},
				"east": {"uv": [0, 0, 3, 6], "texture": "#1"},
				"south": {"uv": [0, 0, 6, 6], "texture": "#1"},
				"west": {"uv": [0, 0, 3, 6], "texture": "#1"},
				"up": {"uv": [0, 0, 6, 3], "texture": "#1"},
				"down": {"uv": [0, 0, 6, 3], "texture": "#1"}
			}
		},
		{
			"from": [5, 0, 5],
			"to": [5.25, 6, 8],
			"faces": {
				"north": {"uv": [0, 0, 0.25, 6], "texture": "#1"},
				"east": {"uv": [0, 0, 3, 6], "texture": "#1"},
				"south": {"uv": [0, 0, 0.25, 6], "texture": "#1"},
				"west": {"uv": [0, 0, 3, 6], "texture": "#1"},
				"up": {"uv": [0, 0, 0.25, 3], "texture": "#1"},
				"down": {"uv": [0, 0, 0.25, 3], "texture": "#1"}
			}
		},
		{
			"from": [10.75, 0, 5],
			"to": [11, 6, 8],
			"faces": {
				"north": {"uv": [0, 0, 0.25, 6], "texture": "#1"},
				"east": {"uv": [0, 0, 3, 6], "texture": "#1"},
				"south": {"uv": [0, 0, 0.25, 6], "texture": "#1"},
				"west": {"uv": [0, 0, 3, 6], "texture": "#1"},
				"up": {"uv": [0, 0, 0.25, 3], "texture": "#1"},
				"down": {"uv": [0, 0, 0.25, 3], "texture": "#1"}
			}
		},
		{
			"from": [11, 0.25, 5.5],
			"to": [11.25, 5.75, 10.5],
			"faces": {
				"north": {"uv": [0, 0, 0.25, 5.5], "texture": "#1"},
				"east": {"uv": [0, 0, 5, 5.5], "texture": "#1"},
				"south": {"uv": [0, 0, 0.25, 5.5], "texture": "#1"},
				"west": {"uv": [0, 0, 5, 5.5], "texture": "#1"},
				"up": {"uv": [0, 0, 0.25, 5], "texture": "#1"},
				"down": {"uv": [0, 0, 0.25, 5], "texture": "#1"}
			}
		},
		{
			"from": [4.75, 0.25, 5.5],
			"to": [5, 5.75, 10.5],
			"faces": {
				"north": {"uv": [0, 0, 0.25, 5.5], "texture": "#1"},
				"east": {"uv": [0, 0, 5, 5.5], "texture": "#1"},
				"south": {"uv": [0, 0, 0.25, 5.5], "texture": "#1"},
				"west": {"uv": [0, 0, 5, 5.5], "texture": "#1"},
				"up": {"uv": [0, 0, 0.25, 5], "texture": "#1"},
				"down": {"uv": [0, 0, 0.25, 5], "texture": "#1"}
			}
		},
		{
			"from": [5.25, 6, 5.5],
			"to": [10.75, 6.25, 10.5],
			"faces": {
				"north": {"uv": [0, 0, 0.25, 5.5], "rotation": 270, "texture": "#1"},
				"east": {"uv": [0, 0, 0.25, 5], "rotation": 90, "texture": "#1"},
				"south": {"uv": [0, 0, 0.25, 5.5], "rotation": 90, "texture": "#1"},
				"west": {"uv": [0, 0, 0.25, 5], "rotation": 90, "texture": "#1"},
				"up": {"uv": [0, 0, 5, 5.5], "rotation": 90, "texture": "#1"},
				"down": {"uv": [0, 0, 5, 5.5], "rotation": 90, "texture": "#1"}
			}
		},
		{
			"from": [5.25, 5.75, 5.25],
			"to": [10.75, 6, 7.25],
			"faces": {
				"north": {"uv": [0, 0, 0.25, 5.5], "rotation": 270, "texture": "#1"},
				"east": {"uv": [0, 0, 0.25, 2], "rotation": 90, "texture": "#1"},
				"south": {"uv": [0, 0, 0.25, 5.5], "rotation": 90, "texture": "#1"},
				"west": {"uv": [0, 0, 0.25, 2], "rotation": 90, "texture": "#1"},
				"up": {"uv": [0, 0, 2, 5.5], "rotation": 90, "texture": "#1"},
				"down": {"uv": [0, 0, 2, 5.5], "rotation": 90, "texture": "#1"}
			}
		},
		{
			"from": [5.25, 2, 5],
			"to": [10.75, 3, 5.25],
			"faces": {
				"north": {"uv": [0, 0, 5.5, 1], "texture": "#1"},
				"east": {"uv": [0, 0, 0.25, 1], "texture": "#1"},
				"south": {"uv": [0, 0, 5.5, 1], "texture": "#1"},
				"west": {"uv": [0, 0, 0.25, 1], "texture": "#1"},
				"up": {"uv": [0, 0, 5.5, 0.25], "texture": "#1"},
				"down": {"uv": [0, 0, 5.5, 0.25], "texture": "#1"}
			}
		},
		{
			"from": [5.25, 4.5, 5],
			"to": [10.75, 6, 5.25],
			"faces": {
				"north": {"uv": [0, 0, 5.5, 1.5], "texture": "#1"},
				"east": {"uv": [0, 0, 0.25, 1.5], "texture": "#1"},
				"south": {"uv": [0, 0, 5.5, 1.5], "texture": "#1"},
				"west": {"uv": [0, 0, 0.25, 1.5], "texture": "#1"},
				"up": {"uv": [0, 0, 5.5, 0.25], "texture": "#1"},
				"down": {"uv": [0, 0, 5.5, 0.25], "texture": "#1"}
			}
		},
		{
			"from": [6.75, 0, 5],
			"to": [9.25, 0.5, 5.25],
			"faces": {
				"north": {"uv": [0, 0, 2.5, 0.5], "texture": "#1"},
				"east": {"uv": [0, 0, 0.25, 0.5], "texture": "#1"},
				"south": {"uv": [0, 0, 2.5, 0.5], "texture": "#1"},
				"west": {"uv": [0, 0, 0.25, 0.5], "texture": "#1"},
				"up": {"uv": [0, 0, 2.5, 0.25], "texture": "#1"},
				"down": {"uv": [0, 0, 2.5, 0.25], "texture": "#1"}
			}
		},
		{
			"from": [9.25, 0, 5],
			"to": [10.75, 2, 5.25],
			"faces": {
				"north": {"uv": [0, 0, 1.5, 2], "texture": "#1"},
				"east": {"uv": [0, 0, 0.25, 2], "texture": "#1"},
				"south": {"uv": [0, 0, 1.5, 2], "texture": "#1"},
				"west": {"uv": [0, 0, 0.25, 2], "texture": "#1"},
				"up": {"uv": [0, 0, 1.5, 0.25], "texture": "#1"},
				"down": {"uv": [0, 0, 1.5, 0.25], "texture": "#1"}
			}
		},
		{
			"from": [5.25, 0, 5],
			"to": [6.75, 2, 5.25],
			"faces": {
				"north": {"uv": [0, 0, 1.5, 2], "texture": "#1"},
				"east": {"uv": [0, 0, 0.25, 2], "texture": "#1"},
				"south": {"uv": [0, 0, 1.5, 2], "texture": "#1"},
				"west": {"uv": [0, 0, 0.25, 2], "texture": "#1"},
				"up": {"uv": [0, 0, 1.5, 0.25], "texture": "#1"},
				"down": {"uv": [0, 0, 1.5, 0.25], "texture": "#1"}
			}
		},
		{
			"from": [7.25, 3, 5],
			"to": [8.75, 4.5, 5.25],
			"faces": {
				"north": {"uv": [0, 0, 1.5, 1.5], "texture": "#1"},
				"east": {"uv": [0, 0, 0.25, 1.5], "texture": "#1"},
				"south": {"uv": [0, 0, 1.5, 1.5], "texture": "#1"},
				"west": {"uv": [0, 0, 0.25, 1.5], "texture": "#1"},
				"up": {"uv": [0, 0, 1.5, 0.25], "texture": "#1"},
				"down": {"uv": [0, 0, 1.5, 0.25], "texture": "#1"}
			}
		},
		{
			"from": [10.25, 3, 5],
			"to": [10.75, 4.5, 5.25],
			"faces": {
				"north": {"uv": [0, 0, 0.5, 1.5], "texture": "#1"},
				"east": {"uv": [0, 0, 0.25, 1.5], "texture": "#1"},
				"south": {"uv": [0, 0, 0.5, 1.5], "texture": "#1"},
				"west": {"uv": [0, 0, 0.25, 1.5], "texture": "#1"},
				"up": {"uv": [0, 0, 0.5, 0.25], "texture": "#1"},
				"down": {"uv": [0, 0, 0.5, 0.25], "texture": "#1"}
			}
		},
		{
			"from": [5.25, 3, 5],
			"to": [5.75, 4.5, 5.25],
			"faces": {
				"north": {"uv": [0, 0, 0.5, 1.5], "texture": "#1"},
				"east": {"uv": [0, 0, 0.25, 1.5], "texture": "#1"},
				"south": {"uv": [0, 0, 0.5, 1.5], "texture": "#1"},
				"west": {"uv": [0, 0, 0.25, 1.5], "texture": "#1"},
				"up": {"uv": [0, 0, 0.5, 0.25], "texture": "#1"},
				"down": {"uv": [0, 0, 0.5, 0.25], "texture": "#1"}
			}
		},
		{
			"from": [7.25, 1.75, 3],
			"to": [8.75, 2.25, 3.5],
			"faces": {
				"north": {"uv": [0, 15.25, 1.5, 15.75], "texture": "#1"},
				"east": {"uv": [0, 15.25, 0.5, 15.75], "texture": "#1"},
				"south": {"uv": [0, 15.25, 1.5, 15.75], "texture": "#1"},
				"west": {"uv": [0.5, 15.25, 1, 15.75], "texture": "#1"},
				"up": {"uv": [0, 14.5, 1.5, 15], "texture": "#1"},
				"down": {"uv": [0, 14.5, 1.5, 15], "texture": "#1"}
			}
		},
		{
			"from": [7, 1.75, 3.5],
			"to": [9, 2.5, 5],
			"faces": {
				"north": {"uv": [0, 15.25, 2, 16], "texture": "#1"},
				"east": {"uv": [0, 15.25, 1.5, 16], "texture": "#1"},
				"south": {"uv": [0, 15.25, 2, 16], "texture": "#1"},
				"west": {"uv": [0.5, 15.25, 2, 16], "texture": "#1"},
				"up": {"uv": [0, 14.5, 2, 16], "texture": "#1"},
				"down": {"uv": [0, 14.5, 2, 16], "texture": "#1"}
			}
		},
		{
			"from": [7.5, 2, 3.75],
			"to": [8.5, 2.75, 5],
			"faces": {
				"north": {"uv": [0, 15.25, 1, 16], "texture": "#1"},
				"east": {"uv": [0, 15.25, 1.25, 16], "texture": "#1"},
				"south": {"uv": [0, 15.25, 1, 16], "texture": "#1"},
				"west": {"uv": [0.5, 15.25, 1.75, 16], "texture": "#1"},
				"up": {"uv": [0, 14.5, 1, 15.75], "texture": "#1"},
				"down": {"uv": [0, 14.5, 1, 15.75], "texture": "#1"}
			}
		},
		{
			"from": [8.5, 0.75, 4],
			"to": [8.75, 1, 4.25],
			"rotation": {"angle": -22.5, "axis": "x", "origin": [8, 0.375, 4.3125]},
			"faces": {
				"north": {"uv": [0, 9.5, 0.25, 9.75], "texture": "#0"},
				"east": {"uv": [0, 9.5, 0.25, 9.75], "texture": "#0"},
				"south": {"uv": [0, 9.5, 0.25, 9.75], "texture": "#0"},
				"west": {"uv": [0, 9.5, 0.25, 9.75], "texture": "#0"},
				"up": {"uv": [0, 9.5, 0.25, 9.75], "texture": "#0"},
				"down": {"uv": [0, 9.5, 0.25, 9.75], "texture": "#0"}
			}
		},
		{
			"from": [8.5, 0.75, 4.5],
			"to": [8.75, 1, 4.75],
			"rotation": {"angle": -22.5, "axis": "x", "origin": [8, 0.375, 4.3125]},
			"faces": {
				"north": {"uv": [0, 9.5, 0.25, 9.75], "texture": "#0"},
				"east": {"uv": [0, 9.5, 0.25, 9.75], "texture": "#0"},
				"south": {"uv": [0, 9.5, 0.25, 9.75], "texture": "#0"},
				"west": {"uv": [0, 9.5, 0.25, 9.75], "texture": "#0"},
				"up": {"uv": [0, 9.5, 0.25, 9.75], "texture": "#0"},
				"down": {"uv": [0, 9.5, 0.25, 9.75], "texture": "#0"}
			}
		},
		{
			"from": [8.5, 0.75, 5],
			"to": [8.75, 1, 5.25],
			"rotation": {"angle": -22.5, "axis": "x", "origin": [8, 0.375, 4.3125]},
			"faces": {
				"north": {"uv": [0, 9.5, 0.25, 9.75], "texture": "#0"},
				"east": {"uv": [0, 9.5, 0.25, 9.75], "texture": "#0"},
				"south": {"uv": [0, 9.5, 0.25, 9.75], "texture": "#0"},
				"west": {"uv": [0, 9.5, 0.25, 9.75], "texture": "#0"},
				"up": {"uv": [0, 9.5, 0.25, 9.75], "texture": "#0"},
				"down": {"uv": [0, 9.5, 0.25, 9.75], "texture": "#0"}
			}
		},
		{
			"from": [7.25, 0.75, 4],
			"to": [7.5, 1, 4.25],
			"rotation": {"angle": -22.5, "axis": "x", "origin": [8, 0.375, 4.3125]},
			"faces": {
				"north": {"uv": [0, 9.5, 0.25, 9.75], "texture": "#0"},
				"east": {"uv": [0, 9.5, 0.25, 9.75], "texture": "#0"},
				"south": {"uv": [0, 9.5, 0.25, 9.75], "texture": "#0"},
				"west": {"uv": [0, 9.5, 0.25, 9.75], "texture": "#0"},
				"up": {"uv": [0, 9.5, 0.25, 9.75], "texture": "#0"},
				"down": {"uv": [0, 9.5, 0.25, 9.75], "texture": "#0"}
			}
		},
		{
			"from": [7.5, 0.75, 3.75],
			"to": [7.75, 1, 4],
			"rotation": {"angle": -22.5, "axis": "x", "origin": [8, 0.375, 4.3125]},
			"faces": {
				"north": {"uv": [0, 9.5, 0.25, 9.75], "texture": "#0"},
				"east": {"uv": [0, 9.5, 0.25, 9.75], "texture": "#0"},
				"south": {"uv": [0, 9.5, 0.25, 9.75], "texture": "#0"},
				"west": {"uv": [0, 9.5, 0.25, 9.75], "texture": "#0"},
				"up": {"uv": [0, 9.5, 0.25, 9.75], "texture": "#0"},
				"down": {"uv": [0, 9.5, 0.25, 9.75], "texture": "#0"}
			}
		},
		{
			"from": [8.25, 0.75, 3.75],
			"to": [8.5, 1, 4],
			"rotation": {"angle": -22.5, "axis": "x", "origin": [8, 0.375, 4.3125]},
			"faces": {
				"north": {"uv": [0, 9.5, 0.25, 9.75], "texture": "#0"},
				"east": {"uv": [0, 9.5, 0.25, 9.75], "texture": "#0"},
				"south": {"uv": [0, 9.5, 0.25, 9.75], "texture": "#0"},
				"west": {"uv": [0, 9.5, 0.25, 9.75], "texture": "#0"},
				"up": {"uv": [0, 9.5, 0.25, 9.75], "texture": "#0"},
				"down": {"uv": [0, 9.5, 0.25, 9.75], "texture": "#0"}
			}
		},
		{
			"from": [7.25, 0.75, 4.5],
			"to": [7.5, 1, 4.75],
			"rotation": {"angle": -22.5, "axis": "x", "origin": [8, 0.375, 4.3125]},
			"faces": {
				"north": {"uv": [0, 9.5, 0.25, 9.75], "texture": "#0"},
				"east": {"uv": [0, 9.5, 0.25, 9.75], "texture": "#0"},
				"south": {"uv": [0, 9.5, 0.25, 9.75], "texture": "#0"},
				"west": {"uv": [0, 9.5, 0.25, 9.75], "texture": "#0"},
				"up": {"uv": [0, 9.5, 0.25, 9.75], "texture": "#0"},
				"down": {"uv": [0, 9.5, 0.25, 9.75], "texture": "#0"}
			}
		},
		{
			"from": [7.25, 0.75, 5],
			"to": [7.5, 1, 5.25],
			"rotation": {"angle": -22.5, "axis": "x", "origin": [8, 0.375, 4.3125]},
			"faces": {
				"north": {"uv": [0, 9.5, 0.25, 9.75], "texture": "#0"},
				"east": {"uv": [0, 9.5, 0.25, 9.75], "texture": "#0"},
				"south": {"uv": [0, 9.5, 0.25, 9.75], "texture": "#0"},
				"west": {"uv": [0, 9.5, 0.25, 9.75], "texture": "#0"},
				"up": {"uv": [0, 9.5, 0.25, 9.75], "texture": "#0"},
				"down": {"uv": [0, 9.5, 0.25, 9.75], "texture": "#0"}
			}
		},
		{
			"from": [7.5, 0, 4.25],
			"to": [8.5, 0.5, 5.5],
			"rotation": {"angle": -22.5, "axis": "x", "origin": [8, 0.375, 4.3125]},
			"faces": {
				"north": {"uv": [0, 15.5, 1, 16], "texture": "#1"},
				"east": {"uv": [0, 15.5, 1.25, 16], "texture": "#1"},
				"south": {"uv": [0, 15.5, 1, 16], "texture": "#1"},
				"west": {"uv": [0, 15.5, 1.25, 16], "texture": "#1"},
				"up": {"uv": [0, 14.5, 1, 15.75], "texture": "#1"},
				"down": {"uv": [0, 14.5, 1, 15.75], "texture": "#1"}
			}
		},
		{
			"from": [7.25, 0.5, 3.5],
			"to": [8.75, 0.75, 4],
			"rotation": {"angle": -22.5, "axis": "x", "origin": [8, 0.375, 4.3125]},
			"faces": {
				"north": {"uv": [0, 15.5, 1.5, 15.75], "texture": "#1"},
				"east": {"uv": [0, 15.5, 0.5, 15.75], "texture": "#1"},
				"south": {"uv": [0, 15.5, 1.5, 15.75], "texture": "#1"},
				"west": {"uv": [0, 15.5, 0.5, 15.75], "texture": "#1"},
				"up": {"uv": [0, 14.5, 1.5, 15], "texture": "#1"},
				"down": {"uv": [0, 14.5, 1.5, 15], "texture": "#1"}
			}
		},
		{
			"from": [7, 0.25, 4],
			"to": [9, 0.75, 5.5],
			"rotation": {"angle": -22.5, "axis": "x", "origin": [8, 0.375, 4.3125]},
			"faces": {
				"north": {"uv": [0, 15.5, 2, 16], "texture": "#1"},
				"east": {"uv": [0, 15.5, 1.5, 16], "texture": "#1"},
				"south": {"uv": [0, 15.5, 2, 16], "texture": "#1"},
				"west": {"uv": [0, 15.5, 1.5, 16], "texture": "#1"},
				"up": {"uv": [0, 14.5, 2, 16], "texture": "#1"},
				"down": {"uv": [0, 14.5, 2, 16], "texture": "#1"}
			}
		},
		{
			"from": [5.25, 0, 5.25],
			"to": [10.5, 3, 6.25],
			"faces": {
				"north": {"uv": [10.75, 13, 16, 16], "texture": "#1"},
				"east": {"uv": [10.75, 13, 16, 16], "texture": "#1"},
				"south": {"uv": [10.75, 13, 16, 16], "texture": "#1"},
				"west": {"uv": [10.75, 13, 16, 16], "texture": "#1"},
				"up": {"uv": [10.75, 13, 16, 16], "texture": "#1"},
				"down": {"uv": [10.75, 13, 16, 16], "texture": "#1"}
			}
		},
		{
			"from": [5.25, 2, 6.25],
			"to": [10.5, 5, 7.25],
			"faces": {
				"north": {"uv": [10.75, 13, 16, 16], "texture": "#1"},
				"east": {"uv": [10.75, 13, 16, 16], "texture": "#1"},
				"south": {"uv": [10.75, 13, 16, 16], "texture": "#1"},
				"west": {"uv": [10.75, 13, 16, 16], "texture": "#1"},
				"up": {"uv": [10.75, 13, 16, 16], "texture": "#1"},
				"down": {"uv": [10.75, 13, 16, 16], "texture": "#1"}
			}
		},
		{
			"from": [6, 3, 5.5],
			"to": [7, 4, 6.5],
			"faces": {
				"north": {"uv": [7.125, 1.125, 8.875, 2.875], "texture": "#1"},
				"east": {"uv": [7, 0, 8, 1], "texture": "#1"},
				"south": {"uv": [7, 0, 8, 1], "texture": "#1"},
				"west": {"uv": [7, 0, 8, 1], "texture": "#1"},
				"up": {"uv": [7, 0, 8, 1], "texture": "#1"},
				"down": {"uv": [7, 0, 8, 1], "texture": "#1"}
			}
		},
		{
			"from": [9, 3, 5.5],
			"to": [10, 4, 6.5],
			"faces": {
				"north": {"uv": [7.125, 1.125, 8.875, 2.875], "texture": "#1"},
				"east": {"uv": [7, 1, 8.75, 2.75], "texture": "#1"},
				"south": {"uv": [7, 1, 8.75, 2.75], "texture": "#1"},
				"west": {"uv": [7, 1, 8.75, 2.75], "texture": "#1"},
				"up": {"uv": [7, 1, 8.75, 2.75], "texture": "#1"},
				"down": {"uv": [7, 1, 8.75, 2.75], "texture": "#1"}
			}
		},
		{
			"from": [5.75, 3.75, 5.25],
			"to": [7.25, 4.5, 5.5],
			"faces": {
				"north": {"uv": [0, 6, 1.5, 6.5], "texture": "#1"},
				"east": {"uv": [0, 6, 1.5, 6.5], "texture": "#1"},
				"south": {"uv": [0, 6, 1.5, 6.5], "texture": "#1"},
				"west": {"uv": [0, 6, 1.5, 6.5], "texture": "#1"},
				"up": {"uv": [0, 6, 1.5, 6.5], "texture": "#1"},
				"down": {"uv": [0, 6, 1.5, 6.25], "texture": "#1"}
			}
		},
		{
			"from": [8.75, 3.75, 5.25],
			"to": [10.25, 4.5, 5.5],
			"faces": {
				"north": {"uv": [0, 6, 1.5, 6.5], "texture": "#1"},
				"east": {"uv": [0, 6, 1.5, 6.5], "texture": "#1"},
				"south": {"uv": [0, 6, 1.5, 6.5], "texture": "#1"},
				"west": {"uv": [0, 6, 1.5, 6.5], "texture": "#1"},
				"up": {"uv": [0, 6, 1.5, 6.5], "texture": "#1"},
				"down": {"uv": [0, 6, 1.5, 6.25], "texture": "#1"}
			}
		},
		{
			"from": [6.25, 6, 7.5],
			"to": [8.75, 6.25, 8.5],
			"rotation": {"angle": -45, "axis": "z", "origin": [7.75, 6.375, 8.75]},
			"faces": {
				"north": {"uv": [0, 0, 0.25, 2.5], "rotation": 90, "texture": "#1"},
				"east": {"uv": [0, 0, 0.25, 1], "rotation": 270, "texture": "#1"},
				"south": {"uv": [0, 0, 0.25, 2.5], "rotation": 90, "texture": "#1"},
				"west": {"uv": [0, 0, 0.25, 1], "rotation": 90, "texture": "#1"},
				"up": {"uv": [0, 0, 2.5, 1], "rotation": 180, "texture": "#1"},
				"down": {"uv": [0, 0, 2.5, 1], "texture": "#1"}
			}
		},
		{
			"from": [7.75, 5.375, 8.375],
			"to": [8.75, 7.875, 8.625],
			"rotation": {"angle": 45, "axis": "x", "origin": [7.75, 6.375, 8.75]},
			"faces": {
				"north": {"uv": [0, 0, 2.5, 1], "rotation": 270, "texture": "#1"},
				"east": {"uv": [0, 0, 0.25, 2.5], "rotation": 180, "texture": "#1"},
				"south": {"uv": [0, 0, 2.5, 1], "rotation": 90, "texture": "#1"},
				"west": {"uv": [0, 0, 0.25, 2.5], "texture": "#1"},
				"up": {"uv": [0, 0, 0.25, 1], "rotation": 90, "texture": "#1"},
				"down": {"uv": [0, 0, 0.25, 1], "rotation": 90, "texture": "#1"}
			}
		},
		{
			"from": [7.75, 6.90535, 9.80318],
			"to": [8.75, 7.15535, 11.05318],
			"rotation": {"angle": -22.5, "axis": "x", "origin": [7.75, 6.78035, 8.30318]},
			"faces": {
				"north": {"uv": [0, 0, 0.25, 1], "rotation": 270, "texture": "#1"},
				"east": {"uv": [0, 0, 0.25, 1.25], "rotation": 90, "texture": "#1"},
				"south": {"uv": [0, 0, 0.25, 1], "rotation": 90, "texture": "#1"},
				"west": {"uv": [0, 0, 0.25, 1.25], "rotation": 90, "texture": "#1"},
				"up": {"uv": [0, 0, 1.25, 1], "rotation": 90, "texture": "#1"},
				"down": {"uv": [0, 0, 1.25, 1], "rotation": 90, "texture": "#1"}
			}
		},
		{
			"from": [5.39827, 7.58514, 7.5],
			"to": [6.64827, 7.83514, 8.5],
			"rotation": {"angle": -22.5, "axis": "z", "origin": [5.39827, 7.71014, 8]},
			"faces": {
				"north": {"uv": [0, 0, 0.25, 1.25], "rotation": 90, "texture": "#1"},
				"east": {"uv": [0, 0, 0.25, 1], "rotation": 270, "texture": "#1"},
				"south": {"uv": [0, 0, 0.25, 1.25], "rotation": 90, "texture": "#1"},
				"west": {"uv": [0, 0, 0.25, 1], "rotation": 90, "texture": "#1"},
				"up": {"uv": [0, 0, 1.25, 1], "rotation": 180, "texture": "#1"},
				"down": {"uv": [0, 0, 1.25, 1], "texture": "#1"}
			}
		},
		{
			"from": [7.75, 6.75, 7.75],
			"to": [10.25, 7, 8.75],
			"rotation": {"angle": 45, "axis": "z", "origin": [9.75, 6.375, 8.75]},
			"faces": {
				"north": {"uv": [0, 0, 0.25, 2.5], "rotation": 90, "texture": "#1"},
				"east": {"uv": [0, 0, 0.25, 1], "rotation": 90, "texture": "#1"},
				"south": {"uv": [0, 0, 0.25, 2.5], "rotation": 90, "texture": "#1"},
				"west": {"uv": [0, 0, 0.25, 1], "rotation": 270, "texture": "#1"},
				"up": {"uv": [0, 0, 2.5, 1], "texture": "#1"},
				"down": {"uv": [0, 0, 2.5, 1], "rotation": 180, "texture": "#1"}
			}
		},
		{
			"from": [9.6143, 7.40836, 7.75],
			"to": [10.8643, 7.65836, 8.75],
			"rotation": {"angle": 22.5, "axis": "z", "origin": [10.8643, 7.53336, 9.5]},
			"faces": {
				"north": {"uv": [0, 0, 0.25, 1.25], "rotation": 90, "texture": "#1"},
				"east": {"uv": [0, 0, 0.25, 1], "rotation": 90, "texture": "#1"},
				"south": {"uv": [0, 0, 0.25, 1.25], "rotation": 90, "texture": "#1"},
				"west": {"uv": [0, 0, 0.25, 1], "rotation": 270, "texture": "#1"},
				"up": {"uv": [0, 0, 1.25, 1], "texture": "#1"},
				"down": {"uv": [0, 0, 1.25, 1], "rotation": 180, "texture": "#1"}
			}
		},
		{
			"from": [5.25, 1.75, 4.75],
			"to": [6.25, 2.75, 5],
			"faces": {
				"north": {"uv": [15, 0, 16, 1], "texture": "#1"},
				"east": {"uv": [15, 0, 16, 1], "texture": "#1"},
				"south": {"uv": [15, 0, 16, 1], "texture": "#1"},
				"west": {"uv": [15, 0, 16, 1], "texture": "#1"},
				"up": {"uv": [15, 0, 16, 1], "texture": "#1"},
				"down": {"uv": [15, 0, 16, 1], "texture": "#1"}
			}
		},
		{
			"from": [9.5, 1.75, 4.75],
			"to": [10.5, 2.75, 5],
			"faces": {
				"north": {"uv": [15, 0, 16, 1], "texture": "#1"},
				"east": {"uv": [15, 0, 16, 1], "texture": "#1"},
				"south": {"uv": [15, 0, 16, 1], "texture": "#1"},
				"west": {"uv": [15, 0, 16, 1], "texture": "#1"},
				"up": {"uv": [15, 0, 16, 1], "texture": "#1"},
				"down": {"uv": [15, 0, 16, 1], "texture": "#1"}
			}
		}
	],
	"display": {
		"head": {
			"translation": [0, 12.25, 0],
			"scale": [2.21, 2.21, 2.21]
		}
	},
	"groups": [
		{
			"name": "group",
			"origin": [0, 0, 0],
			"color": 0,
			"nbt": "{}",
			"armAnimationEnabled": false,
			"children": [0, 1, 2, 3, 4, 5, 6, 7, 8, 9, 10, 11, 12, 13, 14]
		},
		{
			"name": "group",
			"origin": [8, 8, 8],
			"color": 0,
			"nbt": "{}",
			"armAnimationEnabled": false,
			"children": [15, 16, 17]
		},
		{
			"name": "group",
			"origin": [8, 8, 8],
			"color": 0,
			"nbt": "{}",
			"armAnimationEnabled": false,
			"children": [
				18,
				19,
				20,
				{
					"name": "group",
					"origin": [8, 8, 8],
					"color": 0,
					"nbt": "{}",
					"armAnimationEnabled": false,
					"children": [21, 22, 23, 24, 25]
				}
			]
		},
		{
			"name": "group",
			"origin": [8, 8, 8],
			"color": 0,
			"nbt": "{}",
			"armAnimationEnabled": false,
			"children": [26, 27, 28]
		},
		{
			"name": "group",
			"origin": [8, 8, 8],
			"color": 0,
			"nbt": "{}",
			"armAnimationEnabled": false,
			"children": [29, 30]
		},
		{
			"name": "group",
			"origin": [8, 8, 8],
			"color": 0,
			"nbt": "{}",
			"armAnimationEnabled": false,
			"children": [31, 32]
		},
		{
			"name": "group",
			"origin": [8, 8, 8],
			"color": 0,
			"nbt": "{}",
			"armAnimationEnabled": false,
			"children": [33, 34]
		},
		{
			"name": "group",
			"origin": [0, 0, 0],
			"color": 0,
			"nbt": "{}",
			"armAnimationEnabled": false,
			"children": [35, 36, 37, 38]
		},
		{
			"name": "group",
			"origin": [0, 0, 0],
			"color": 0,
			"nbt": "{}",
			"armAnimationEnabled": false,
			"children": [39, 40]
		},
		{
			"name": "group",
			"origin": [0, 0, 0],
			"color": 0,
			"nbt": "{}",
			"armAnimationEnabled": false,
			"children": [41, 42]
		}
	]
}