{
	"credit": "Made with Blockbench",
	"textures": {
		"0": "./fredbear",
		"particle": "./fredbear"
	},
	"elements": [
		{
			"from": [5, 2.5, 4],
			"to": [5.5, 7.75, 10],
			"faces": {
				"north": {"uv": [0, 0, 0.5, 5.25], "texture": "#0"},
				"east": {"uv": [0, 0, 6, 5.25], "texture": "#0"},
				"south": {"uv": [0, 0, 0.5, 5.25], "texture": "#0"},
				"west": {"uv": [0, 0, 6, 5.25], "texture": "#0"},
				"up": {"uv": [0, 0, 0.5, 6], "texture": "#0"},
				"down": {"uv": [0, 0, 0.5, 6], "texture": "#0"}
			}
		},
		{
			"from": [4.25, 2.5, 4.25],
			"to": [5, 4, 9.75],
			"faces": {
				"north": {"uv": [0, 0, 0.75, 1.5], "texture": "#0"},
				"east": {"uv": [0, 0, 5.5, 1.5], "texture": "#0"},
				"south": {"uv": [0, 0, 0.75, 1.5], "texture": "#0"},
				"west": {"uv": [0, 0, 5.5, 1.5], "texture": "#0"},
				"up": {"uv": [0, 0, 0.75, 5.5], "texture": "#0"},
				"down": {"uv": [0, 0, 0.75, 5.5], "texture": "#0"}
			}
		},
		{
			"from": [11, 2.5, 4.25],
			"to": [11.75, 4, 9.75],
			"faces": {
				"north": {"uv": [0, 0, 0.75, 1.5], "texture": "#0"},
				"east": {"uv": [0, 0, 5.5, 1.5], "texture": "#0"},
				"south": {"uv": [0, 0, 0.75, 1.5], "texture": "#0"},
				"west": {"uv": [0, 0, 5.5, 1.5], "texture": "#0"},
				"up": {"uv": [0, 0, 0.75, 5.5], "texture": "#0"},
				"down": {"uv": [0, 0, 0.75, 5.5], "texture": "#0"}
			}
		},
		{
			"from": [10.5, 2.5, 4],
			"to": [11, 7.75, 10],
			"faces": {
				"north": {"uv": [0, 0, 0.5, 5.25], "texture": "#0"},
				"east": {"uv": [0, 0, 6, 5.25], "texture": "#0"},
				"south": {"uv": [0, 0, 0.5, 5.25], "texture": "#0"},
				"west": {"uv": [0, 0, 6, 5.25], "texture": "#0"},
				"up": {"uv": [0, 0, 0.5, 6], "texture": "#0"},
				"down": {"uv": [0, 0, 0.5, 6], "texture": "#0"}
			}
		},
		{
			"from": [5.5, 2.5, 9],
			"to": [10.5, 7.75, 10],
			"faces": {
				"north": {"uv": [0, 0, 5, 5.25], "texture": "#0"},
				"east": {"uv": [0, 0, 1, 5.25], "texture": "#0"},
				"south": {"uv": [0, 0, 5, 5.25], "texture": "#0"},
				"west": {"uv": [0, 0, 1, 5.25], "texture": "#0"},
				"up": {"uv": [0, 0, 5, 1], "texture": "#0"},
				"down": {"uv": [0, 0, 5, 1], "texture": "#0"}
			}
		},
		{
			"from": [5.5, 2.5, 4],
			"to": [10.5, 4, 4.5],
			"faces": {
				"north": {"uv": [0, 0, 5, 1.5], "texture": "#0"},
				"east": {"uv": [0, 0, 0.5, 1.5], "texture": "#0"},
				"south": {"uv": [0, 0, 5, 1.5], "texture": "#0"},
				"west": {"uv": [0, 0, 0.5, 1.5], "texture": "#0"},
				"up": {"uv": [0, 0, 5, 0.5], "texture": "#0"},
				"down": {"uv": [0, 0, 5, 0.5], "texture": "#0"}
			}
		},
		{
			"from": [5.5, 5.75, 4],
			"to": [10.5, 7.75, 4.5],
			"faces": {
				"north": {"uv": [0, 0, 5, 2], "texture": "#0"},
				"east": {"uv": [0, 0, 0.5, 2], "texture": "#0"},
				"south": {"uv": [0, 0, 5, 2], "texture": "#0"},
				"west": {"uv": [0, 0, 0.5, 2], "texture": "#0"},
				"up": {"uv": [0, 0, 5, 0.5], "texture": "#0"},
				"down": {"uv": [0, 0, 5, 0.5], "texture": "#0"}
			}
		},
		{
			"from": [10.25, 4, 4],
			"to": [10.5, 5.75, 4.5],
			"faces": {
				"north": {"uv": [0, 0, 0.25, 1.75], "texture": "#0"},
				"east": {"uv": [0, 0, 0.5, 1.75], "texture": "#0"},
				"south": {"uv": [0, 0, 0.25, 1.75], "texture": "#0"},
				"west": {"uv": [0, 0, 0.5, 1.75], "texture": "#0"},
				"up": {"uv": [0, 0, 0.25, 0.5], "texture": "#0"},
				"down": {"uv": [0, 0, 0.25, 0.5], "texture": "#0"}
			}
		},
		{
			"from": [5.5, 4, 4],
			"to": [5.75, 5.75, 4.5],
			"faces": {
				"north": {"uv": [0, 0, 0.25, 1.75], "texture": "#0"},
				"east": {"uv": [0, 0, 0.5, 1.75], "texture": "#0"},
				"south": {"uv": [0, 0, 0.25, 1.75], "texture": "#0"},
				"west": {"uv": [0, 0, 0.5, 1.75], "texture": "#0"},
				"up": {"uv": [0, 0, 0.25, 0.5], "texture": "#0"},
				"down": {"uv": [0, 0, 0.25, 0.5], "texture": "#0"}
			}
		},
		{
			"from": [7.5, 4, 4],
			"to": [8.5, 5.75, 4.5],
			"faces": {
				"north": {"uv": [0, 0, 1, 1.75], "texture": "#0"},
				"east": {"uv": [0, 0, 0.5, 1.75], "texture": "#0"},
				"south": {"uv": [0, 0, 1, 1.75], "texture": "#0"},
				"west": {"uv": [0, 0, 0.5, 1.75], "texture": "#0"},
				"up": {"uv": [0, 0, 1, 0.5], "texture": "#0"},
				"down": {"uv": [0, 0, 1, 0.5], "texture": "#0"}
			}
		},
		{
			"from": [5.5, 7.25, 4.5],
			"to": [10.5, 7.75, 9],
			"faces": {
				"north": {"uv": [0, 0, 5, 0.5], "texture": "#0"},
				"east": {"uv": [0, 0, 4.5, 0.5], "texture": "#0"},
				"south": {"uv": [0, 0, 5, 0.5], "texture": "#0"},
				"west": {"uv": [0, 0, 4.5, 0.5], "texture": "#0"},
				"up": {"uv": [0, 0, 5, 4.5], "texture": "#0"},
				"down": {"uv": [0, 0, 5, 4.5], "texture": "#0"}
			}
		},
		{
			"from": [5.5, 2.5, 3],
			"to": [10.5, 4, 4],
			"faces": {
				"north": {"uv": [0, 14.5, 5, 16], "texture": "#0"},
				"east": {"uv": [0, 14.5, 1, 16], "texture": "#0"},
				"south": {"uv": [0, 14.5, 5, 16], "texture": "#0"},
				"west": {"uv": [0, 14.5, 1, 16], "texture": "#0"},
				"up": {"uv": [0, 15, 5, 16], "texture": "#0"},
				"down": {"uv": [0, 15, 5, 16], "texture": "#0"}
			}
		},
		{
			"from": [7, 2, 3.5],
			"to": [7.75, 2.5, 4],
			"faces": {
				"north": {"uv": [15.25, 0, 16, 0.5], "texture": "#0"},
				"east": {"uv": [15.25, 0, 16, 0.5], "texture": "#0"},
				"south": {"uv": [15.25, 0, 16, 0.5], "texture": "#0"},
				"west": {"uv": [15.25, 0, 16, 0.5], "texture": "#0"},
				"up": {"uv": [15.25, 0, 16, 0.5], "texture": "#0"},
				"down": {"uv": [15.25, 0, 16, 0.5], "texture": "#0"}
			}
		},
		{
			"from": [8.25, 2, 3.5],
			"to": [9, 2.5, 4],
			"faces": {
				"north": {"uv": [15.25, 0, 16, 0.5], "texture": "#0"},
				"east": {"uv": [15.25, 0, 16, 0.5], "texture": "#0"},
				"south": {"uv": [15.25, 0, 16, 0.5], "texture": "#0"},
				"west": {"uv": [15.25, 0, 16, 0.5], "texture": "#0"},
				"up": {"uv": [15.25, 0, 16, 0.5], "texture": "#0"},
				"down": {"uv": [15.25, 0, 16, 0.5], "texture": "#0"}
			}
		},
		{
			"from": [9.5, 2, 3.5],
			"to": [10.25, 2.5, 4],
			"faces": {
				"north": {"uv": [15.25, 0, 16, 0.5], "texture": "#0"},
				"east": {"uv": [15.25, 0, 16, 0.5], "texture": "#0"},
				"south": {"uv": [15.25, 0, 16, 0.5], "texture": "#0"},
				"west": {"uv": [15.25, 0, 16, 0.5], "texture": "#0"},
				"up": {"uv": [15.25, 0, 16, 0.5], "texture": "#0"},
				"down": {"uv": [15.25, 0, 16, 0.5], "texture": "#0"}
			}
		},
		{
			"from": [5.75, 2, 3.5],
			"to": [6.5, 2.5, 4],
			"faces": {
				"north": {"uv": [15.25, 0, 16, 0.5], "texture": "#0"},
				"east": {"uv": [15.25, 0, 16, 0.5], "texture": "#0"},
				"south": {"uv": [15.25, 0, 16, 0.5], "texture": "#0"},
				"west": {"uv": [15.25, 0, 16, 0.5], "texture": "#0"},
				"up": {"uv": [15.25, 0, 16, 0.5], "texture": "#0"},
				"down": {"uv": [15.25, 0, 16, 0.5], "texture": "#0"}
			}
		},
		{
			"from": [4.5, 2, 4.75],
			"to": [5, 2.5, 5.5],
			"faces": {
				"north": {"uv": [15.25, 0, 15.75, 0.5], "texture": "#0"},
				"east": {"uv": [15.25, 0, 15.75, 0.5], "texture": "#0"},
				"south": {"uv": [15.25, 0, 15.75, 0.5], "texture": "#0"},
				"west": {"uv": [15.25, 0, 15.75, 0.5], "texture": "#0"},
				"up": {"uv": [15.25, 0, 15.75, 0.5], "texture": "#0"},
				"down": {"uv": [15.25, 0, 15.75, 0.5], "texture": "#0"}
			}
		},
		{
			"from": [11, 2, 4.75],
			"to": [11.5, 2.5, 5.5],
			"faces": {
				"north": {"uv": [15.25, 0, 15.75, 0.5], "texture": "#0"},
				"east": {"uv": [15.25, 0, 15.75, 0.5], "texture": "#0"},
				"south": {"uv": [15.25, 0, 15.75, 0.5], "texture": "#0"},
				"west": {"uv": [15.25, 0, 15.75, 0.5], "texture": "#0"},
				"up": {"uv": [15.25, 0, 15.75, 0.5], "texture": "#0"},
				"down": {"uv": [15.25, 0, 15.75, 0.5], "texture": "#0"}
			}
		},
		{
			"from": [11, 2, 6],
			"to": [11.5, 2.5, 6.75],
			"faces": {
				"north": {"uv": [15.25, 0, 15.75, 0.5], "texture": "#0"},
				"east": {"uv": [15.25, 0, 15.75, 0.5], "texture": "#0"},
				"south": {"uv": [15.25, 0, 15.75, 0.5], "texture": "#0"},
				"west": {"uv": [15.25, 0, 15.75, 0.5], "texture": "#0"},
				"up": {"uv": [15.25, 0, 15.75, 0.5], "texture": "#0"},
				"down": {"uv": [15.25, 0, 15.75, 0.5], "texture": "#0"}
			}
		},
		{
			"from": [4.5, 2, 6],
			"to": [5, 2.5, 6.75],
			"faces": {
				"north": {"uv": [15.25, 0, 15.75, 0.5], "texture": "#0"},
				"east": {"uv": [15.25, 0, 15.75, 0.5], "texture": "#0"},
				"south": {"uv": [15.25, 0, 15.75, 0.5], "texture": "#0"},
				"west": {"uv": [15.25, 0, 15.75, 0.5], "texture": "#0"},
				"up": {"uv": [15.25, 0, 15.75, 0.5], "texture": "#0"},
				"down": {"uv": [15.25, 0, 15.75, 0.5], "texture": "#0"}
			}
		},
		{
			"from": [7.5, 3.75, 2.75],
			"to": [8.5, 4.25, 3.5],
			"faces": {
				"north": {"uv": [14.25, 16, 15.25, 15.5], "texture": "#0"},
				"east": {"uv": [14.25, 16, 15.25, 15.5], "texture": "#0"},
				"south": {"uv": [14.25, 16, 15.25, 15.5], "texture": "#0"},
				"west": {"uv": [14.25, 16, 15.25, 15.5], "texture": "#0"},
				"up": {"uv": [14.25, 16, 15.25, 15.5], "texture": "#0"},
				"down": {"uv": [14.25, 16, 15.25, 15.5], "texture": "#0"}
			}
		},
		{
			"from": [5.75, 6, 3.75],
			"to": [7.5, 6.25, 4],
			"faces": {
				"north": {"uv": [14.25, 16, 16, 15.75], "texture": "#0"},
				"east": {"uv": [14.25, 16, 16, 15.75], "texture": "#0"},
				"south": {"uv": [14.25, 16, 16, 15.75], "texture": "#0"},
				"west": {"uv": [14.25, 16, 16, 15.75], "texture": "#0"},
				"up": {"uv": [14.25, 16, 16, 15.75], "texture": "#0"},
				"down": {"uv": [14.25, 16, 16, 15.75], "texture": "#0"}
			}
		},
		{
			"from": [8.5, 6, 3.75],
			"to": [10.25, 6.25, 4],
			"faces": {
				"north": {"uv": [14.25, 16, 16, 15.75], "texture": "#0"},
				"east": {"uv": [14.25, 16, 16, 15.75], "texture": "#0"},
				"south": {"uv": [14.25, 16, 16, 15.75], "texture": "#0"},
				"west": {"uv": [14.25, 16, 16, 15.75], "texture": "#0"},
				"up": {"uv": [14.25, 16, 16, 15.75], "texture": "#0"},
				"down": {"uv": [14.25, 16, 16, 15.75], "texture": "#0"}
			}
		},
		{
			"from": [5.75, 5, 4.25],
			"to": [10.25, 6, 4.5],
			"faces": {
				"north": {"uv": [0, 15, 4.5, 16], "texture": "#0"},
				"east": {"uv": [0, 0, 0.25, 1], "texture": "#0"},
				"south": {"uv": [0, 0, 4.5, 1], "texture": "#0"},
				"west": {"uv": [0, 0, 0.25, 1], "texture": "#0"},
				"up": {"uv": [0, 0, 4.5, 0.25], "texture": "#0"},
				"down": {"uv": [0, 15.5, 4.5, 15.75], "texture": "#0"}
			}
		},
		{
			"from": [9.75, 12, 7],
			"to": [10.5, 13.25, 7.5],
			"rotation": {"angle": -45, "axis": "z", "origin": [4.5625, 9.3125, 7.25]},
			"faces": {
				"north": {"uv": [0, 6, 0.75, 7.25], "texture": "#0"},
				"east": {"uv": [0, 6, 0.75, 7.25], "texture": "#0"},
				"south": {"uv": [0, 6, 0.75, 7.25], "texture": "#0"},
				"west": {"uv": [0, 6, 0.75, 7.25], "texture": "#0"},
				"up": {"uv": [0, 6, 0.75, 7.25], "texture": "#0"},
				"down": {"uv": [0, 6, 0.75, 7.25], "texture": "#0"}
			}
		},
		{
			"from": [9.5, 13.25, 6.75],
			"to": [11, 14.75, 7.75],
			"rotation": {"angle": -45, "axis": "z", "origin": [4.5625, 9.3125, 7.25]},
			"faces": {
				"north": {"uv": [0, 0, 1.5, 1.5], "texture": "#0"},
				"east": {"uv": [0, 0, 1, 1.5], "texture": "#0"},
				"south": {"uv": [0, 0, 1.5, 1.5], "texture": "#0"},
				"west": {"uv": [0, 0, 1, 1.5], "texture": "#0"},
				"up": {"uv": [0, 0, 1.5, 1], "texture": "#0"},
				"down": {"uv": [0, 0, 1.5, 1], "texture": "#0"}
			}
		},
		{
			"from": [3.5, 7.25, 7],
			"to": [4.25, 8.5, 7.5],
			"rotation": {"angle": 45, "axis": "z", "origin": [4.5625, 9.3125, 7.25]},
			"faces": {
				"north": {"uv": [0, 6, 0.75, 7.25], "texture": "#0"},
				"east": {"uv": [0, 6, 0.75, 7.25], "texture": "#0"},
				"south": {"uv": [0, 6, 0.75, 7.25], "texture": "#0"},
				"west": {"uv": [0, 6, 0.75, 7.25], "texture": "#0"},
				"up": {"uv": [0, 6, 0.75, 7.25], "texture": "#0"},
				"down": {"uv": [0, 6, 0.75, 7.25], "texture": "#0"}
			}
		},
		{
			"from": [3, 8.5, 6.75],
			"to": [4.5, 10, 7.75],
			"rotation": {"angle": 45, "axis": "z", "origin": [4.5625, 9.3125, 7.25]},
			"faces": {
				"north": {"uv": [0, 0, 1.5, 1.5], "texture": "#0"},
				"east": {"uv": [0, 0, 1, 1.5], "texture": "#0"},
				"south": {"uv": [0, 0, 1.5, 1.5], "texture": "#0"},
				"west": {"uv": [0, 0, 1, 1.5], "texture": "#0"},
				"up": {"uv": [0, 0, 1.5, 1], "texture": "#0"},
				"down": {"uv": [0, 0, 1.5, 1], "texture": "#0"}
			}
		},
		{
			"from": [5, 1, 7.75],
			"to": [5.5, 2.5, 8.75],
			"faces": {
				"north": {"uv": [6, 6.5, 6.5, 8], "texture": "#0"},
				"east": {"uv": [6, 6.5, 7, 8], "texture": "#0"},
				"south": {"uv": [6.5, 6.5, 7, 8], "texture": "#0"},
				"west": {"uv": [6.5, 6.5, 7.5, 8], "texture": "#0"},
				"up": {"uv": [7, 6.5, 7.5, 7.5], "texture": "#0"},
				"down": {"uv": [7, 7, 7.5, 8], "texture": "#0"}
			}
		},
		{
			"from": [6, 1, 7.75],
			"to": [6.5, 5.5, 8.75],
			"faces": {
				"north": {"uv": [6, 6.5, 6.5, 11], "texture": "#0"},
				"east": {"uv": [6, 6.5, 7, 11], "texture": "#0"},
				"south": {"uv": [6.5, 6.5, 7, 11], "texture": "#0"},
				"west": {"uv": [6.5, 6.5, 7.5, 11], "texture": "#0"},
				"up": {"uv": [7, 6.5, 7.5, 7.5], "texture": "#0"},
				"down": {"uv": [7, 7, 7.5, 8], "texture": "#0"}
			}
		},
		{
			"from": [9.5, 1, 7.75],
			"to": [10, 5.5, 8.75],
			"faces": {
				"north": {"uv": [6, 6.5, 6.5, 11], "texture": "#0"},
				"east": {"uv": [6, 6.5, 7, 11], "texture": "#0"},
				"south": {"uv": [6.5, 6.5, 7, 11], "texture": "#0"},
				"west": {"uv": [6.5, 6.5, 7.5, 11], "texture": "#0"},
				"up": {"uv": [7, 6.5, 7.5, 7.5], "texture": "#0"},
				"down": {"uv": [7, 7, 7.5, 8], "texture": "#0"}
			}
		},
		{
			"from": [10.5, 1, 7.75],
			"to": [11, 2.5, 8.75],
			"faces": {
				"north": {"uv": [6, 6.5, 6.5, 8], "texture": "#0"},
				"east": {"uv": [6, 6.5, 7, 8], "texture": "#0"},
				"south": {"uv": [6.5, 6.5, 7, 8], "texture": "#0"},
				"west": {"uv": [6.5, 6.5, 7.5, 8], "texture": "#0"},
				"up": {"uv": [7, 6.5, 7.5, 7.5], "texture": "#0"},
				"down": {"uv": [7, 7, 7.5, 8], "texture": "#0"}
			}
		},
		{
			"from": [7.5, 4, 4.5],
			"to": [8.5, 5.5, 8.75],
			"faces": {
				"north": {"uv": [6, 6.5, 7, 8], "texture": "#0"},
				"east": {"uv": [6, 6.5, 10.25, 8], "texture": "#0"},
				"south": {"uv": [6.5, 6.5, 7.5, 8], "texture": "#0"},
				"west": {"uv": [6.5, 6.5, 10.75, 8], "texture": "#0"},
				"up": {"uv": [7, 6.5, 8, 10.75], "texture": "#0"},
				"down": {"uv": [7, 7, 8, 11.25], "texture": "#0"}
			}
		},
		{
			"from": [6.5, 3.75, 5.25],
			"to": [9.5, 4.75, 8.75],
			"faces": {
				"north": {"uv": [6, 6.5, 9, 7.5], "texture": "#0"},
				"east": {"uv": [6, 6.5, 9.5, 7.5], "texture": "#0"},
				"south": {"uv": [6.5, 6.5, 9.5, 7.5], "texture": "#0"},
				"west": {"uv": [6.5, 6.5, 10, 7.5], "texture": "#0"},
				"up": {"uv": [7, 6.5, 10, 10], "texture": "#0"},
				"down": {"uv": [7, 7, 10, 10.5], "texture": "#0"}
			}
		},
		{
			"from": [7.5, 3, 4.5],
			"to": [8.5, 4, 8.75],
			"faces": {
				"north": {"uv": [6, 6.5, 7, 7.5], "texture": "#0"},
				"east": {"uv": [6, 6.5, 10.25, 7.5], "texture": "#0"},
				"south": {"uv": [6.5, 6.5, 7.5, 7.5], "texture": "#0"},
				"west": {"uv": [6.5, 6.5, 10.75, 7.5], "texture": "#0"},
				"up": {"uv": [7, 6.5, 8, 10.75], "texture": "#0"},
				"down": {"uv": [7, 7, 8, 11.25], "texture": "#0"}
			}
		},
		{
			"from": [6.5, 1, 5.5],
			"to": [9.5, 1.5, 8.75],
			"faces": {
				"north": {"uv": [6, 6.5, 9, 7], "texture": "#0"},
				"east": {"uv": [6, 6.5, 9.25, 7], "texture": "#0"},
				"south": {"uv": [6.5, 6.5, 9.5, 7], "texture": "#0"},
				"west": {"uv": [6.5, 6.5, 9.75, 7], "texture": "#0"},
				"up": {"uv": [7, 6.5, 10, 9.75], "texture": "#0"},
				"down": {"uv": [7, 7, 10, 10.25], "texture": "#0"}
			}
		},
		{
			"from": [6.5, 2.5, 4.5],
			"to": [9.5, 3, 8.75],
			"faces": {
				"north": {"uv": [6, 6.5, 9, 7], "texture": "#0"},
				"east": {"uv": [6, 6.5, 10.25, 7], "texture": "#0"},
				"south": {"uv": [6.5, 6.5, 9.5, 7], "texture": "#0"},
				"west": {"uv": [6.5, 6.5, 10.75, 7], "texture": "#0"},
				"up": {"uv": [7, 6.5, 10, 10.75], "texture": "#0"},
				"down": {"uv": [7, 7, 10, 11.25], "texture": "#0"}
			}
		},
		{
			"from": [6.25, 4, 4.75],
			"to": [7.5, 5.25, 5.75],
			"faces": {
				"north": {"uv": [1, 12.5, 3, 14.5], "texture": "#0"},
				"east": {"uv": [0, 12.5, 1, 13.5], "texture": "#0"},
				"south": {"uv": [0, 12.5, 1, 13.5], "texture": "#0"},
				"west": {"uv": [0, 12.5, 1, 13.5], "texture": "#0"},
				"up": {"uv": [0, 12.5, 1, 13.5], "texture": "#0"},
				"down": {"uv": [0, 12.5, 1, 13.5], "texture": "#0"}
			}
		},
		{
			"from": [8.5, 4, 4.75],
			"to": [9.75, 5.25, 5.75],
			"faces": {
				"north": {"uv": [1, 12.5, 3, 14.5], "texture": "#0"},
				"east": {"uv": [0, 12.5, 1, 13.5], "texture": "#0"},
				"south": {"uv": [0, 12.5, 1, 13.5], "texture": "#0"},
				"west": {"uv": [0, 12.5, 1, 13.5], "texture": "#0"},
				"up": {"uv": [0, 12.5, 1, 13.5], "texture": "#0"},
				"down": {"uv": [0, 12.5, 1, 13.5], "texture": "#0"}
			}
		},
		{
			"from": [7.25, 8, 6.5],
			"to": [8.5, 9.25, 7.75],
			"faces": {
				"north": {"uv": [8, 14.75, 9.25, 16], "texture": "#0"},
				"east": {"uv": [8, 14.75, 9.25, 16], "texture": "#0"},
				"south": {"uv": [8, 14.75, 9.25, 16], "texture": "#0"},
				"west": {"uv": [8, 14.75, 9.25, 16], "texture": "#0"},
				"up": {"uv": [8, 13.75, 9.25, 15], "texture": "#0"},
				"down": {"uv": [8, 13.75, 9.25, 15], "texture": "#0"}
			}
		},
		{
			"from": [6.75, 7.75, 6],
			"to": [9, 8, 8.25],
			"faces": {
				"north": {"uv": [8, 14.75, 10.25, 15], "texture": "#0"},
				"east": {"uv": [8, 14.75, 10.25, 15], "texture": "#0"},
				"south": {"uv": [8, 14.75, 10.25, 15], "texture": "#0"},
				"west": {"uv": [8, 14.75, 10.25, 15], "texture": "#0"},
				"up": {"uv": [8, 13.75, 10.25, 16], "texture": "#0"},
				"down": {"uv": [8, 13.75, 10.25, 16], "texture": "#0"}
			}
		},
		{
			"from": [5.25, 0.5, 4.5],
			"to": [10.75, 1.25, 9.75],
			"faces": {
				"north": {"uv": [0, 0, 5.5, 0.75], "texture": "#0"},
				"east": {"uv": [0, 0, 5.25, 0.75], "texture": "#0"},
				"south": {"uv": [0, 0, 5.5, 0.75], "texture": "#0"},
				"west": {"uv": [0, 0, 5.25, 0.75], "texture": "#0"},
				"up": {"uv": [0, 0, 5.5, 5.25], "texture": "#0"},
				"down": {"uv": [0, 0, 5.5, 5.25], "texture": "#0"}
			}
		},
		{
			"from": [10.75, 0.5, 4.5],
			"to": [11.5, 1.25, 9.75],
			"faces": {
				"north": {"uv": [0, 0, 0.75, 0.75], "texture": "#0"},
				"east": {"uv": [0, 0, 5.25, 0.75], "texture": "#0"},
				"south": {"uv": [0, 0, 0.75, 0.75], "texture": "#0"},
				"west": {"uv": [0, 0, 5.25, 0.75], "texture": "#0"},
				"up": {"uv": [0, 0, 0.75, 5.25], "texture": "#0"},
				"down": {"uv": [0, 0, 0.75, 5.25], "texture": "#0"}
			}
		},
		{
			"from": [4.5, 0.5, 4.5],
			"to": [5.25, 1.25, 9.75],
			"faces": {
				"north": {"uv": [0, 0, 0.75, 0.75], "texture": "#0"},
				"east": {"uv": [0, 0, 5.25, 0.75], "texture": "#0"},
				"south": {"uv": [0, 0, 0.75, 0.75], "texture": "#0"},
				"west": {"uv": [0, 0, 5.25, 0.75], "texture": "#0"},
				"up": {"uv": [0, 0, 0.75, 5.25], "texture": "#0"},
				"down": {"uv": [0, 0, 0.75, 5.25], "texture": "#0"}
			}
		},
		{
			"from": [4.75, 1.25, 8.75],
			"to": [11.25, 1.5, 9.75],
			"faces": {
				"north": {"uv": [0, 0, 6.5, 0.25], "texture": "#0"},
				"east": {"uv": [0, 0, 1, 0.25], "texture": "#0"},
				"south": {"uv": [0, 0, 6.5, 0.25], "texture": "#0"},
				"west": {"uv": [0, 0, 1, 0.25], "texture": "#0"},
				"up": {"uv": [0, 0, 6.5, 1], "texture": "#0"},
				"down": {"uv": [0, 0, 6.5, 1], "texture": "#0"}
			}
		},
		{
			"from": [5.25, 0.5, 3.25],
			"to": [10.75, 1.25, 4.5],
			"faces": {
				"north": {"uv": [0, 0, 5.5, 0.75], "texture": "#0"},
				"east": {"uv": [0, 0, 1.25, 0.75], "texture": "#0"},
				"south": {"uv": [0, 0, 5.5, 0.75], "texture": "#0"},
				"west": {"uv": [0, 0, 1.25, 0.75], "texture": "#0"},
				"up": {"uv": [0, 0, 5.5, 1.25], "texture": "#0"},
				"down": {"uv": [0, 0, 5.5, 1.25], "texture": "#0"}
			}
		},
		{
			"from": [7, 1.25, 3.5],
			"to": [7.75, 1.75, 4],
			"faces": {
				"north": {"uv": [15.25, 0, 16, 0.5], "texture": "#0"},
				"east": {"uv": [15.25, 0, 16, 0.5], "texture": "#0"},
				"south": {"uv": [15.25, 0, 16, 0.5], "texture": "#0"},
				"west": {"uv": [15.25, 0, 16, 0.5], "texture": "#0"},
				"up": {"uv": [15.25, 0, 16, 0.5], "texture": "#0"},
				"down": {"uv": [15.25, 0, 16, 0.5], "texture": "#0"}
			}
		},
		{
			"from": [8.25, 1.25, 3.5],
			"to": [9, 1.75, 4],
			"faces": {
				"north": {"uv": [15.25, 0, 16, 0.5], "texture": "#0"},
				"east": {"uv": [15.25, 0, 16, 0.5], "texture": "#0"},
				"south": {"uv": [15.25, 0, 16, 0.5], "texture": "#0"},
				"west": {"uv": [15.25, 0, 16, 0.5], "texture": "#0"},
				"up": {"uv": [15.25, 0, 16, 0.5], "texture": "#0"},
				"down": {"uv": [15.25, 0, 16, 0.5], "texture": "#0"}
			}
		},
		{
			"from": [9.5, 1.25, 3.5],
			"to": [10.25, 1.75, 4],
			"faces": {
				"north": {"uv": [15.25, 0, 16, 0.5], "texture": "#0"},
				"east": {"uv": [15.25, 0, 16, 0.5], "texture": "#0"},
				"south": {"uv": [15.25, 0, 16, 0.5], "texture": "#0"},
				"west": {"uv": [15.25, 0, 16, 0.5], "texture": "#0"},
				"up": {"uv": [15.25, 0, 16, 0.5], "texture": "#0"},
				"down": {"uv": [15.25, 0, 16, 0.5], "texture": "#0"}
			}
		},
		{
			"from": [5.75, 1.25, 3.5],
			"to": [6.5, 1.75, 4],
			"faces": {
				"north": {"uv": [15.25, 0, 16, 0.5], "texture": "#0"},
				"east": {"uv": [15.25, 0, 16, 0.5], "texture": "#0"},
				"south": {"uv": [15.25, 0, 16, 0.5], "texture": "#0"},
				"west": {"uv": [15.25, 0, 16, 0.5], "texture": "#0"},
				"up": {"uv": [15.25, 0, 16, 0.5], "texture": "#0"},
				"down": {"uv": [15.25, 0, 16, 0.5], "texture": "#0"}
			}
		},
		{
			"from": [4.75, 1.25, 4.75],
			"to": [5.25, 1.75, 5.5],
			"faces": {
				"north": {"uv": [15.25, 0, 15.75, 0.5], "texture": "#0"},
				"east": {"uv": [15.25, 0, 15.75, 0.5], "texture": "#0"},
				"south": {"uv": [15.25, 0, 15.75, 0.5], "texture": "#0"},
				"west": {"uv": [15.25, 0, 15.75, 0.5], "texture": "#0"},
				"up": {"uv": [15.25, 0, 15.75, 0.5], "texture": "#0"},
				"down": {"uv": [15.25, 0, 15.75, 0.5], "texture": "#0"}
			}
		},
		{
			"from": [10.75, 1.25, 4.75],
			"to": [11.25, 1.75, 5.5],
			"faces": {
				"north": {"uv": [15.25, 0, 15.75, 0.5], "texture": "#0"},
				"east": {"uv": [15.25, 0, 15.75, 0.5], "texture": "#0"},
				"south": {"uv": [15.25, 0, 15.75, 0.5], "texture": "#0"},
				"west": {"uv": [15.25, 0, 15.75, 0.5], "texture": "#0"},
				"up": {"uv": [15.25, 0, 15.75, 0.5], "texture": "#0"},
				"down": {"uv": [15.25, 0, 15.75, 0.5], "texture": "#0"}
			}
		},
		{
			"from": [10.75, 1.25, 6],
			"to": [11.25, 1.75, 6.75],
			"faces": {
				"north": {"uv": [15.25, 0, 15.75, 0.5], "texture": "#0"},
				"east": {"uv": [15.25, 0, 15.75, 0.5], "texture": "#0"},
				"south": {"uv": [15.25, 0, 15.75, 0.5], "texture": "#0"},
				"west": {"uv": [15.25, 0, 15.75, 0.5], "texture": "#0"},
				"up": {"uv": [15.25, 0, 15.75, 0.5], "texture": "#0"},
				"down": {"uv": [15.25, 0, 15.75, 0.5], "texture": "#0"}
			}
		},
		{
			"from": [4.75, 1.25, 6],
			"to": [5.25, 1.75, 6.75],
			"faces": {
				"north": {"uv": [15.25, 0, 15.75, 0.5], "texture": "#0"},
				"east": {"uv": [15.25, 0, 15.75, 0.5], "texture": "#0"},
				"south": {"uv": [15.25, 0, 15.75, 0.5], "texture": "#0"},
				"west": {"uv": [15.25, 0, 15.75, 0.5], "texture": "#0"},
				"up": {"uv": [15.25, 0, 15.75, 0.5], "texture": "#0"},
				"down": {"uv": [15.25, 0, 15.75, 0.5], "texture": "#0"}
			}
		}
	],
	"display": {
		"head": {
			"translation": [0, 11, 2.25],
			"scale": [2.24, 2.24, 2.24]
		}
	},
	"groups": [
		{
			"name": "group",
			"origin": [8, 8, 8],
			"color": 0,
			"nbt": "{}",
			"armAnimationEnabled": false,
			"children": [
				{
					"name": "group",
					"origin": [8, 8, 8],
					"color": 0,
					"nbt": "{}",
					"armAnimationEnabled": false,
					"children": [0, 1, 2, 3, 4, 5, 6, 7, 8, 9, 10]
				},
				{
					"name": "group",
					"origin": [8, 8, 8],
					"color": 0,
					"nbt": "{}",
					"armAnimationEnabled": false,
					"children": [11]
				},
				{
					"name": "group",
					"origin": [0, 0, 0],
					"color": 0,
					"nbt": "{}",
					"armAnimationEnabled": false,
					"children": [12, 13, 14, 15, 16, 17, 18, 19]
				},
				{
					"name": "group",
					"origin": [0, 0, 0],
					"color": 0,
					"nbt": "{}",
					"armAnimationEnabled": false,
					"children": [20, 21, 22]
				},
				23,
				{
					"name": "group",
					"origin": [8, 8, 8],
					"color": 0,
					"nbt": "{}",
					"armAnimationEnabled": false,
					"children": [24, 25]
				},
				{
					"name": "group",
					"origin": [8, 8, 8],
					"color": 0,
					"nbt": "{}",
					"armAnimationEnabled": false,
					"children": [26, 27]
				}
			]
		},
		{
			"name": "group",
			"origin": [8, 8, 8],
			"color": 0,
			"nbt": "{}",
			"armAnimationEnabled": false,
			"children": [28, 29, 30, 31, 32, 33, 34, 35, 36]
		},
		{
			"name": "group",
			"origin": [8, 8, 8],
			"color": 0,
			"nbt": "{}",
			"armAnimationEnabled": false,
			"children": [37, 38]
		},
		{
			"name": "group",
			"origin": [8, 8, 8],
			"color": 0,
			"nbt": "{}",
			"armAnimationEnabled": false,
			"children": [39, 40]
		},
		{
			"name": "group",
			"origin": [0, 0, 0],
			"color": 0,
			"nbt": "{}",
			"armAnimationEnabled": false,
			"children": [
				{
					"name": "group",
					"origin": [0, 0, 0],
					"color": 0,
					"nbt": "{}",
					"armAnimationEnabled": false,
					"children": [41, 42, 43, 44, 45]
				},
				{
					"name": "group",
					"origin": [8, 8, 8],
					"color": 0,
					"nbt": "{}",
					"armAnimationEnabled": false,
					"children": [46, 47, 48, 49, 50, 51, 52, 53]
				}
			]
		}
	]
}