{
	"credit": "Made with Blockbench",
	"textures": {
		"0": "./springbonnie",
		"particle": "./springbonnie"
	},
	"elements": [
		{
			"from": [5, 2, 10.75],
			"to": [11, 7, 11],
			"faces": {
				"north": {"uv": [0, 0, 6, 5], "texture": "#0"},
				"east": {"uv": [0, 0, 0.25, 5], "texture": "#0"},
				"south": {"uv": [0, 0, 6, 5], "texture": "#0"},
				"west": {"uv": [0, 0, 0.25, 5], "texture": "#0"},
				"up": {"uv": [0, 0, 6, 0.25], "texture": "#0"},
				"down": {"uv": [0, 0, 6, 0.25], "texture": "#0"}
			}
		},
		{
			"from": [5, 2, 5],
			"to": [11, 3.5, 5.25],
			"faces": {
				"north": {"uv": [0, 0, 6, 1.5], "texture": "#0"},
				"east": {"uv": [0, 0, 0.25, 1.5], "texture": "#0"},
				"south": {"uv": [0, 0, 6, 1.5], "texture": "#0"},
				"west": {"uv": [0, 0, 0.25, 1.5], "texture": "#0"},
				"up": {"uv": [0, 0, 6, 0.25], "texture": "#0"},
				"down": {"uv": [0, 0, 6, 0.25], "texture": "#0"}
			}
		},
		{
			"from": [5, 5.25, 5],
			"to": [11, 7, 5.25],
			"faces": {
				"north": {"uv": [0, 0, 6, 1.75], "texture": "#0"},
				"east": {"uv": [0, 0, 0.25, 1.75], "texture": "#0"},
				"south": {"uv": [0, 0, 6, 1.75], "texture": "#0"},
				"west": {"uv": [0, 0, 0.25, 1.75], "texture": "#0"},
				"up": {"uv": [0, 0, 6, 0.25], "texture": "#0"},
				"down": {"uv": [0, 0, 6, 0.25], "texture": "#0"}
			}
		},
		{
			"from": [10.25, 3.5, 5],
			"to": [11, 5.25, 5.25],
			"faces": {
				"north": {"uv": [0, 0, 0.75, 1.75], "texture": "#0"},
				"east": {"uv": [0, 0, 0.25, 1.75], "texture": "#0"},
				"south": {"uv": [0, 0, 0.75, 1.75], "texture": "#0"},
				"west": {"uv": [0, 0, 0.25, 1.75], "texture": "#0"},
				"up": {"uv": [0, 0, 0.75, 0.25], "texture": "#0"},
				"down": {"uv": [0, 0, 0.75, 0.25], "texture": "#0"}
			}
		},
		{
			"from": [5, 3.5, 5],
			"to": [5.75, 5.25, 5.25],
			"faces": {
				"north": {"uv": [0, 0, 0.75, 1.75], "texture": "#0"},
				"east": {"uv": [0, 0, 0.25, 1.75], "texture": "#0"},
				"south": {"uv": [0, 0, 0.75, 1.75], "texture": "#0"},
				"west": {"uv": [0, 0, 0.25, 1.75], "texture": "#0"},
				"up": {"uv": [0, 0, 0.75, 0.25], "texture": "#0"},
				"down": {"uv": [0, 0, 0.75, 0.25], "texture": "#0"}
			}
		},
		{
			"from": [7.5, 3.5, 5],
			"to": [8.5, 5.25, 5.25],
			"faces": {
				"north": {"uv": [0, 0, 1, 1.75], "texture": "#0"},
				"east": {"uv": [0, 0, 0.25, 1.75], "texture": "#0"},
				"south": {"uv": [0, 0, 1, 1.75], "texture": "#0"},
				"west": {"uv": [0, 0, 0.25, 1.75], "texture": "#0"},
				"up": {"uv": [0, 0, 1, 0.25], "texture": "#0"},
				"down": {"uv": [0, 0, 1, 0.25], "texture": "#0"}
			}
		},
		{
			"from": [10.75, 2, 5.25],
			"to": [11, 7, 10.75],
			"faces": {
				"north": {"uv": [0, 0, 0.25, 5], "texture": "#0"},
				"east": {"uv": [0, 0, 5.5, 5], "texture": "#0"},
				"south": {"uv": [0, 0, 0.25, 5], "texture": "#0"},
				"west": {"uv": [0, 0, 5.5, 5], "texture": "#0"},
				"up": {"uv": [0, 0, 0.25, 5.5], "texture": "#0"},
				"down": {"uv": [0, 0, 0.25, 5.5], "texture": "#0"}
			}
		},
		{
			"from": [5, 2, 5.25],
			"to": [5.25, 7, 10.75],
			"faces": {
				"north": {"uv": [0, 0, 0.25, 5], "texture": "#0"},
				"east": {"uv": [0, 0, 5.5, 5], "texture": "#0"},
				"south": {"uv": [0, 0, 0.25, 5], "texture": "#0"},
				"west": {"uv": [0, 0, 5.5, 5], "texture": "#0"},
				"up": {"uv": [0, 0, 0.25, 5.5], "texture": "#0"},
				"down": {"uv": [0, 0, 0.25, 5.5], "texture": "#0"}
			}
		},
		{
			"from": [5.25, 6.75, 5.25],
			"to": [10.75, 7, 10.75],
			"faces": {
				"north": {"uv": [0, 0, 5.5, 0.25], "texture": "#0"},
				"east": {"uv": [0, 0, 5.5, 0.25], "texture": "#0"},
				"south": {"uv": [0, 0, 5.5, 0.25], "texture": "#0"},
				"west": {"uv": [0, 0, 5.5, 0.25], "texture": "#0"},
				"up": {"uv": [0, 0, 5.5, 5.5], "texture": "#0"},
				"down": {"uv": [0, 0, 5.5, 5.5], "texture": "#0"}
			}
		},
		{
			"from": [5.75, 2, 4],
			"to": [10.25, 3.5, 5],
			"faces": {
				"north": {"uv": [0, 5.5, 4.5, 7], "texture": "#0"},
				"east": {"uv": [0, 5.5, 1, 7], "texture": "#0"},
				"south": {"uv": [0, 5.5, 4.5, 7], "texture": "#0"},
				"west": {"uv": [0, 5.5, 1, 7], "texture": "#0"},
				"up": {"uv": [0, 6, 4.5, 7], "texture": "#0"},
				"down": {"uv": [0, 6, 4.5, 7], "texture": "#0"}
			}
		},
		{
			"from": [5.75, 0.5, 4],
			"to": [10.25, 1, 5],
			"faces": {
				"north": {"uv": [0, 0, 4.5, 0.5], "texture": "#0"},
				"east": {"uv": [0, 0, 1, 0.5], "texture": "#0"},
				"south": {"uv": [0, 0, 4.5, 0.5], "texture": "#0"},
				"west": {"uv": [0, 0, 1, 0.5], "texture": "#0"},
				"up": {"uv": [0, 0, 4.5, 1], "texture": "#0"},
				"down": {"uv": [0, 0, 4.5, 1], "texture": "#0"}
			}
		},
		{
			"from": [5, 0.5, 5],
			"to": [11, 1, 11],
			"faces": {
				"north": {"uv": [0, 0, 6, 0.5], "texture": "#0"},
				"east": {"uv": [0, 0, 6, 0.5], "texture": "#0"},
				"south": {"uv": [0, 0, 6, 0.5], "texture": "#0"},
				"west": {"uv": [0, 0, 6, 0.5], "texture": "#0"},
				"up": {"uv": [0, 0, 6, 6], "texture": "#0"},
				"down": {"uv": [0, 0, 6, 6], "texture": "#0"}
			}
		},
		{
			"from": [6.75, 1.5, 4.25],
			"to": [7.75, 2, 4.75],
			"faces": {
				"north": {"uv": [7, 14, 8, 14.5], "texture": "#0"},
				"east": {"uv": [7, 14, 8, 14.5], "texture": "#0"},
				"south": {"uv": [7, 14, 8, 14.5], "texture": "#0"},
				"west": {"uv": [7, 14, 8, 14.5], "texture": "#0"},
				"up": {"uv": [7, 14, 8, 14.5], "texture": "#0"},
				"down": {"uv": [7, 14, 8, 14.5], "texture": "#0"}
			}
		},
		{
			"from": [7, 1, 4.25],
			"to": [7.75, 1.25, 4.75],
			"faces": {
				"north": {"uv": [7, 14, 7.75, 14.25], "texture": "#0"},
				"east": {"uv": [7, 14, 7.75, 14.25], "texture": "#0"},
				"south": {"uv": [7, 14, 7.75, 14.25], "texture": "#0"},
				"west": {"uv": [7, 14, 7.75, 14.25], "texture": "#0"},
				"up": {"uv": [7, 14, 7.75, 14.25], "texture": "#0"},
				"down": {"uv": [7, 14, 7.75, 14.25], "texture": "#0"}
			}
		},
		{
			"from": [8.25, 1, 4.25],
			"to": [9, 1.25, 4.75],
			"faces": {
				"north": {"uv": [7, 14, 7.75, 14.25], "texture": "#0"},
				"east": {"uv": [7, 14, 7.75, 14.25], "texture": "#0"},
				"south": {"uv": [7, 14, 7.75, 14.25], "texture": "#0"},
				"west": {"uv": [7, 14, 7.75, 14.25], "texture": "#0"},
				"up": {"uv": [7, 14, 7.75, 14.25], "texture": "#0"},
				"down": {"uv": [7, 14, 7.75, 14.25], "texture": "#0"}
			}
		},
		{
			"from": [9.25, 1, 4.25],
			"to": [10, 1.25, 4.75],
			"faces": {
				"north": {"uv": [7, 14, 7.75, 14.25], "texture": "#0"},
				"east": {"uv": [7, 14, 7.75, 14.25], "texture": "#0"},
				"south": {"uv": [7, 14, 7.75, 14.25], "texture": "#0"},
				"west": {"uv": [7, 14, 7.75, 14.25], "texture": "#0"},
				"up": {"uv": [7, 14, 7.75, 14.25], "texture": "#0"},
				"down": {"uv": [7, 14, 7.75, 14.25], "texture": "#0"}
			}
		},
		{
			"from": [6, 1, 4.25],
			"to": [6.75, 1.25, 4.75],
			"faces": {
				"north": {"uv": [7, 14, 7.75, 14.25], "texture": "#0"},
				"east": {"uv": [7, 14, 7.75, 14.25], "texture": "#0"},
				"south": {"uv": [7, 14, 7.75, 14.25], "texture": "#0"},
				"west": {"uv": [7, 14, 7.75, 14.25], "texture": "#0"},
				"up": {"uv": [7, 14, 7.75, 14.25], "texture": "#0"},
				"down": {"uv": [7, 14, 7.75, 14.25], "texture": "#0"}
			}
		},
		{
			"from": [5.25, 1, 5.25],
			"to": [5.75, 1.25, 6],
			"faces": {
				"north": {"uv": [7, 14, 7.5, 14.25], "texture": "#0"},
				"east": {"uv": [7, 14, 7.5, 14.25], "texture": "#0"},
				"south": {"uv": [7, 14, 7.5, 14.25], "texture": "#0"},
				"west": {"uv": [7, 14, 7.5, 14.25], "texture": "#0"},
				"up": {"uv": [7, 14, 7.5, 14.25], "texture": "#0"},
				"down": {"uv": [7, 14, 7.5, 14.25], "texture": "#0"}
			}
		},
		{
			"from": [10.25, 1, 5.25],
			"to": [10.75, 1.25, 6],
			"faces": {
				"north": {"uv": [7, 14, 7.5, 14.25], "texture": "#0"},
				"east": {"uv": [7, 14, 7.5, 14.25], "texture": "#0"},
				"south": {"uv": [7, 14, 7.5, 14.25], "texture": "#0"},
				"west": {"uv": [7, 14, 7.5, 14.25], "texture": "#0"},
				"up": {"uv": [7, 14, 7.5, 14.25], "texture": "#0"},
				"down": {"uv": [7, 14, 7.5, 14.25], "texture": "#0"}
			}
		},
		{
			"from": [8.25, 1.5, 4.25],
			"to": [9.25, 2, 4.75],
			"faces": {
				"north": {"uv": [7, 14, 8, 14.5], "texture": "#0"},
				"east": {"uv": [7, 14, 8, 14.5], "texture": "#0"},
				"south": {"uv": [7, 14, 8, 14.5], "texture": "#0"},
				"west": {"uv": [7, 14, 8, 14.5], "texture": "#0"},
				"up": {"uv": [7, 14, 8, 14.5], "texture": "#0"},
				"down": {"uv": [7, 14, 8, 14.5], "texture": "#0"}
			}
		},
		{
			"from": [6.5, 1, 6],
			"to": [9.5, 1.25, 10.25],
			"faces": {
				"north": {"uv": [13, 12.25, 16, 12.5], "texture": "#0"},
				"east": {"uv": [11.75, 12.25, 16, 12.5], "texture": "#0"},
				"south": {"uv": [13, 12.25, 16, 12.5], "texture": "#0"},
				"west": {"uv": [11.75, 12.25, 16, 12.5], "texture": "#0"},
				"up": {"uv": [13, 11.75, 16, 16], "texture": "#0"},
				"down": {"uv": [13, 11.75, 16, 16], "texture": "#0"}
			}
		},
		{
			"from": [6.5, 2, 6],
			"to": [9.5, 2.25, 10.25],
			"faces": {
				"north": {"uv": [13, 12.25, 16, 12.5], "texture": "#0"},
				"east": {"uv": [11.75, 12.25, 16, 12.5], "texture": "#0"},
				"south": {"uv": [13, 12.25, 16, 12.5], "texture": "#0"},
				"west": {"uv": [11.75, 12.25, 16, 12.5], "texture": "#0"},
				"up": {"uv": [13, 11.75, 16, 16], "texture": "#0"},
				"down": {"uv": [13, 11.75, 16, 16], "texture": "#0"}
			}
		},
		{
			"from": [9.5, 1, 8.25],
			"to": [9.75, 3.25, 9.5],
			"faces": {
				"north": {"uv": [13, 12.25, 13.25, 14.5], "texture": "#0"},
				"east": {"uv": [11.75, 12.25, 13, 14.5], "texture": "#0"},
				"south": {"uv": [13, 12.25, 13.25, 14.5], "texture": "#0"},
				"west": {"uv": [11.75, 12.25, 13, 14.5], "texture": "#0"},
				"up": {"uv": [13, 11.75, 13.25, 13], "texture": "#0"},
				"down": {"uv": [13, 11.75, 13.25, 13], "texture": "#0"}
			}
		},
		{
			"from": [6.25, 1, 8.25],
			"to": [6.5, 3.25, 9.5],
			"faces": {
				"north": {"uv": [13, 12.25, 13.25, 14.5], "texture": "#0"},
				"east": {"uv": [11.75, 12.25, 13, 14.5], "texture": "#0"},
				"south": {"uv": [13, 12.25, 13.25, 14.5], "texture": "#0"},
				"west": {"uv": [11.75, 12.25, 13, 14.5], "texture": "#0"},
				"up": {"uv": [13, 11.75, 13.25, 13], "texture": "#0"},
				"down": {"uv": [13, 11.75, 13.25, 13], "texture": "#0"}
			}
		},
		{
			"from": [6.5, 2.25, 6],
			"to": [9.5, 6, 10.25],
			"faces": {
				"north": {"uv": [13, 12.25, 16, 16], "texture": "#0"},
				"east": {"uv": [11.75, 12.25, 16, 16], "texture": "#0"},
				"south": {"uv": [13, 12.25, 16, 16], "texture": "#0"},
				"west": {"uv": [11.75, 12.25, 16, 16], "texture": "#0"},
				"up": {"uv": [13, 11.75, 16, 16], "texture": "#0"},
				"down": {"uv": [13, 11.75, 16, 16], "texture": "#0"}
			}
		},
		{
			"from": [6, 3.5, 5.5],
			"to": [7.25, 4.75, 6.5],
			"faces": {
				"north": {"uv": [0.125, 7, 1.875, 8.75], "texture": "#0"},
				"east": {"uv": [3, 7, 4, 8.25], "texture": "#0"},
				"south": {"uv": [3, 7, 4, 8.25], "texture": "#0"},
				"west": {"uv": [3, 7, 4, 8.25], "texture": "#0"},
				"up": {"uv": [3, 7, 4, 8.25], "texture": "#0"},
				"down": {"uv": [3, 7, 4, 8.25], "texture": "#0"}
			}
		},
		{
			"from": [8.75, 3.5, 5.5],
			"to": [10, 4.75, 6.5],
			"faces": {
				"north": {"uv": [0.125, 7, 1.875, 8.75], "texture": "#0"},
				"east": {"uv": [3, 7, 4, 8.25], "texture": "#0"},
				"south": {"uv": [3, 7, 4, 8.25], "texture": "#0"},
				"west": {"uv": [3, 7, 4, 8.25], "texture": "#0"},
				"up": {"uv": [3, 7, 4, 8.25], "texture": "#0"},
				"down": {"uv": [3, 7, 4, 8.25], "texture": "#0"}
			}
		},
		{
			"from": [5.5, 4.5, 5.25],
			"to": [10.5, 5.25, 5.5],
			"faces": {
				"north": {"uv": [0, 6, 5, 6.75], "texture": "#0"},
				"east": {"uv": [0, 0, 0.25, 0.75], "texture": "#0"},
				"south": {"uv": [0, 0, 5, 0.75], "texture": "#0"},
				"west": {"uv": [0, 0, 0.25, 0.75], "texture": "#0"},
				"up": {"uv": [0, 0, 5, 0.25], "texture": "#0"},
				"down": {"uv": [0, 0, 5, 0.25], "texture": "#0"}
			}
		},
		{
			"from": [5.25, 7, 8],
			"to": [6, 8, 8.5],
			"faces": {
				"north": {"uv": [15.25, 15, 16, 16], "texture": "#0"},
				"east": {"uv": [15.25, 15, 16, 16], "texture": "#0"},
				"south": {"uv": [15.25, 15, 16, 16], "texture": "#0"},
				"west": {"uv": [15.25, 15, 16, 16], "texture": "#0"},
				"up": {"uv": [15.25, 15, 16, 16], "texture": "#0"},
				"down": {"uv": [15.25, 15, 16, 16], "texture": "#0"}
			}
		},
		{
			"from": [4.75, 7.5, 7.75],
			"to": [6.5, 10, 8.75],
			"faces": {
				"north": {"uv": [0, 0, 1.75, 2.5], "texture": "#0"},
				"east": {"uv": [0, 0, 1, 2.5], "texture": "#0"},
				"south": {"uv": [0, 0, 1.75, 2.5], "texture": "#0"},
				"west": {"uv": [0, 0, 1, 2.5], "texture": "#0"},
				"up": {"uv": [0, 0, 1.75, 1], "texture": "#0"},
				"down": {"uv": [0, 0, 1.75, 1], "texture": "#0"}
			}
		},
		{
			"from": [5, 7.5, 7.5],
			"to": [6.25, 10, 7.75],
			"faces": {
				"north": {"uv": [0, 0, 1.25, 2.5], "texture": "#0"},
				"east": {"uv": [0, 0, 0.25, 2.5], "texture": "#0"},
				"south": {"uv": [0, 0, 1.25, 2.5], "texture": "#0"},
				"west": {"uv": [0, 0, 0.25, 2.5], "texture": "#0"},
				"up": {"uv": [0, 0, 1.25, 0.25], "texture": "#0"},
				"down": {"uv": [0, 0, 1.25, 0.25], "texture": "#0"}
			}
		},
		{
			"from": [10, 7, 8],
			"to": [10.75, 8, 8.5],
			"faces": {
				"north": {"uv": [15.25, 15, 16, 16], "texture": "#0"},
				"east": {"uv": [15.25, 15, 16, 16], "texture": "#0"},
				"south": {"uv": [15.25, 15, 16, 16], "texture": "#0"},
				"west": {"uv": [15.25, 15, 16, 16], "texture": "#0"},
				"up": {"uv": [15.25, 15, 16, 16], "texture": "#0"},
				"down": {"uv": [15.25, 15, 16, 16], "texture": "#0"}
			}
		},
		{
			"from": [9.5, 7.5, 7.75],
			"to": [11.25, 10, 8.75],
			"faces": {
				"north": {"uv": [0, 0, 1.75, 2.5], "texture": "#0"},
				"east": {"uv": [0, 0, 1, 2.5], "texture": "#0"},
				"south": {"uv": [0, 0, 1.75, 2.5], "texture": "#0"},
				"west": {"uv": [0, 0, 1, 2.5], "texture": "#0"},
				"up": {"uv": [0, 0, 1.75, 1], "texture": "#0"},
				"down": {"uv": [0, 0, 1.75, 1], "texture": "#0"}
			}
		},
		{
			"from": [9.75, 7.5, 7.5],
			"to": [11, 10, 7.75],
			"faces": {
				"north": {"uv": [0, 0, 1.25, 2.5], "texture": "#0"},
				"east": {"uv": [0, 0, 0.25, 2.5], "texture": "#0"},
				"south": {"uv": [0, 0, 1.25, 2.5], "texture": "#0"},
				"west": {"uv": [0, 0, 0.25, 2.5], "texture": "#0"},
				"up": {"uv": [0, 0, 1.25, 0.25], "texture": "#0"},
				"down": {"uv": [0, 0, 1.25, 0.25], "texture": "#0"}
			}
		},
		{
			"from": [5.25, 10, 7.25],
			"to": [6, 11, 7.75],
			"rotation": {"angle": -22.5, "axis": "x", "origin": [5.625, 12.0625, 8.25]},
			"faces": {
				"north": {"uv": [12.5, 13.5, 13.25, 14.5], "texture": "#0"},
				"east": {"uv": [12.5, 13.5, 13.25, 14.5], "texture": "#0"},
				"south": {"uv": [12.5, 13.5, 13.25, 14.5], "texture": "#0"},
				"west": {"uv": [12.5, 13.5, 13.25, 14.5], "texture": "#0"},
				"up": {"uv": [12.5, 13.5, 13.25, 14.5], "texture": "#0"},
				"down": {"uv": [12.5, 13.5, 13.25, 14.5], "texture": "#0"}
			}
		},
		{
			"from": [4.75, 10.75, 7],
			"to": [6.5, 13, 8],
			"rotation": {"angle": -22.5, "axis": "x", "origin": [5.625, 12.0625, 8.25]},
			"faces": {
				"north": {"uv": [0, 0, 1.75, 2.25], "texture": "#0"},
				"east": {"uv": [0, 0, 1, 2.25], "texture": "#0"},
				"south": {"uv": [0, 0, 1.75, 2.25], "texture": "#0"},
				"west": {"uv": [0, 0, 1, 2.25], "texture": "#0"},
				"up": {"uv": [0, 0, 1.75, 1], "texture": "#0"},
				"down": {"uv": [0, 0, 1.75, 1], "texture": "#0"}
			}
		},
		{
			"from": [5, 13, 7],
			"to": [6.25, 13.5, 8],
			"rotation": {"angle": -22.5, "axis": "x", "origin": [5.625, 12.0625, 8.25]},
			"faces": {
				"north": {"uv": [0, 0, 1.25, 0.5], "texture": "#0"},
				"east": {"uv": [0, 0, 1, 0.5], "texture": "#0"},
				"south": {"uv": [0, 0, 1.25, 0.5], "texture": "#0"},
				"west": {"uv": [0, 0, 1, 0.5], "texture": "#0"},
				"up": {"uv": [0, 0, 1.25, 1], "texture": "#0"},
				"down": {"uv": [0, 0, 1.25, 1], "texture": "#0"}
			}
		},
		{
			"from": [5, 10.75, 6.75],
			"to": [6.25, 13, 7],
			"rotation": {"angle": -22.5, "axis": "x", "origin": [5.625, 12.0625, 8.25]},
			"faces": {
				"north": {"uv": [0, 0, 1.25, 2.25], "texture": "#0"},
				"east": {"uv": [0, 0, 0.25, 2.25], "texture": "#0"},
				"south": {"uv": [0, 0, 1.25, 2.25], "texture": "#0"},
				"west": {"uv": [0, 0, 0.25, 2.25], "texture": "#0"},
				"up": {"uv": [0, 0, 1.25, 0.25], "texture": "#0"},
				"down": {"uv": [0, 0, 1.25, 0.25], "texture": "#0"}
			}
		},
		{
			"from": [5.25, 13.5, 7.25],
			"to": [6, 13.75, 7.75],
			"rotation": {"angle": -22.5, "axis": "x", "origin": [5.625, 12.0625, 8.25]},
			"faces": {
				"north": {"uv": [0, 0, 0.75, 0.25], "texture": "#0"},
				"east": {"uv": [0, 0, 0.5, 0.25], "texture": "#0"},
				"south": {"uv": [0, 0, 0.75, 0.25], "texture": "#0"},
				"west": {"uv": [0, 0, 0.5, 0.25], "texture": "#0"},
				"up": {"uv": [0, 0, 0.75, 0.5], "texture": "#0"},
				"down": {"uv": [0, 0, 0.75, 0.5], "texture": "#0"}
			}
		},
		{
			"from": [10, 10, 7.25],
			"to": [10.75, 11, 7.75],
			"rotation": {"angle": -22.5, "axis": "x", "origin": [5.625, 12.0625, 8.25]},
			"faces": {
				"north": {"uv": [14.5, 14, 15.25, 15], "texture": "#0"},
				"east": {"uv": [14.5, 14, 15.25, 15], "texture": "#0"},
				"south": {"uv": [14.5, 14, 15.25, 15], "texture": "#0"},
				"west": {"uv": [14.5, 14, 15.25, 15], "texture": "#0"},
				"up": {"uv": [14.5, 14, 15.25, 15], "texture": "#0"},
				"down": {"uv": [14.5, 14, 15.25, 15], "texture": "#0"}
			}
		},
		{
			"from": [9.5, 10.75, 7],
			"to": [11.25, 13, 8],
			"rotation": {"angle": -22.5, "axis": "x", "origin": [5.625, 12.0625, 8.25]},
			"faces": {
				"north": {"uv": [0, 0, 1.75, 2.25], "texture": "#0"},
				"east": {"uv": [0, 0, 1, 2.25], "texture": "#0"},
				"south": {"uv": [0, 0, 1.75, 2.25], "texture": "#0"},
				"west": {"uv": [0, 0, 1, 2.25], "texture": "#0"},
				"up": {"uv": [0, 0, 1.75, 1], "texture": "#0"},
				"down": {"uv": [0, 0, 1.75, 1], "texture": "#0"}
			}
		},
		{
			"from": [9.75, 13, 7],
			"to": [11, 13.5, 8],
			"rotation": {"angle": -22.5, "axis": "x", "origin": [5.625, 12.0625, 8.25]},
			"faces": {
				"north": {"uv": [0, 0, 1.25, 0.5], "texture": "#0"},
				"east": {"uv": [0, 0, 1, 0.5], "texture": "#0"},
				"south": {"uv": [0, 0, 1.25, 0.5], "texture": "#0"},
				"west": {"uv": [0, 0, 1, 0.5], "texture": "#0"},
				"up": {"uv": [0, 0, 1.25, 1], "texture": "#0"},
				"down": {"uv": [0, 0, 1.25, 1], "texture": "#0"}
			}
		},
		{
			"from": [9.75, 10.75, 6.75],
			"to": [11, 13, 7],
			"rotation": {"angle": -22.5, "axis": "x", "origin": [5.625, 12.0625, 8.25]},
			"faces": {
				"north": {"uv": [0, 0, 1.25, 2.25], "texture": "#0"},
				"east": {"uv": [0, 0, 0.25, 2.25], "texture": "#0"},
				"south": {"uv": [0, 0, 1.25, 2.25], "texture": "#0"},
				"west": {"uv": [0, 0, 0.25, 2.25], "texture": "#0"},
				"up": {"uv": [0, 0, 1.25, 0.25], "texture": "#0"},
				"down": {"uv": [0, 0, 1.25, 0.25], "texture": "#0"}
			}
		},
		{
			"from": [10, 13.5, 7.25],
			"to": [10.75, 13.75, 7.75],
			"rotation": {"angle": -22.5, "axis": "x", "origin": [5.625, 12.0625, 8.25]},
			"faces": {
				"north": {"uv": [0, 0, 0.75, 0.25], "texture": "#0"},
				"east": {"uv": [0, 0, 0.5, 0.25], "texture": "#0"},
				"south": {"uv": [0, 0, 0.75, 0.25], "texture": "#0"},
				"west": {"uv": [0, 0, 0.5, 0.25], "texture": "#0"},
				"up": {"uv": [0, 0, 0.75, 0.5], "texture": "#0"},
				"down": {"uv": [0, 0, 0.75, 0.5], "texture": "#0"}
			}
		},
		{
			"from": [7.5, 3.25, 3.75],
			"to": [8.5, 3.75, 4.25],
			"faces": {
				"north": {"uv": [6, 0, 7, 0.5], "texture": "#0"},
				"east": {"uv": [6, 0, 7, 0.5], "texture": "#0"},
				"south": {"uv": [6, 0, 7, 0.5], "texture": "#0"},
				"west": {"uv": [6, 0, 7, 0.5], "texture": "#0"},
				"up": {"uv": [6, 0, 7, 0.5], "texture": "#0"},
				"down": {"uv": [6, 0, 7, 0.5], "texture": "#0"}
			}
		}
	],
	"display": {
		"thirdperson_righthand": {
			"translation": [0, 3.75, 0]
		},
		"head": {
			"translation": [0, 12, 0],
			"scale": [2.26, 2.26, 2.26]
		}
	},
	"groups": [
		{
			"name": "group",
			"origin": [8, 8, 8],
			"color": 0,
			"nbt": "{}",
			"armAnimationEnabled": false,
			"children": [
				{
					"name": "group",
					"origin": [8, 8, 8],
					"color": 0,
					"nbt": "{}",
					"armAnimationEnabled": false,
					"children": [0, 1, 2, 3, 4, 5, 6, 7, 8]
				},
				{
					"name": "group",
					"origin": [8, 8, 8],
					"color": 0,
					"nbt": "{}",
					"armAnimationEnabled": false,
					"children": [9]
				}
			]
		},
		{
			"name": "group",
			"origin": [0, 0, 0],
			"color": 0,
			"nbt": "{}",
			"armAnimationEnabled": false,
			"children": [10, 11]
		},
		{
			"name": "group",
			"origin": [8, 8, 8],
			"color": 0,
			"nbt": "{}",
			"armAnimationEnabled": false,
			"children": [12, 13, 14, 15, 16, 17, 18, 19]
		},
		{
			"name": "group",
			"origin": [8, 8, 8],
			"color": 0,
			"nbt": "{}",
			"armAnimationEnabled": false,
			"children": [20, 21, 22, 23, 24]
		},
		{
			"name": "group",
			"origin": [8, 8, 8],
			"color": 0,
			"nbt": "{}",
			"armAnimationEnabled": false,
			"children": [25, 26]
		},
		27,
		{
			"name": "group",
			"origin": [8, 8, 8],
			"color": 0,
			"nbt": "{}",
			"armAnimationEnabled": false,
			"children": [28, 29, 30]
		},
		{
			"name": "group",
			"origin": [8, 8, 8],
			"color": 0,
			"nbt": "{}",
			"armAnimationEnabled": false,
			"children": [31, 32, 33]
		},
		{
			"name": "group",
			"origin": [8, 8, 8],
			"color": 0,
			"nbt": "{}",
			"armAnimationEnabled": false,
			"children": [34, 35, 36, 37, 38]
		},
		{
			"name": "group",
			"origin": [8, 8, 8],
			"color": 0,
			"nbt": "{}",
			"armAnimationEnabled": false,
			"children": [39, 40, 41, 42, 43]
		},
		44
	]
}