{
	"credit": "Made with Blockbench",
	"textures": {
		"1": "./foxy",
		"particle": "./AppData/Roaming/.minecraft/resourcepacks/fnaf texture pack/assets/minecraft/optifine/cit/foxy/foxy"
	},
	"elements": [
		{
			"from": [6.5, 3, 2.5],
			"to": [9.5, 4.75, 6.75],
			"faces": {
				"north": {"uv": [13, 0, 16, 4.25], "texture": "#1"},
				"east": {"uv": [13, 0, 16, 4.25], "texture": "#1"},
				"south": {"uv": [13, 0, 16, 4.25], "texture": "#1"},
				"west": {"uv": [13, 0, 16, 4.25], "texture": "#1"},
				"up": {"uv": [13, 0, 16, 4.25], "texture": "#1"},
				"down": {"uv": [13, 0, 16, 4.25], "texture": "#1"}
			}
		},
		{
			"from": [3.75, 3, 6.75],
			"to": [5, 4.25, 8.75],
			"faces": {
				"north": {"uv": [0, 0, 1.25, 1.25], "texture": "#1"},
				"east": {"uv": [0, 0, 6, 1.25], "texture": "#1"},
				"south": {"uv": [0, 0, 1.25, 1.25], "texture": "#1"},
				"west": {"uv": [0, 0, 6, 1.25], "texture": "#1"},
				"up": {"uv": [0, 0, 1.25, 2], "texture": "#1"},
				"down": {"uv": [0, 0, 1.25, 6], "texture": "#1"}
			}
		},
		{
			"from": [11, 3, 6.75],
			"to": [12.25, 4.25, 8.75],
			"faces": {
				"north": {"uv": [0, 0, 1.25, 1.25], "texture": "#1"},
				"east": {"uv": [0, 0, 6, 1.25], "texture": "#1"},
				"south": {"uv": [0, 0, 1.25, 1.25], "texture": "#1"},
				"west": {"uv": [0, 0, 6, 1.25], "texture": "#1"},
				"up": {"uv": [0, 0, 1.25, 2], "texture": "#1"},
				"down": {"uv": [0, 0, 1.25, 6], "texture": "#1"}
			}
		},
		{
			"from": [11, 4.25, 6.75],
			"to": [11.75, 5, 8.75],
			"faces": {
				"north": {"uv": [0, 0, 0.75, 0.75], "texture": "#1"},
				"east": {"uv": [0, 0, 6, 0.75], "texture": "#1"},
				"south": {"uv": [0, 0, 0.75, 0.75], "texture": "#1"},
				"west": {"uv": [0, 0, 6, 0.75], "texture": "#1"},
				"up": {"uv": [0, 0, 0.75, 2], "texture": "#1"},
				"down": {"uv": [0, 0, 0.75, 6], "texture": "#1"}
			}
		},
		{
			"from": [4.25, 4.25, 6.75],
			"to": [5, 5, 8.75],
			"faces": {
				"north": {"uv": [0, 0, 0.75, 0.75], "texture": "#1"},
				"east": {"uv": [0, 0, 6, 0.75], "texture": "#1"},
				"south": {"uv": [0, 0, 0.75, 0.75], "texture": "#1"},
				"west": {"uv": [0, 0, 6, 0.75], "texture": "#1"},
				"up": {"uv": [0, 0, 0.75, 2], "texture": "#1"},
				"down": {"uv": [0, 0, 0.75, 6], "texture": "#1"}
			}
		},
		{
			"from": [5, 3, 8.75],
			"to": [11, 7.75, 12.75],
			"faces": {
				"north": {"uv": [0, 0, 6, 4.75], "texture": "#1"},
				"east": {"uv": [0, 0, 4, 4.75], "texture": "#1"},
				"south": {"uv": [0, 0, 6, 4.75], "texture": "#1"},
				"west": {"uv": [0, 0, 4, 4.75], "texture": "#1"},
				"up": {"uv": [0, 0, 6, 4], "texture": "#1"},
				"down": {"uv": [0, 0, 6, 4], "texture": "#1"}
			}
		},
		{
			"from": [5, 3, 6.75],
			"to": [11, 4.75, 8.75],
			"faces": {
				"north": {"uv": [0, 0, 6, 1.75], "texture": "#1"},
				"east": {"uv": [0, 0, 2, 1.75], "texture": "#1"},
				"south": {"uv": [0, 0, 6, 1.75], "texture": "#1"},
				"west": {"uv": [0, 0, 2, 1.75], "texture": "#1"},
				"up": {"uv": [0, 0, 6, 2], "texture": "#1"},
				"down": {"uv": [0, 0, 6, 2], "texture": "#1"}
			}
		},
		{
			"from": [5, 6.5, 6.75],
			"to": [11, 7.75, 8.75],
			"faces": {
				"north": {"uv": [0, 0, 6, 1.25], "texture": "#1"},
				"east": {"uv": [0, 0, 2, 1.25], "texture": "#1"},
				"south": {"uv": [0, 0, 6, 1.25], "texture": "#1"},
				"west": {"uv": [0, 0, 2, 1.25], "texture": "#1"},
				"up": {"uv": [0, 0, 6, 2], "texture": "#1"},
				"down": {"uv": [0, 0, 6, 2], "texture": "#1"}
			}
		},
		{
			"from": [10.25, 4.75, 6.75],
			"to": [11, 6.5, 8.75],
			"faces": {
				"north": {"uv": [0, 0, 0.75, 1.75], "texture": "#1"},
				"east": {"uv": [0, 0, 2, 1.75], "texture": "#1"},
				"south": {"uv": [0, 0, 0.75, 1.75], "texture": "#1"},
				"west": {"uv": [0, 0, 2, 1.75], "texture": "#1"},
				"up": {"uv": [0, 0, 0.75, 2], "texture": "#1"},
				"down": {"uv": [0, 0, 0.75, 2], "texture": "#1"}
			}
		},
		{
			"from": [7.5, 4.75, 6.75],
			"to": [8.5, 6.5, 8.75],
			"faces": {
				"north": {"uv": [0, 0, 1, 1.75], "texture": "#1"},
				"east": {"uv": [0, 0, 2, 1.75], "texture": "#1"},
				"south": {"uv": [0, 0, 1, 1.75], "texture": "#1"},
				"west": {"uv": [0, 0, 2, 1.75], "texture": "#1"},
				"up": {"uv": [0, 0, 1, 2], "texture": "#1"},
				"down": {"uv": [0, 0, 1, 2], "texture": "#1"}
			}
		},
		{
			"from": [5, 4.75, 6.75],
			"to": [5.75, 6.5, 8.75],
			"faces": {
				"north": {"uv": [0, 0, 0.75, 1.75], "texture": "#1"},
				"east": {"uv": [0, 0, 2, 1.75], "texture": "#1"},
				"south": {"uv": [0, 0, 0.75, 1.75], "texture": "#1"},
				"west": {"uv": [0, 0, 2, 1.75], "texture": "#1"},
				"up": {"uv": [0, 0, 0.75, 2], "texture": "#1"},
				"down": {"uv": [0, 0, 0.75, 2], "texture": "#1"}
			}
		},
		{
			"from": [6, -0.5, 3.25],
			"to": [9.75, 0.5, 7.75],
			"rotation": {"angle": -22.5, "axis": "x", "origin": [7.875, 0.9375, 6.25]},
			"faces": {
				"north": {"uv": [0, 0, 3.75, 1], "texture": "#1"},
				"east": {"uv": [0, 0, 3.75, 1], "texture": "#1"},
				"south": {"uv": [0, 0, 3.75, 1], "texture": "#1"},
				"west": {"uv": [0, 0, 3.75, 1], "texture": "#1"},
				"up": {"uv": [0, 0, 3.75, 4.5], "texture": "#1"},
				"down": {"uv": [0, 0, 3.75, 1], "texture": "#1"}
			}
		},
		{
			"from": [5.5, -0.5, 7.75],
			"to": [10.25, 0.5, 12.25],
			"rotation": {"angle": -22.5, "axis": "x", "origin": [7.875, 0.9375, 6.25]},
			"faces": {
				"north": {"uv": [0, 0, 4.75, 1], "texture": "#1"},
				"east": {"uv": [0, 0, 4.75, 1], "texture": "#1"},
				"south": {"uv": [0, 0, 4.75, 1], "texture": "#1"},
				"west": {"uv": [0, 0, 4.75, 1], "texture": "#1"},
				"up": {"uv": [0, 0, 4.75, 4.5], "texture": "#1"},
				"down": {"uv": [0, 0, 4.75, 1], "texture": "#1"}
			}
		},
		{
			"from": [6, 0.5, 7],
			"to": [6.5, 1.25, 7.5],
			"rotation": {"angle": -22.5, "axis": "x", "origin": [7.875, 0.9375, 6.25]},
			"faces": {
				"north": {"uv": [14, 7.5, 14.5, 8.25], "texture": "#1"},
				"east": {"uv": [14, 7.5, 14.5, 8.25], "texture": "#1"},
				"south": {"uv": [14, 7.5, 14.5, 8.25], "texture": "#1"},
				"west": {"uv": [14, 7.5, 14.5, 8.25], "texture": "#1"},
				"up": {"uv": [14, 7.5, 14.5, 8.25], "texture": "#1"},
				"down": {"uv": [14, 7.5, 14.5, 8.25], "texture": "#1"}
			}
		},
		{
			"from": [6, 0.5, 6],
			"to": [6.5, 1.25, 6.5],
			"rotation": {"angle": -22.5, "axis": "x", "origin": [7.875, 0.9375, 6.25]},
			"faces": {
				"north": {"uv": [14, 7.5, 14.5, 8.25], "texture": "#1"},
				"east": {"uv": [14, 7.5, 14.5, 8.25], "texture": "#1"},
				"south": {"uv": [14, 7.5, 14.5, 8.25], "texture": "#1"},
				"west": {"uv": [14, 7.5, 14.5, 8.25], "texture": "#1"},
				"up": {"uv": [14, 7.5, 14.5, 8.25], "texture": "#1"},
				"down": {"uv": [14, 7.5, 14.5, 8.25], "texture": "#1"}
			}
		},
		{
			"from": [6, 0.5, 5],
			"to": [6.5, 1.25, 5.5],
			"rotation": {"angle": -22.5, "axis": "x", "origin": [7.875, 0.9375, 6.25]},
			"faces": {
				"north": {"uv": [14, 7.5, 14.5, 8.25], "texture": "#1"},
				"east": {"uv": [14, 7.5, 14.5, 8.25], "texture": "#1"},
				"south": {"uv": [14, 7.5, 14.5, 8.25], "texture": "#1"},
				"west": {"uv": [14, 7.5, 14.5, 8.25], "texture": "#1"},
				"up": {"uv": [14, 7.5, 14.5, 8.25], "texture": "#1"},
				"down": {"uv": [14, 7.5, 14.5, 8.25], "texture": "#1"}
			}
		},
		{
			"from": [6, 0.5, 4],
			"to": [6.5, 1.25, 4.5],
			"rotation": {"angle": -22.5, "axis": "x", "origin": [7.875, 0.9375, 6.25]},
			"faces": {
				"north": {"uv": [14, 7.5, 14.5, 8.25], "texture": "#1"},
				"east": {"uv": [14, 7.5, 14.5, 8.25], "texture": "#1"},
				"south": {"uv": [14, 7.5, 14.5, 8.25], "texture": "#1"},
				"west": {"uv": [14, 7.5, 14.5, 8.25], "texture": "#1"},
				"up": {"uv": [14, 7.5, 14.5, 8.25], "texture": "#1"},
				"down": {"uv": [14, 7.5, 14.5, 8.25], "texture": "#1"}
			}
		},
		{
			"from": [6, 0.5, 3.25],
			"to": [6.5, 1.25, 3.75],
			"rotation": {"angle": -22.5, "axis": "x", "origin": [7.875, 0.9375, 6.25]},
			"faces": {
				"north": {"uv": [14, 7.5, 14.5, 8.25], "texture": "#1"},
				"east": {"uv": [14, 7.5, 14.5, 8.25], "texture": "#1"},
				"south": {"uv": [14, 7.5, 14.5, 8.25], "texture": "#1"},
				"west": {"uv": [14, 7.5, 14.5, 8.25], "texture": "#1"},
				"up": {"uv": [14, 7.5, 14.5, 8.25], "texture": "#1"},
				"down": {"uv": [14, 7.5, 14.5, 8.25], "texture": "#1"}
			}
		},
		{
			"from": [9.25, 0.5, 7],
			"to": [9.75, 1.25, 7.5],
			"rotation": {"angle": -22.5, "axis": "x", "origin": [7.875, 0.9375, 6.25]},
			"faces": {
				"north": {"uv": [14, 7.5, 14.5, 8.25], "texture": "#1"},
				"east": {"uv": [14, 7.5, 14.5, 8.25], "texture": "#1"},
				"south": {"uv": [14, 7.5, 14.5, 8.25], "texture": "#1"},
				"west": {"uv": [14, 7.5, 14.5, 8.25], "texture": "#1"},
				"up": {"uv": [14, 7.5, 14.5, 8.25], "texture": "#1"},
				"down": {"uv": [14, 7.5, 14.5, 8.25], "texture": "#1"}
			}
		},
		{
			"from": [9.25, 0.5, 6],
			"to": [9.75, 1.25, 6.5],
			"rotation": {"angle": -22.5, "axis": "x", "origin": [7.875, 0.9375, 6.25]},
			"faces": {
				"north": {"uv": [14, 7.5, 14.5, 8.25], "texture": "#1"},
				"east": {"uv": [14, 7.5, 14.5, 8.25], "texture": "#1"},
				"south": {"uv": [14, 7.5, 14.5, 8.25], "texture": "#1"},
				"west": {"uv": [14, 7.5, 14.5, 8.25], "texture": "#1"},
				"up": {"uv": [14, 7.5, 14.5, 8.25], "texture": "#1"},
				"down": {"uv": [14, 7.5, 14.5, 8.25], "texture": "#1"}
			}
		},
		{
			"from": [9.25, 0.5, 5],
			"to": [9.75, 1.25, 5.5],
			"rotation": {"angle": -22.5, "axis": "x", "origin": [7.875, 0.9375, 6.25]},
			"faces": {
				"north": {"uv": [14.5, 7.5, 15, 7.75], "texture": "#1"},
				"east": {"uv": [14.5, 7.5, 15, 7.75], "texture": "#1"},
				"south": {"uv": [14.5, 7.5, 15, 7.75], "texture": "#1"},
				"west": {"uv": [14.5, 7.5, 15, 7.75], "texture": "#1"},
				"up": {"uv": [14.5, 7.5, 15, 7.75], "texture": "#1"},
				"down": {"uv": [14.5, 7.5, 15, 7.75], "texture": "#1"}
			}
		},
		{
			"from": [9.25, 0.5, 4],
			"to": [9.75, 1.25, 4.5],
			"rotation": {"angle": -22.5, "axis": "x", "origin": [7.875, 0.9375, 6.25]},
			"faces": {
				"north": {"uv": [14.5, 7.5, 15, 7.75], "texture": "#1"},
				"east": {"uv": [14.5, 7.5, 15, 7.75], "texture": "#1"},
				"south": {"uv": [14.5, 7.5, 15, 7.75], "texture": "#1"},
				"west": {"uv": [14.5, 7.5, 15, 7.75], "texture": "#1"},
				"up": {"uv": [14.5, 7.5, 15, 7.75], "texture": "#1"},
				"down": {"uv": [14.5, 7.5, 15, 7.75], "texture": "#1"}
			}
		},
		{
			"from": [9.25, 0.5, 3.25],
			"to": [9.75, 1.25, 3.75],
			"rotation": {"angle": -22.5, "axis": "x", "origin": [7.875, 0.9375, 6.25]},
			"faces": {
				"north": {"uv": [14, 7.5, 14.5, 8.25], "texture": "#1"},
				"east": {"uv": [14, 7.5, 14.5, 8.25], "texture": "#1"},
				"south": {"uv": [14, 7.5, 14.5, 8.25], "texture": "#1"},
				"west": {"uv": [14, 7.5, 14.5, 8.25], "texture": "#1"},
				"up": {"uv": [14, 7.5, 14.5, 8.25], "texture": "#1"},
				"down": {"uv": [14, 7.5, 14.5, 8.25], "texture": "#1"}
			}
		},
		{
			"from": [8.25, 0.5, 3.25],
			"to": [8.75, 1.25, 3.75],
			"rotation": {"angle": -22.5, "axis": "x", "origin": [7.875, 0.9375, 6.25]},
			"faces": {
				"north": {"uv": [14, 7.5, 14.5, 8.25], "texture": "#1"},
				"east": {"uv": [14, 7.5, 14.5, 8.25], "texture": "#1"},
				"south": {"uv": [14, 7.5, 14.5, 8.25], "texture": "#1"},
				"west": {"uv": [14, 7.5, 14.5, 8.25], "texture": "#1"},
				"up": {"uv": [14, 7.5, 14.5, 8.25], "texture": "#1"},
				"down": {"uv": [14, 7.5, 14.5, 8.25], "texture": "#1"}
			}
		},
		{
			"from": [7, 0.5, 3.25],
			"to": [7.5, 1.25, 3.75],
			"rotation": {"angle": -22.5, "axis": "x", "origin": [7.875, 0.9375, 6.25]},
			"faces": {
				"north": {"uv": [14.5, 7.5, 15, 7.75], "texture": "#1"},
				"east": {"uv": [14.5, 7.5, 15, 7.75], "texture": "#1"},
				"south": {"uv": [14.5, 7.5, 15, 7.75], "texture": "#1"},
				"west": {"uv": [14.5, 7.5, 15, 7.75], "texture": "#1"},
				"up": {"uv": [14.5, 7.5, 15, 7.75], "texture": "#1"},
				"down": {"uv": [14.5, 7.5, 15, 7.75], "texture": "#1"}
			}
		},
		{
			"from": [7.25, 2.25, 2.5],
			"to": [7.75, 3, 3],
			"faces": {
				"north": {"uv": [14, 7, 14.5, 7.75], "texture": "#1"},
				"east": {"uv": [14, 7, 14.5, 7.75], "texture": "#1"},
				"south": {"uv": [14, 7, 14.5, 7.75], "texture": "#1"},
				"west": {"uv": [14, 7, 14.5, 7.75], "texture": "#1"},
				"up": {"uv": [14, 7, 14.5, 7.75], "texture": "#1"},
				"down": {"uv": [14, 7, 14.5, 7.75], "texture": "#1"}
			}
		},
		{
			"from": [8.25, 2.25, 2.5],
			"to": [8.75, 3, 3],
			"faces": {
				"north": {"uv": [14.5, 7, 15, 7.25], "texture": "#1"},
				"east": {"uv": [14.5, 7, 15, 7.25], "texture": "#1"},
				"south": {"uv": [14.5, 7, 15, 7.25], "texture": "#1"},
				"west": {"uv": [14.5, 7, 15, 7.25], "texture": "#1"},
				"up": {"uv": [14.5, 7, 15, 7.25], "texture": "#1"},
				"down": {"uv": [14.5, 7, 15, 7.25], "texture": "#1"}
			}
		},
		{
			"from": [9, 2.25, 3.5],
			"to": [9.5, 3, 4],
			"faces": {
				"north": {"uv": [14, 7, 14.5, 7.75], "texture": "#1"},
				"east": {"uv": [14, 7, 14.5, 7.75], "texture": "#1"},
				"south": {"uv": [14, 7, 14.5, 7.75], "texture": "#1"},
				"west": {"uv": [14, 7, 14.5, 7.75], "texture": "#1"},
				"up": {"uv": [14, 7, 14.5, 7.75], "texture": "#1"},
				"down": {"uv": [14, 7, 14.5, 7.75], "texture": "#1"}
			}
		},
		{
			"from": [6.5, 2.25, 3.5],
			"to": [7, 3, 4],
			"faces": {
				"north": {"uv": [14, 7, 14.5, 7.75], "texture": "#1"},
				"east": {"uv": [14, 7, 14.5, 7.75], "texture": "#1"},
				"south": {"uv": [14, 7, 14.5, 7.75], "texture": "#1"},
				"west": {"uv": [14, 7, 14.5, 7.75], "texture": "#1"},
				"up": {"uv": [14, 7, 14.5, 7.75], "texture": "#1"},
				"down": {"uv": [14, 7, 14.5, 7.75], "texture": "#1"}
			}
		},
		{
			"from": [6.5, 2.25, 4.5],
			"to": [7, 3, 5],
			"faces": {
				"north": {"uv": [14, 7, 14.5, 7.75], "texture": "#1"},
				"east": {"uv": [14, 7, 14.5, 7.75], "texture": "#1"},
				"south": {"uv": [14, 7, 14.5, 7.75], "texture": "#1"},
				"west": {"uv": [14, 7, 14.5, 7.75], "texture": "#1"},
				"up": {"uv": [14, 7, 14.5, 7.75], "texture": "#1"},
				"down": {"uv": [14, 7, 14.5, 7.75], "texture": "#1"}
			}
		},
		{
			"from": [9, 2.25, 4.5],
			"to": [9.5, 3, 5],
			"faces": {
				"north": {"uv": [14, 7, 14.5, 7.75], "texture": "#1"},
				"east": {"uv": [14, 7, 14.5, 7.75], "texture": "#1"},
				"south": {"uv": [14, 7, 14.5, 7.75], "texture": "#1"},
				"west": {"uv": [14, 7, 14.5, 7.75], "texture": "#1"},
				"up": {"uv": [14, 7, 14.5, 7.75], "texture": "#1"},
				"down": {"uv": [14, 7, 14.5, 7.75], "texture": "#1"}
			}
		},
		{
			"from": [9, 2.25, 5.5],
			"to": [9.5, 3, 6],
			"faces": {
				"north": {"uv": [14, 7, 14.5, 7.75], "texture": "#1"},
				"east": {"uv": [14, 7, 14.5, 7.75], "texture": "#1"},
				"south": {"uv": [14, 7, 14.5, 7.75], "texture": "#1"},
				"west": {"uv": [14, 7, 14.5, 7.75], "texture": "#1"},
				"up": {"uv": [14, 7, 14.5, 7.75], "texture": "#1"},
				"down": {"uv": [14, 7, 14.5, 7.75], "texture": "#1"}
			}
		},
		{
			"from": [6.5, 2.25, 5.5],
			"to": [7, 3, 6],
			"faces": {
				"north": {"uv": [14, 7, 14.5, 7.75], "texture": "#1"},
				"east": {"uv": [14, 7, 14.5, 7.75], "texture": "#1"},
				"south": {"uv": [14, 7, 14.5, 7.75], "texture": "#1"},
				"west": {"uv": [14, 7, 14.5, 7.75], "texture": "#1"},
				"up": {"uv": [14, 7, 14.5, 7.75], "texture": "#1"},
				"down": {"uv": [14, 7, 14.5, 7.75], "texture": "#1"}
			}
		},
		{
			"from": [6, 4.75, 7.25],
			"to": [7.25, 6, 8.5],
			"faces": {
				"north": {"uv": [14, 6.5, 16, 8.5], "texture": "#1"},
				"east": {"uv": [14, 6.5, 16, 8.5], "texture": "#1"},
				"south": {"uv": [14, 6.5, 16, 8.5], "texture": "#1"},
				"west": {"uv": [14, 6.5, 16, 8.5], "texture": "#1"},
				"up": {"uv": [14, 6.5, 16, 8.5], "texture": "#1"},
				"down": {"uv": [14, 6.5, 16, 8.5], "texture": "#1"}
			}
		},
		{
			"from": [8.5, 4.75, 6.5],
			"to": [10.25, 6.5, 7],
			"faces": {
				"north": {"uv": [14.25, 4.5, 16, 6.25], "texture": "#1"},
				"east": {"uv": [14.25, 4.5, 16, 6.25], "texture": "#1"},
				"south": {"uv": [14.25, 4.5, 16, 6.25], "texture": "#1"},
				"west": {"uv": [14.25, 4.5, 16, 6.25], "texture": "#1"},
				"up": {"uv": [14.25, 4.5, 16, 6.25], "texture": "#1"},
				"down": {"uv": [14.25, 4.5, 16, 6.25], "texture": "#1"}
			}
		},
		{
			"from": [5.75, 4.75, 7.75],
			"to": [7.5, 6.5, 8.25],
			"faces": {
				"north": {"uv": [14.25, 4.5, 16, 6.25], "texture": "#1"},
				"east": {"uv": [14.25, 4.5, 16, 6.25], "texture": "#1"},
				"south": {"uv": [14.25, 4.5, 16, 6.25], "texture": "#1"},
				"west": {"uv": [14.25, 4.5, 16, 6.25], "texture": "#1"},
				"up": {"uv": [14.25, 4.5, 16, 6.25], "texture": "#1"},
				"down": {"uv": [14.25, 4.5, 16, 6.25], "texture": "#1"}
			}
		},
		{
			"from": [7.25, 4.25, 2.25],
			"to": [8.75, 5, 3],
			"faces": {
				"north": {"uv": [14.25, 4.5, 15.75, 5.25], "texture": "#1"},
				"east": {"uv": [14.25, 4.5, 15.75, 5.25], "texture": "#1"},
				"south": {"uv": [14.25, 4.5, 15.75, 5.25], "texture": "#1"},
				"west": {"uv": [14.25, 4.5, 15.75, 5.25], "texture": "#1"},
				"up": {"uv": [14.25, 4.5, 15.75, 5.25], "texture": "#1"},
				"down": {"uv": [14.25, 4.5, 15.75, 5.25], "texture": "#1"}
			}
		},
		{
			"from": [6.75, 0.375, 7.375],
			"to": [9, 0.875, 11.375],
			"rotation": {"angle": -22.5, "axis": "x", "origin": [9.375, 1.625, 6.75]},
			"faces": {
				"north": {"uv": [0, 11.5, 2.25, 12], "rotation": 180, "texture": "#1"},
				"east": {"uv": [0, 11.5, 2.25, 12], "rotation": 180, "texture": "#1"},
				"south": {"uv": [0, 11.5, 2.25, 12], "rotation": 180, "texture": "#1"},
				"west": {"uv": [0, 11.5, 2.25, 12], "rotation": 180, "texture": "#1"},
				"up": {"uv": [0, 11.5, 2.25, 12], "rotation": 180, "texture": "#1"},
				"down": {"uv": [0, 11.5, 2.25, 12], "rotation": 180, "texture": "#1"}
			}
		},
		{
			"from": [6.75, 2.74424, 7.50182],
			"to": [9, 3.24424, 11.50182],
			"rotation": {"angle": 0, "axis": "x", "origin": [7.875, 2.49424, 9.50182]},
			"faces": {
				"north": {"uv": [0, 11.5, 2.25, 12], "rotation": 180, "texture": "#1"},
				"east": {"uv": [0, 11.5, 2.25, 12], "rotation": 180, "texture": "#1"},
				"south": {"uv": [0, 11.5, 2.25, 12], "rotation": 180, "texture": "#1"},
				"west": {"uv": [0, 11.5, 2.25, 12], "rotation": 180, "texture": "#1"},
				"up": {"uv": [0, 11.5, 2.25, 12], "rotation": 180, "texture": "#1"},
				"down": {"uv": [0, 11.5, 2.25, 12], "rotation": 180, "texture": "#1"}
			}
		},
		{
			"from": [6.25, 1.74424, 10.25182],
			"to": [9.5, 4.74424, 11.50182],
			"rotation": {"angle": 0, "axis": "x", "origin": [7.875, 2.49424, 9.50182]},
			"faces": {
				"north": {"uv": [0, 11.5, 3.25, 14.5], "rotation": 180, "texture": "#1"},
				"east": {"uv": [0, 11.5, 3.25, 14.5], "rotation": 180, "texture": "#1"},
				"south": {"uv": [0, 11.5, 3.25, 14.5], "rotation": 180, "texture": "#1"},
				"west": {"uv": [0, 11.5, 3.25, 14.5], "rotation": 180, "texture": "#1"},
				"up": {"uv": [0, 11.5, 3.25, 14.5], "rotation": 180, "texture": "#1"},
				"down": {"uv": [0, 11.5, 3.25, 14.5], "rotation": 180, "texture": "#1"}
			}
		},
		{
			"from": [5.75, 5.75, 7],
			"to": [7.5, 6.5, 8],
			"faces": {
				"north": {"uv": [14.25, 0, 16, 1], "texture": "#1"},
				"east": {"uv": [14.25, 0, 16, 1], "texture": "#1"},
				"south": {"uv": [14.25, 0, 16, 1], "texture": "#1"},
				"west": {"uv": [14.25, 0, 16, 1], "texture": "#1"},
				"up": {"uv": [14.25, 0, 16, 1], "texture": "#1"},
				"down": {"uv": [14.25, 0, 16, 1], "texture": "#1"}
			}
		},
		{
			"from": [5.75, 6.75, 6.5],
			"to": [7.5, 7, 7.5],
			"faces": {
				"north": {"uv": [14.25, 0, 16, 1], "texture": "#1"},
				"east": {"uv": [14.25, 0, 16, 1], "texture": "#1"},
				"south": {"uv": [14.25, 0, 16, 1], "texture": "#1"},
				"west": {"uv": [14.25, 0, 16, 1], "texture": "#1"},
				"up": {"uv": [14.25, 0, 16, 1], "texture": "#1"},
				"down": {"uv": [14.25, 0, 16, 1], "texture": "#1"}
			}
		},
		{
			"from": [8.5, 6.75, 6.5],
			"to": [10.25, 7, 7.5],
			"faces": {
				"north": {"uv": [14.25, 0, 16, 1], "texture": "#1"},
				"east": {"uv": [14.25, 0, 16, 1], "texture": "#1"},
				"south": {"uv": [14.25, 0, 16, 1], "texture": "#1"},
				"west": {"uv": [14.25, 0, 16, 1], "texture": "#1"},
				"up": {"uv": [14.25, 0, 16, 1], "texture": "#1"},
				"down": {"uv": [14.25, 0, 16, 1], "texture": "#1"}
			}
		},
		{
			"from": [13, 6.74424, 10.25182],
			"to": [14.25, 8.74424, 11.00182],
			"rotation": {"angle": -45, "axis": "z", "origin": [11.875, 10.74424, 10.87682]},
			"faces": {
				"north": {"uv": [0, 12, 1.25, 14], "rotation": 180, "texture": "#1"},
				"east": {"uv": [0, 12, 1.25, 14], "rotation": 180, "texture": "#1"},
				"south": {"uv": [0, 12, 1.25, 14], "rotation": 180, "texture": "#1"},
				"west": {"uv": [0, 12, 1.25, 14], "rotation": 180, "texture": "#1"},
				"up": {"uv": [0, 12, 1.25, 14], "rotation": 180, "texture": "#1"},
				"down": {"uv": [0, 12, 1.25, 14], "rotation": 180, "texture": "#1"}
			}
		},
		{
			"from": [13, 8.74424, 10.00182],
			"to": [14.25, 11.49424, 11.00182],
			"rotation": {"angle": -45, "axis": "z", "origin": [11.875, 10.74424, 10.87682]},
			"faces": {
				"north": {"uv": [0, 0, 1.25, 2.75], "rotation": 180, "texture": "#1"},
				"east": {"uv": [0, 0, 2.75, 1], "rotation": 270, "texture": "#1"},
				"south": {"uv": [0, 0, 1.25, 2.75], "texture": "#1"},
				"west": {"uv": [0, 0, 2.75, 1], "rotation": 90, "texture": "#1"},
				"up": {"uv": [0, 0, 1.25, 1], "rotation": 180, "texture": "#1"},
				"down": {"uv": [0, 0, 1.25, 1], "texture": "#1"}
			}
		},
		{
			"from": [12.5, 8.74424, 10.25182],
			"to": [14.75, 10.99424, 11.00182],
			"rotation": {"angle": -45, "axis": "z", "origin": [11.875, 10.74424, 10.87682]},
			"faces": {
				"north": {"uv": [0, 0, 2.25, 2.25], "rotation": 180, "texture": "#1"},
				"east": {"uv": [0, 0, 2.25, 0.75], "rotation": 270, "texture": "#1"},
				"south": {"uv": [0, 0, 2.25, 2.25], "texture": "#1"},
				"west": {"uv": [0, 0, 2.25, 0.75], "rotation": 90, "texture": "#1"},
				"up": {"uv": [0, 0, 2.25, 0.75], "rotation": 180, "texture": "#1"},
				"down": {"uv": [0, 0, 2.25, 0.75], "texture": "#1"}
			}
		},
		{
			"from": [2.42027, 9.82321, 10.25182],
			"to": [3.67027, 11.82321, 11.00182],
			"rotation": {"angle": 45, "axis": "z", "origin": [8.29527, 11.76071, 10.56432]},
			"faces": {
				"north": {"uv": [1.5, 12.5, 2.75, 14.5], "texture": "#1"},
				"east": {"uv": [1.5, 12.5, 2.75, 14.5], "texture": "#1"},
				"south": {"uv": [1.5, 12.5, 2.75, 14.5], "texture": "#1"},
				"west": {"uv": [1.5, 12.5, 2.75, 14.5], "texture": "#1"},
				"up": {"uv": [1.5, 12.5, 2.75, 14.5], "texture": "#1"},
				"down": {"uv": [1.5, 12.5, 2.75, 14.5], "texture": "#1"}
			}
		},
		{
			"from": [2.42027, 11.82321, 10.00182],
			"to": [3.67027, 14.57321, 11.00182],
			"rotation": {"angle": 45, "axis": "z", "origin": [8.29527, 11.76071, 10.56432]},
			"faces": {
				"north": {"uv": [0, 0, 1.25, 2.75], "rotation": 180, "texture": "#1"},
				"east": {"uv": [0, 0, 2.75, 1], "rotation": 270, "texture": "#1"},
				"south": {"uv": [0, 0, 1.25, 2.75], "texture": "#1"},
				"west": {"uv": [0, 0, 2.75, 1], "rotation": 90, "texture": "#1"},
				"up": {"uv": [0, 0, 1.25, 1], "rotation": 180, "texture": "#1"},
				"down": {"uv": [0, 0, 1.25, 1], "texture": "#1"}
			}
		},
		{
			"from": [1.92027, 11.82321, 10.25182],
			"to": [4.17027, 14.07321, 11.00182],
			"rotation": {"angle": 45, "axis": "z", "origin": [8.29527, 11.76071, 10.56432]},
			"faces": {
				"north": {"uv": [0, 0, 2.25, 2.25], "rotation": 180, "texture": "#1"},
				"east": {"uv": [0, 0, 2.25, 0.75], "rotation": 270, "texture": "#1"},
				"south": {"uv": [0, 0, 2.25, 2.25], "texture": "#1"},
				"west": {"uv": [0, 0, 2.25, 0.75], "rotation": 90, "texture": "#1"},
				"up": {"uv": [0, 0, 2.25, 0.75], "rotation": 180, "texture": "#1"},
				"down": {"uv": [0, 0, 2.25, 0.75], "texture": "#1"}
			}
		}
	],
	"display": {
		"ground": {
			"rotation": [26, 1, 0],
			"translation": [0, 3.5, 0]
		},
		"gui": {
			"rotation": [0, -180, 0],
			"translation": [0.5, 4.25, 0],
			"scale": [1.24, 1.24, 1.24]
		},
		"head": {
			"translation": [0, 8, -3.75],
			"scale": [2.14, 2.14, 2.14]
		},
		"fixed": {
			"translation": [0, 3.75, -2.75]
		}
	},
	"groups": [
		{
			"name": "group",
			"origin": [8, 8, 8],
			"color": 0,
			"children": [
				{
					"name": "group",
					"origin": [0, 0, 0],
					"color": 0,
					"children": [
						0,
						1,
						2,
						3,
						4,
						5,
						6,
						7,
						8,
						9,
						10,
						{
							"name": "bottom jaw",
							"origin": [8, 8, 8],
							"color": 0,
							"children": [
								11,
								12,
								{
									"name": "bottom jaw teeth",
									"origin": [0, 0, 0],
									"color": 0,
									"children": [13, 14, 15, 16, 17, 18, 19, 20, 21, 22, 23, 24]
								}
							]
						}
					]
				},
				{
					"name": "upper jaw teeth",
					"origin": [8, 8, 8],
					"color": 0,
					"children": [25, 26, 27, 28, 29, 30, 31, 32]
				},
				{
					"name": "group",
					"origin": [8, 8, 8],
					"color": 0,
					"children": [33]
				},
				{
					"name": "group",
					"origin": [8, 8, 8],
					"color": 0,
					"children": [34, 35, 36]
				},
				{
					"name": "group",
					"origin": [8, 8, 8],
					"color": 0,
					"children": [37, 38, 39]
				},
				{
					"name": "group",
					"origin": [8, 8, 8],
					"color": 0,
					"children": [40, 41, 42]
				},
				{
					"name": "group",
					"origin": [8, 8, 8],
					"color": 3,
					"children": [43, 44, 45]
				},
				{
					"name": "group",
					"origin": [8, 8, 8],
					"color": 3,
					"children": [46, 47, 48]
				}
			]
		}
	]
}