{
	"credit": "Made with Blockbench",
	"textures": {
		"1": "./fruit"
	},
	"elements": [
		{
			"from": [14, 6, 3.5],
			"to": [18.5, 8.75, 12.5],
			"faces": {
				"north": {"uv": [10.25, 0.75, 13.25, 3.25], "texture": "#1"},
				"east": {"uv": [10.25, 3.5, 13.25, 9.25], "texture": "#1"},
				"south": {"uv": [10.25, 0.75, 13.25, 3.25], "texture": "#1"},
				"west": {"uv": [10.25, 3.5, 13.25, 9.25], "texture": "#1"},
				"up": {"uv": [10.25, 3.5, 13.25, 9.25], "texture": "#1"},
				"down": {"uv": [10.25, 3.5, 13.25, 9.25], "texture": "#1"}
			}
		},
		{
			"from": [-2.5, 6, 3.5],
			"to": [2, 8.75, 12.5],
			"faces": {
				"north": {"uv": [10.25, 0.75, 13.25, 3.25], "texture": "#1"},
				"east": {"uv": [10.25, 3.5, 13.25, 9.25], "texture": "#1"},
				"south": {"uv": [10.25, 0.75, 13.25, 3.25], "texture": "#1"},
				"west": {"uv": [10.25, 3.5, 13.25, 9.25], "texture": "#1"},
				"up": {"uv": [10.25, 3.5, 13.25, 9.25], "texture": "#1"},
				"down": {"uv": [10.25, 3.5, 13.25, 9.25], "texture": "#1"}
			}
		},
		{
			"from": [2, 0, 4],
			"to": [14, 9.25, 12.25],
			"faces": {
				"north": {"uv": [0, 1.5, 11, 9.25], "texture": "#1"},
				"east": {"uv": [11, 0, 13.25, 3.25], "texture": "#1"},
				"south": {"uv": [0, 1.5, 11, 9.25], "texture": "#1"},
				"west": {"uv": [11, 0, 13.25, 3.25], "texture": "#1"},
				"up": {"uv": [0, 1.5, 11, 9.25], "texture": "#1"},
				"down": {"uv": [0, 1.5, 11, 9.25], "texture": "#1"}
			}
		},
		{
			"from": [-1.5, 8.75, 5.25],
			"to": [-1, 10.25, 5.75],
			"faces": {
				"north": {"uv": [14, 13.75, 16, 16], "texture": "#1"},
				"east": {"uv": [14, 13.75, 16, 16], "texture": "#1"},
				"south": {"uv": [14, 13.75, 16, 16], "texture": "#1"},
				"west": {"uv": [14, 13.75, 16, 16], "texture": "#1"},
				"up": {"uv": [14, 13.75, 16, 16], "texture": "#1"},
				"down": {"uv": [14, 13.75, 16, 16], "texture": "#1"}
			}
		},
		{
			"from": [-1.5, 7.5, 11.25],
			"to": [-1, 9, 11.75],
			"faces": {
				"north": {"uv": [14, 13.75, 16, 16], "texture": "#1"},
				"east": {"uv": [14, 13.75, 16, 16], "texture": "#1"},
				"south": {"uv": [14, 13.75, 16, 16], "texture": "#1"},
				"west": {"uv": [14, 13.75, 16, 16], "texture": "#1"},
				"up": {"uv": [14, 13.75, 16, 16], "texture": "#1"},
				"down": {"uv": [14, 13.75, 16, 16], "texture": "#1"}
			}
		},
		{
			"from": [-1.5, 7.5, 9.75],
			"to": [-1, 9, 10.25],
			"faces": {
				"north": {"uv": [14, 13.75, 16, 16], "texture": "#1"},
				"east": {"uv": [14, 13.75, 16, 16], "texture": "#1"},
				"south": {"uv": [14, 13.75, 16, 16], "texture": "#1"},
				"west": {"uv": [14, 13.75, 16, 16], "texture": "#1"},
				"up": {"uv": [14, 13.75, 16, 16], "texture": "#1"},
				"down": {"uv": [14, 13.75, 16, 16], "texture": "#1"}
			}
		},
		{
			"from": [-0.75, 7.5, 10.5],
			"to": [-0.25, 9, 11],
			"faces": {
				"north": {"uv": [14, 13.75, 16, 16], "texture": "#1"},
				"east": {"uv": [14, 13.75, 16, 16], "texture": "#1"},
				"south": {"uv": [14, 13.75, 16, 16], "texture": "#1"},
				"west": {"uv": [14, 13.75, 16, 16], "texture": "#1"},
				"up": {"uv": [14, 13.75, 16, 16], "texture": "#1"},
				"down": {"uv": [14, 13.75, 16, 16], "texture": "#1"}
			}
		},
		{
			"from": [17.25, 8.75, 11.25],
			"to": [17.75, 10.25, 11.75],
			"rotation": {"angle": 0, "axis": "y", "origin": [17.125, 8.875, 8.5]},
			"faces": {
				"north": {"uv": [14, 13.75, 16, 16], "rotation": 180, "texture": "#1"},
				"east": {"uv": [14, 13.75, 16, 16], "rotation": 180, "texture": "#1"},
				"south": {"uv": [14, 13.75, 16, 16], "rotation": 180, "texture": "#1"},
				"west": {"uv": [14, 13.75, 16, 16], "rotation": 180, "texture": "#1"},
				"up": {"uv": [14, 13.75, 16, 16], "rotation": 180, "texture": "#1"},
				"down": {"uv": [14, 13.75, 16, 16], "rotation": 180, "texture": "#1"}
			}
		},
		{
			"from": [17.25, 7.5, 5.25],
			"to": [17.75, 9, 5.75],
			"rotation": {"angle": 0, "axis": "y", "origin": [17.125, 8.875, 8.5]},
			"faces": {
				"north": {"uv": [14, 13.75, 16, 16], "rotation": 180, "texture": "#1"},
				"east": {"uv": [14, 13.75, 16, 16], "rotation": 180, "texture": "#1"},
				"south": {"uv": [14, 13.75, 16, 16], "rotation": 180, "texture": "#1"},
				"west": {"uv": [14, 13.75, 16, 16], "rotation": 180, "texture": "#1"},
				"up": {"uv": [14, 13.75, 16, 16], "rotation": 180, "texture": "#1"},
				"down": {"uv": [14, 13.75, 16, 16], "rotation": 180, "texture": "#1"}
			}
		},
		{
			"from": [17.25, 7.5, 6.75],
			"to": [17.75, 9, 7.25],
			"rotation": {"angle": 0, "axis": "y", "origin": [17.125, 8.875, 8.5]},
			"faces": {
				"north": {"uv": [14, 13.75, 16, 16], "rotation": 180, "texture": "#1"},
				"east": {"uv": [14, 13.75, 16, 16], "rotation": 180, "texture": "#1"},
				"south": {"uv": [14, 13.75, 16, 16], "rotation": 180, "texture": "#1"},
				"west": {"uv": [14, 13.75, 16, 16], "rotation": 180, "texture": "#1"},
				"up": {"uv": [14, 13.75, 16, 16], "rotation": 180, "texture": "#1"},
				"down": {"uv": [14, 13.75, 16, 16], "rotation": 180, "texture": "#1"}
			}
		},
		{
			"from": [16.5, 7.5, 6],
			"to": [17, 9, 6.5],
			"rotation": {"angle": 0, "axis": "y", "origin": [17.125, 8.875, 8.5]},
			"faces": {
				"north": {"uv": [14, 13.75, 16, 16], "rotation": 180, "texture": "#1"},
				"east": {"uv": [14, 13.75, 16, 16], "rotation": 180, "texture": "#1"},
				"south": {"uv": [14, 13.75, 16, 16], "rotation": 180, "texture": "#1"},
				"west": {"uv": [14, 13.75, 16, 16], "rotation": 180, "texture": "#1"},
				"up": {"uv": [14, 13.75, 16, 16], "rotation": 180, "texture": "#1"},
				"down": {"uv": [14, 13.75, 16, 16], "rotation": 180, "texture": "#1"}
			}
		},
		{
			"from": [2, 10.25, 4],
			"to": [14, 10.5, 12.25],
			"faces": {
				"north": {"uv": [0, 8.75, 10.75, 16], "texture": "#1"},
				"east": {"uv": [0, 8.75, 10.75, 16], "texture": "#1"},
				"south": {"uv": [0, 8.75, 10.75, 16], "texture": "#1"},
				"west": {"uv": [0, 8.75, 10.75, 16], "texture": "#1"},
				"up": {"uv": [0, 9.25, 10.25, 16], "texture": "#1"},
				"down": {"uv": [0, 8.75, 10.75, 16], "texture": "#1"}
			}
		},
		{
			"from": [14, 10.25, 3.25],
			"to": [15.25, 10.75, 13],
			"faces": {
				"north": {"uv": [14.75, 0, 16, 0.5], "texture": "#1"},
				"east": {"uv": [14.75, 0, 24.5, 0.5], "texture": "#1"},
				"south": {"uv": [14.75, 0, 16, 0.5], "texture": "#1"},
				"west": {"uv": [14.75, 0, 24.5, 0.5], "texture": "#1"},
				"up": {"uv": [14.75, 0, 16, 9.75], "texture": "#1"},
				"down": {"uv": [14.75, 0, 16, 9.75], "texture": "#1"}
			}
		},
		{
			"from": [0.75, 10.25, 3.25],
			"to": [2, 10.75, 13],
			"faces": {
				"north": {"uv": [14.75, 0, 16, 0.5], "texture": "#1"},
				"east": {"uv": [14.75, 0, 24.5, 0.5], "texture": "#1"},
				"south": {"uv": [14.75, 0, 16, 0.5], "texture": "#1"},
				"west": {"uv": [14.75, 0, 24.5, 0.5], "texture": "#1"},
				"up": {"uv": [14.75, 0, 16, 9.75], "texture": "#1"},
				"down": {"uv": [14.75, 0, 16, 9.75], "texture": "#1"}
			}
		},
		{
			"from": [2, 10.25, 12.25],
			"to": [14, 10.75, 13],
			"faces": {
				"north": {"uv": [0, 0, 12, 0.5], "texture": "#1"},
				"east": {"uv": [0, 0, 0.75, 0.5], "texture": "#1"},
				"south": {"uv": [0, 0, 12, 0.5], "texture": "#1"},
				"west": {"uv": [0, 0, 0.75, 0.5], "texture": "#1"},
				"up": {"uv": [0, 0, 12, 0.75], "texture": "#1"},
				"down": {"uv": [0, 0, 11, 0.25], "texture": "#1"}
			}
		},
		{
			"from": [2, 10.25, 3.25],
			"to": [14, 10.75, 4],
			"faces": {
				"north": {"uv": [0, 0, 12, 0.5], "texture": "#1"},
				"east": {"uv": [0, 0, 0.75, 0.5], "texture": "#1"},
				"south": {"uv": [0, 0, 12, 0.5], "texture": "#1"},
				"west": {"uv": [0, 0, 0.75, 0.5], "texture": "#1"},
				"up": {"uv": [0, 0, 12, 0.75], "texture": "#1"},
				"down": {"uv": [0, 0, 11, 0.25], "texture": "#1"}
			}
		},
		{
			"from": [0.75, 9.25, 3.25],
			"to": [15.25, 10.25, 13],
			"faces": {
				"north": {"uv": [0, 0, 13.5, 2.25], "texture": "#1"},
				"east": {"uv": [0, 0, 13.5, 2.25], "texture": "#1"},
				"south": {"uv": [0, 0, 13.5, 2.25], "texture": "#1"},
				"west": {"uv": [0, 0, 13.5, 2.25], "texture": "#1"},
				"up": {"uv": [0, 0, 13.5, 2.25], "texture": "#1"},
				"down": {"uv": [0, 0, 13.5, 2.25], "texture": "#1"}
			}
		}
	],
	"display": {
		"thirdperson_righthand": {
			"scale": [0.23, 0.23, 0.23]
		},
		"thirdperson_lefthand": {
			"scale": [0.23, 0.23, 0.23]
		},
		"firstperson_righthand": {
			"scale": [0.23, 0.23, 0.23]
		},
		"firstperson_lefthand": {
			"scale": [0.23, 0.23, 0.23]
		},
		"head": {
			"translation": [0, -26.25, 0],
			"scale": [2.39, 2.39, 2.39]
		},
		"fixed": {
			"rotation": [-90, 0, 0],
			"translation": [0, -1, -24.5],
			"scale": [3.16, 3.16, 3.16]
		}
	},
	"groups": [
		{
			"name": "group",
			"origin": [8, 8, 8],
			"color": 0,
			"children": [
				{
					"name": "group",
					"origin": [8, 8, 8],
					"color": 0,
					"children": [
						{
							"name": "group",
							"origin": [0, 0, 0],
							"color": 0,
							"children": []
						},
						{
							"name": "group",
							"origin": [0, 0, 0],
							"color": 0,
							"children": [0, 1]
						}
					]
				},
				{
					"name": "group",
					"origin": [8, 8, 8],
					"color": 0,
					"children": [2]
				},
				{
					"name": "group",
					"origin": [8, 8, 8],
					"color": 0,
					"children": [3, 4, 5, 6, 7, 8, 9, 10]
				},
				{
					"name": "group",
					"origin": [8, 8, 8],
					"color": 0,
					"children": [11]
				},
				{
					"name": "group",
					"origin": [8, 8, 8],
					"color": 0,
					"children": [12, 13, 14, 15, 16]
				}
			]
		}
	]
}