{
	"credit": "Made with Blockbench",
	"textures": {
		"0": "./chica",
		"particle": "./chica"
	},
	"elements": [
		{
			"from": [5, 0, 8],
			"to": [11, 6, 11],
			"faces": {
				"north": {"uv": [1.5, 1.5, 7.5, 7.5], "rotation": 180, "texture": "#0"},
				"east": {"uv": [3, 0, 6, 6], "rotation": 180, "texture": "#0"},
				"south": {"uv": [2, 3, 8, 9], "rotation": 180, "texture": "#0"},
				"west": {"uv": [0.5, 4, 3.5, 10], "rotation": 180, "texture": "#0"},
				"up": {"uv": [2.5, 1.5, 8.5, 4.5], "rotation": 180, "texture": "#0"},
				"down": {"uv": [4, 2, 10, 5], "rotation": 180, "texture": "#0"}
			}
		},
		{
			"from": [10, 2.75, 5],
			"to": [11, 6, 8],
			"faces": {
				"north": {"uv": [2.5, 0, 3.5, 3], "rotation": 180, "texture": "#0"},
				"east": {"uv": [1.5, 6, 4.5, 9.25], "rotation": 180, "texture": "#0"},
				"south": {"uv": [2.5, 0, 3.5, 3], "rotation": 180, "texture": "#0"},
				"west": {"uv": [2.5, 0, 3.5, 3], "rotation": 180, "texture": "#0"},
				"up": {"uv": [2.5, 0, 3.5, 3], "rotation": 180, "texture": "#0"},
				"down": {"uv": [2.5, 0, 3.5, 3], "rotation": 180, "texture": "#0"}
			}
		},
		{
			"from": [6, 4.25, 5],
			"to": [10, 6, 8],
			"faces": {
				"north": {"uv": [0, 0, 3, 1.75], "rotation": 180, "texture": "#0"},
				"east": {"uv": [0, 0, 3, 1.75], "rotation": 180, "texture": "#0"},
				"south": {"uv": [0, 0, 3, 1.75], "rotation": 180, "texture": "#0"},
				"west": {"uv": [0, 0, 3, 1.75], "rotation": 180, "texture": "#0"},
				"up": {"uv": [0, 0, 4, 3], "rotation": 180, "texture": "#0"},
				"down": {"uv": [0, 0, 3, 1.75], "rotation": 180, "texture": "#0"}
			}
		},
		{
			"from": [7, 2, 5],
			"to": [9, 2.75, 8],
			"faces": {
				"north": {"uv": [0, 0, 2, 0.75], "rotation": 180, "texture": "#0"},
				"east": {"uv": [0, 0, 3, 0.75], "rotation": 180, "texture": "#0"},
				"south": {"uv": [0, 0, 3, 0.75], "rotation": 180, "texture": "#0"},
				"west": {"uv": [0, 0, 3, 0.75], "rotation": 180, "texture": "#0"},
				"up": {"uv": [0, 0, 3, 0.75], "rotation": 180, "texture": "#0"},
				"down": {"uv": [0, 0, 3, 0.75], "rotation": 180, "texture": "#0"}
			}
		},
		{
			"from": [7, 0, 5],
			"to": [9, 0.75, 8],
			"faces": {
				"north": {"uv": [0, 0, 2, 0.75], "rotation": 180, "texture": "#0"},
				"east": {"uv": [0, 0, 3, 0.75], "rotation": 180, "texture": "#0"},
				"south": {"uv": [0, 0, 3, 0.75], "rotation": 180, "texture": "#0"},
				"west": {"uv": [0, 0, 3, 0.75], "rotation": 180, "texture": "#0"},
				"up": {"uv": [0, 0, 3, 0.75], "rotation": 180, "texture": "#0"},
				"down": {"uv": [0, 0, 3, 0.75], "rotation": 180, "texture": "#0"}
			}
		},
		{
			"from": [7.5, 2.75, 5],
			"to": [8.5, 4.25, 8],
			"faces": {
				"north": {"uv": [0, 0, 1, 1.5], "rotation": 180, "texture": "#0"},
				"east": {"uv": [0, 0, 3, 1.5], "rotation": 180, "texture": "#0"},
				"south": {"uv": [0, 0, 3, 1.5], "rotation": 180, "texture": "#0"},
				"west": {"uv": [0, 0, 3, 1.5], "rotation": 180, "texture": "#0"},
				"up": {"uv": [0, 0, 3, 1.5], "rotation": 180, "texture": "#0"},
				"down": {"uv": [0, 0, 3, 1.5], "rotation": 180, "texture": "#0"}
			}
		},
		{
			"from": [5, 2.75, 5],
			"to": [6, 6, 8],
			"faces": {
				"north": {"uv": [0.5, 4, 1.5, 7], "rotation": 180, "texture": "#0"},
				"east": {"uv": [0.5, 4, 1.5, 7], "rotation": 180, "texture": "#0"},
				"south": {"uv": [0.5, 4, 1.5, 7], "rotation": 180, "texture": "#0"},
				"west": {"uv": [2.5, 1.5, 5.5, 4.75], "rotation": 180, "texture": "#0"},
				"up": {"uv": [2.5, 4, 3.5, 7], "rotation": 180, "texture": "#0"},
				"down": {"uv": [5, 2.5, 6, 5.5], "rotation": 180, "texture": "#0"}
			}
		},
		{
			"from": [5, 0, 5],
			"to": [7, 2.75, 8],
			"faces": {
				"north": {"uv": [0.5, 5.5, 2.5, 8.25], "rotation": 180, "texture": "#0"},
				"east": {"uv": [0, 5.5, 2, 8.25], "rotation": 180, "texture": "#0"},
				"south": {"uv": [0, 5.5, 2, 8.25], "rotation": 180, "texture": "#0"},
				"west": {"uv": [0, 5.5, 2, 8.25], "rotation": 180, "texture": "#0"},
				"up": {"uv": [0, 5.5, 2, 8.25], "rotation": 180, "texture": "#0"},
				"down": {"uv": [0, 5.5, 2, 8.25], "rotation": 180, "texture": "#0"}
			}
		},
		{
			"from": [9, 0, 5],
			"to": [11, 2.75, 8],
			"faces": {
				"north": {"uv": [0, 0, 2, 2.75], "rotation": 180, "texture": "#0"},
				"east": {"uv": [0, 0, 3, 2.75], "rotation": 180, "texture": "#0"},
				"south": {"uv": [0, 0, 3, 2.75], "rotation": 180, "texture": "#0"},
				"west": {"uv": [0, 0, 3, 2.75], "rotation": 180, "texture": "#0"},
				"up": {"uv": [0, 0, 3, 2.75], "rotation": 180, "texture": "#0"},
				"down": {"uv": [0, 0, 3, 2.75], "rotation": 180, "texture": "#0"}
			}
		},
		{
			"from": [7.5, 2, 3.25],
			"to": [8.5, 2.75, 5],
			"faces": {
				"north": {"uv": [14, 9.5, 15, 11.25], "texture": "#0"},
				"east": {"uv": [14, 9.5, 15, 11.25], "texture": "#0"},
				"south": {"uv": [14, 9.5, 15, 11.25], "texture": "#0"},
				"west": {"uv": [14, 9.5, 15, 11.25], "texture": "#0"},
				"up": {"uv": [14, 9.5, 15, 11.25], "texture": "#0"},
				"down": {"uv": [14, 9.5, 15, 11.25], "texture": "#0"}
			}
		},
		{
			"from": [7, 1.5, 3],
			"to": [9, 2.25, 5],
			"faces": {
				"north": {"uv": [14, 9.5, 16, 11.5], "texture": "#0"},
				"east": {"uv": [14, 9.5, 16, 11.5], "texture": "#0"},
				"south": {"uv": [14, 9.5, 16, 11.5], "texture": "#0"},
				"west": {"uv": [14, 9.5, 16, 11.5], "texture": "#0"},
				"up": {"uv": [14, 9.5, 16, 11.5], "texture": "#0"},
				"down": {"uv": [14, 9.5, 16, 11.5], "texture": "#0"}
			}
		},
		{
			"from": [9, 1.5, 3.5],
			"to": [9.25, 2, 5],
			"faces": {
				"north": {"uv": [14, 9.5, 14.25, 11], "texture": "#0"},
				"east": {"uv": [14, 9.5, 14.25, 11], "texture": "#0"},
				"south": {"uv": [14, 9.5, 14.25, 11], "texture": "#0"},
				"west": {"uv": [14, 9.5, 14.25, 11], "texture": "#0"},
				"up": {"uv": [14, 9.5, 14.25, 11], "texture": "#0"},
				"down": {"uv": [14, 9.5, 14.25, 11], "texture": "#0"}
			}
		},
		{
			"from": [6.75, 1.5, 3.5],
			"to": [7, 2, 5],
			"faces": {
				"north": {"uv": [14, 9.5, 14.25, 11], "texture": "#0"},
				"east": {"uv": [14, 9.5, 14.25, 11], "texture": "#0"},
				"south": {"uv": [14, 9.5, 14.25, 11], "texture": "#0"},
				"west": {"uv": [14, 9.5, 14.25, 11], "texture": "#0"},
				"up": {"uv": [14, 9.5, 14.25, 11], "texture": "#0"},
				"down": {"uv": [14, 9.5, 14.25, 11], "texture": "#0"}
			}
		},
		{
			"from": [7.25, 1.5, 2.5],
			"to": [8.75, 2.25, 3],
			"faces": {
				"north": {"uv": [14, 9.5, 15.5, 10], "texture": "#0"},
				"east": {"uv": [14, 9.5, 15.5, 10], "texture": "#0"},
				"south": {"uv": [14, 9.5, 15.5, 10], "texture": "#0"},
				"west": {"uv": [14, 9.5, 15.5, 10], "texture": "#0"},
				"up": {"uv": [14, 9.5, 15.5, 10], "texture": "#0"},
				"down": {"uv": [14, 9.5, 15.5, 10], "texture": "#0"}
			}
		},
		{
			"from": [7, 0, 3.75],
			"to": [9, 0.75, 6],
			"rotation": {"angle": -22.5, "axis": "x", "origin": [8, 0.875, 4.5]},
			"faces": {
				"north": {"uv": [14, 9, 16, 11.25], "texture": "#0"},
				"east": {"uv": [14, 9, 16, 11.25], "texture": "#0"},
				"south": {"uv": [14, 9, 16, 11.25], "texture": "#0"},
				"west": {"uv": [14, 9, 16, 11.25], "texture": "#0"},
				"up": {"uv": [14, 9, 16, 11.25], "texture": "#0"},
				"down": {"uv": [14, 9, 16, 11.25], "texture": "#0"}
			}
		},
		{
			"from": [7.25, 0, 2.75],
			"to": [8.75, 0.75, 3.75],
			"rotation": {"angle": -22.5, "axis": "x", "origin": [8, 0.875, 4.5]},
			"faces": {
				"north": {"uv": [14, 9, 15.5, 10], "texture": "#0"},
				"east": {"uv": [14, 9, 15.5, 10], "texture": "#0"},
				"south": {"uv": [14, 9, 15.5, 10], "texture": "#0"},
				"west": {"uv": [14, 9, 15.5, 10], "texture": "#0"},
				"up": {"uv": [14, 9, 15.5, 10], "texture": "#0"},
				"down": {"uv": [14, 9, 15.5, 10], "texture": "#0"}
			}
		},
		{
			"from": [6, 0.75, 6],
			"to": [10, 4.75, 7],
			"faces": {
				"north": {"uv": [12, 12, 16, 16], "texture": "#0"},
				"east": {"uv": [12, 12, 16, 16], "texture": "#0"},
				"south": {"uv": [12, 12, 16, 16], "texture": "#0"},
				"west": {"uv": [12, 12, 16, 16], "texture": "#0"},
				"up": {"uv": [12, 12, 16, 16], "texture": "#0"},
				"down": {"uv": [12, 12, 16, 16], "texture": "#0"}
			}
		},
		{
			"from": [6, 3.5, 5.25],
			"to": [10, 4.25, 5.25],
			"faces": {
				"north": {"uv": [12, 12, 16, 12.75], "texture": "#0"},
				"east": {"uv": [12, 12, 16, 12.75], "texture": "#0"},
				"south": {"uv": [12, 12, 16, 12.75], "texture": "#0"},
				"west": {"uv": [12, 12, 16, 12.75], "texture": "#0"},
				"up": {"uv": [12, 12, 16, 12.75], "texture": "#0"},
				"down": {"uv": [12, 12, 16, 12.75], "texture": "#0"}
			}
		},
		{
			"from": [8.5, 4.5, 4.75],
			"to": [10, 4.75, 5.75],
			"faces": {
				"north": {"uv": [12, 12, 13.5, 12.25], "texture": "#0"},
				"east": {"uv": [12, 12, 13.5, 12.25], "texture": "#0"},
				"south": {"uv": [12, 12, 13.5, 12.25], "texture": "#0"},
				"west": {"uv": [12, 12, 13.5, 12.25], "texture": "#0"},
				"up": {"uv": [12, 12, 13.5, 12.25], "texture": "#0"},
				"down": {"uv": [12, 12, 13.5, 12.25], "texture": "#0"}
			}
		},
		{
			"from": [6, 4.5, 4.75],
			"to": [7.5, 4.75, 5.75],
			"faces": {
				"north": {"uv": [12, 12, 13.5, 12.25], "texture": "#0"},
				"east": {"uv": [12, 12, 13.5, 12.25], "texture": "#0"},
				"south": {"uv": [12, 12, 13.5, 12.25], "texture": "#0"},
				"west": {"uv": [12, 12, 13.5, 12.25], "texture": "#0"},
				"up": {"uv": [12, 12, 13.5, 12.25], "texture": "#0"},
				"down": {"uv": [12, 12, 13.5, 12.25], "texture": "#0"}
			}
		},
		{
			"from": [8.25, -1, 3],
			"to": [8.5, -0.75, 3.5],
			"rotation": {"angle": -22.5, "axis": "x", "origin": [0, 0, 0]},
			"faces": {
				"north": {"uv": [10, 15, 10.25, 15.5], "texture": "#0"},
				"east": {"uv": [10, 15, 10.25, 15.5], "texture": "#0"},
				"south": {"uv": [10, 15, 10.25, 15.5], "texture": "#0"},
				"west": {"uv": [10, 15, 10.25, 15.5], "texture": "#0"},
				"up": {"uv": [10, 15, 10.25, 15.5], "texture": "#0"},
				"down": {"uv": [10, 15, 10.25, 15.5], "texture": "#0"}
			}
		},
		{
			"from": [7.5, -1, 3],
			"to": [7.75, -0.75, 3.5],
			"rotation": {"angle": -22.5, "axis": "x", "origin": [0, 0, 0]},
			"faces": {
				"north": {"uv": [10, 15, 10.25, 15.5], "texture": "#0"},
				"east": {"uv": [10, 15, 10.25, 15.5], "texture": "#0"},
				"south": {"uv": [10, 15, 10.25, 15.5], "texture": "#0"},
				"west": {"uv": [10, 15, 10.25, 15.5], "texture": "#0"},
				"up": {"uv": [10, 15, 10.25, 15.5], "texture": "#0"},
				"down": {"uv": [10, 15, 10.25, 15.5], "texture": "#0"}
			}
		},
		{
			"from": [7.25, -1, 3.75],
			"to": [7.5, -0.75, 4.25],
			"rotation": {"angle": -22.5, "axis": "x", "origin": [0, 0, 0]},
			"faces": {
				"north": {"uv": [10, 15, 10.25, 15.5], "texture": "#0"},
				"east": {"uv": [10, 15, 10.25, 15.5], "texture": "#0"},
				"south": {"uv": [10, 15, 10.25, 15.5], "texture": "#0"},
				"west": {"uv": [10, 15, 10.25, 15.5], "texture": "#0"},
				"up": {"uv": [10, 15, 10.25, 15.5], "texture": "#0"},
				"down": {"uv": [10, 15, 10.25, 15.5], "texture": "#0"}
			}
		},
		{
			"from": [8.5, -1, 3.75],
			"to": [8.75, -0.75, 4.25],
			"rotation": {"angle": -22.5, "axis": "x", "origin": [0, 0, 0]},
			"faces": {
				"north": {"uv": [10, 15, 10.25, 15.5], "texture": "#0"},
				"east": {"uv": [10, 15, 10.25, 15.5], "texture": "#0"},
				"south": {"uv": [10, 15, 10.25, 15.5], "texture": "#0"},
				"west": {"uv": [10, 15, 10.25, 15.5], "texture": "#0"},
				"up": {"uv": [10, 15, 10.25, 15.5], "texture": "#0"},
				"down": {"uv": [10, 15, 10.25, 15.5], "texture": "#0"}
			}
		},
		{
			"from": [8.5, -1, 4.5],
			"to": [8.75, -0.75, 5],
			"rotation": {"angle": -22.5, "axis": "x", "origin": [0, 0, 0]},
			"faces": {
				"north": {"uv": [10, 15, 10.25, 15.5], "texture": "#0"},
				"east": {"uv": [10, 15, 10.25, 15.5], "texture": "#0"},
				"south": {"uv": [10, 15, 10.25, 15.5], "texture": "#0"},
				"west": {"uv": [10, 15, 10.25, 15.5], "texture": "#0"},
				"up": {"uv": [10, 15, 10.25, 15.5], "texture": "#0"},
				"down": {"uv": [10, 15, 10.25, 15.5], "texture": "#0"}
			}
		},
		{
			"from": [7.25, -1, 4.5],
			"to": [7.5, -0.75, 5],
			"rotation": {"angle": -22.5, "axis": "x", "origin": [0, 0, 0]},
			"faces": {
				"north": {"uv": [10, 15, 10.25, 15.5], "texture": "#0"},
				"east": {"uv": [10, 15, 10.25, 15.5], "texture": "#0"},
				"south": {"uv": [10, 15, 10.25, 15.5], "texture": "#0"},
				"west": {"uv": [10, 15, 10.25, 15.5], "texture": "#0"},
				"up": {"uv": [10, 15, 10.25, 15.5], "texture": "#0"},
				"down": {"uv": [10, 15, 10.25, 15.5], "texture": "#0"}
			}
		},
		{
			"from": [6, 2.75, 5.5],
			"to": [7.5, 4.25, 6.5],
			"faces": {
				"north": {"uv": [10.125, 13.75, 12, 15.75], "texture": "#0"},
				"east": {"uv": [10, 13.875, 11.875, 15.875], "texture": "#0"},
				"south": {"uv": [10, 13.875, 11.875, 15.875], "texture": "#0"},
				"west": {"uv": [10, 13.875, 11.875, 15.875], "texture": "#0"},
				"up": {"uv": [10, 13.875, 11.875, 15.875], "texture": "#0"},
				"down": {"uv": [10, 13.875, 11.875, 15.875], "texture": "#0"}
			}
		},
		{
			"from": [8.5, 2.75, 5.5],
			"to": [10, 4.25, 6.5],
			"faces": {
				"north": {"uv": [10, 13.75, 11.875, 15.75], "texture": "#0"},
				"east": {"uv": [10, 13.875, 11.875, 15.875], "texture": "#0"},
				"south": {"uv": [10, 13.875, 11.875, 15.875], "texture": "#0"},
				"west": {"uv": [10, 13.875, 11.875, 15.875], "texture": "#0"},
				"up": {"uv": [10, 13.875, 11.875, 15.875], "texture": "#0"},
				"down": {"uv": [10, 13.875, 11.875, 15.875], "texture": "#0"}
			}
		},
		{
			"from": [7, 5.25, 7.5],
			"to": [7.5, 7.5, 8.5],
			"rotation": {"angle": 22.5, "axis": "z", "origin": [8, 6.875, 8]},
			"faces": {
				"north": {"uv": [0, 0, 0.5, 2.25], "texture": "#0"},
				"east": {"uv": [0, 0, 0.5, 2.25], "texture": "#0"},
				"south": {"uv": [0, 0, 0.5, 2.25], "texture": "#0"},
				"west": {"uv": [0, 0, 0.5, 2.25], "texture": "#0"},
				"up": {"uv": [0, 0, 0.5, 2.25], "texture": "#0"},
				"down": {"uv": [0, 0, 0.5, 2.25], "texture": "#0"}
			}
		},
		{
			"from": [7.5, 5.25, 8.75],
			"to": [8.5, 7.5, 9.25],
			"rotation": {"angle": 22.5, "axis": "x", "origin": [8, 6.875, 8]},
			"faces": {
				"north": {"uv": [0, 0, 1, 2.25], "texture": "#0"},
				"east": {"uv": [0, 0, 1, 2.25], "texture": "#0"},
				"south": {"uv": [0, 0, 1, 2.25], "texture": "#0"},
				"west": {"uv": [0, 0, 1, 2.25], "texture": "#0"},
				"up": {"uv": [0, 0, 1, 2.25], "texture": "#0"},
				"down": {"uv": [0, 0, 1, 2.25], "texture": "#0"}
			}
		},
		{
			"from": [7.5, 5.25, 6.75],
			"to": [8.5, 7.5, 7.25],
			"rotation": {"angle": -22.5, "axis": "x", "origin": [8, 6.875, 8]},
			"faces": {
				"north": {"uv": [0, 0, 1, 2.25], "texture": "#0"},
				"east": {"uv": [0, 0, 1, 2.25], "texture": "#0"},
				"south": {"uv": [0, 0, 1, 2.25], "texture": "#0"},
				"west": {"uv": [0, 0, 1, 2.25], "texture": "#0"},
				"up": {"uv": [0, 0, 1, 2.25], "texture": "#0"},
				"down": {"uv": [0, 0, 1, 2.25], "texture": "#0"}
			}
		},
		{
			"from": [8.38425, 4.82507, 7.5],
			"to": [8.88425, 7.07507, 8.5],
			"rotation": {"angle": -22.5, "axis": "z", "origin": [8.88425, 6.70007, 8]},
			"faces": {
				"north": {"uv": [0, 0, 0.5, 2.25], "texture": "#0"},
				"east": {"uv": [0, 0, 0.5, 2.25], "texture": "#0"},
				"south": {"uv": [0, 0, 0.5, 2.25], "texture": "#0"},
				"west": {"uv": [0, 0, 0.5, 2.25], "texture": "#0"},
				"up": {"uv": [0, 0, 0.5, 2.25], "texture": "#0"},
				"down": {"uv": [0, 0, 0.5, 2.25], "texture": "#0"}
			}
		},
		{
			"from": [5.78885, 7.21063, 7.5],
			"to": [7.28885, 7.71063, 8.5],
			"rotation": {"angle": -22.5, "axis": "z", "origin": [6.16385, 7.46063, 8]},
			"faces": {
				"north": {"uv": [0, 0, 0.5, 1.5], "rotation": 90, "texture": "#0"},
				"east": {"uv": [0, 0, 0.5, 1.5], "rotation": 90, "texture": "#0"},
				"south": {"uv": [0, 0, 0.5, 1.5], "rotation": 90, "texture": "#0"},
				"west": {"uv": [0, 0, 0.5, 1.5], "rotation": 90, "texture": "#0"},
				"up": {"uv": [0, 0, 0.5, 1.5], "rotation": 90, "texture": "#0"},
				"down": {"uv": [0, 0, 0.5, 1.5], "rotation": 90, "texture": "#0"}
			}
		},
		{
			"from": [7.5, 6.97145, 8.97067],
			"to": [8.5, 7.47145, 10.47067],
			"rotation": {"angle": -22.5, "axis": "x", "origin": [8, 7.22145, 9.72067]},
			"faces": {
				"north": {"uv": [0, 0, 0.5, 1], "rotation": 90, "texture": "#0"},
				"east": {"uv": [0, 0, 0.5, 1], "rotation": 90, "texture": "#0"},
				"south": {"uv": [0, 0, 0.5, 1], "rotation": 90, "texture": "#0"},
				"west": {"uv": [0, 0, 0.5, 1], "rotation": 90, "texture": "#0"},
				"up": {"uv": [0, 0, 0.5, 1], "rotation": 90, "texture": "#0"},
				"down": {"uv": [0, 0, 0.5, 1], "rotation": 90, "texture": "#0"}
			}
		},
		{
			"from": [7.5, 7.1237, 4.76397],
			"to": [8.5, 7.6237, 6.26397],
			"rotation": {"angle": 22.5, "axis": "x", "origin": [8, 5.3737, 5.51397]},
			"faces": {
				"north": {"uv": [0, 0, 0.5, 1], "rotation": 90, "texture": "#0"},
				"east": {"uv": [0, 0, 0.5, 1], "rotation": 90, "texture": "#0"},
				"south": {"uv": [0, 0, 0.5, 1], "rotation": 90, "texture": "#0"},
				"west": {"uv": [0, 0, 0.5, 1], "rotation": 90, "texture": "#0"},
				"up": {"uv": [0, 0, 0.5, 1], "rotation": 90, "texture": "#0"},
				"down": {"uv": [0, 0, 0.5, 1], "rotation": 90, "texture": "#0"}
			}
		},
		{
			"from": [8.6044, 7.04391, 7.5],
			"to": [10.1044, 7.54391, 8.5],
			"rotation": {"angle": 22.5, "axis": "z", "origin": [9.3544, 7.29391, 8]},
			"faces": {
				"north": {"uv": [0, 0, 0.5, 1.5], "rotation": 90, "texture": "#0"},
				"east": {"uv": [0, 0, 0.5, 1.5], "rotation": 90, "texture": "#0"},
				"south": {"uv": [0, 0, 0.5, 1.5], "rotation": 90, "texture": "#0"},
				"west": {"uv": [0, 0, 0.5, 1.5], "rotation": 90, "texture": "#0"},
				"up": {"uv": [0, 0, 0.5, 1.5], "rotation": 90, "texture": "#0"},
				"down": {"uv": [0, 0, 0.5, 1.5], "rotation": 90, "texture": "#0"}
			}
		}
	],
	"display": {
		"ground": {
			"translation": [0, 3.75, 0]
		},
		"gui": {
			"rotation": [0, -180, 0],
			"translation": [0, 7.5, 0],
			"scale": [1.67, 1.67, 1.67]
		},
		"head": {
			"translation": [0, 12.75, 0],
			"scale": [2.14, 2.14, 2.14]
		},
		"fixed": {
			"rotation": [-90, 0, 0],
			"translation": [0, -0.25, -24.5],
			"scale": [3.06, 3.06, 3.06]
		}
	},
	"groups": [
		{
			"name": "group",
			"origin": [8, 8, 8],
			"color": 0,
			"children": [0, 1, 2, 3, 4, 5, 6, 7, 8]
		},
		{
			"name": "group",
			"origin": [8, 8, 8],
			"color": 0,
			"children": [9, 10, 11, 12, 13]
		},
		{
			"name": "group",
			"origin": [0, 0, 0],
			"color": 0,
			"children": [14, 15]
		},
		{
			"name": "group",
			"origin": [8, 8, 8],
			"color": 0,
			"children": [16, 17, 18, 19]
		},
		{
			"name": "group",
			"origin": [8, 8, 8],
			"color": 0,
			"children": [20, 21, 22, 23, 24, 25]
		},
		{
			"name": "group",
			"origin": [8, 8, 8],
			"color": 0,
			"children": [26, 27]
		},
		{
			"name": "group",
			"origin": [0, 0, 0],
			"color": 0,
			"children": [28, 29, 30, 31, 32, 33, 34, 35]
		}
	]
}