{
	"credit": "Made with Blockbench",
	"textures": {
		"0": "./wchica",
		"particle": "./wchica"
	},
	"elements": [
		{
			"from": [5.25, 3.75, 5.25],
			"to": [10.75, 4.75, 5.5],
			"faces": {
				"north": {"uv": [0, 6, 5.5, 7], "texture": "#0"},
				"east": {"uv": [0, 0, 0.25, 1], "texture": "#0"},
				"south": {"uv": [0, 0, 5.5, 1], "texture": "#0"},
				"west": {"uv": [0, 0, 0.25, 1], "texture": "#0"},
				"up": {"uv": [0, 0, 5.5, 0.25], "texture": "#0"},
				"down": {"uv": [0, 0, 5.5, 0.25], "texture": "#0"}
			}
		},
		{
			"from": [5, -1.25, 5],
			"to": [11, -0.5, 11],
			"rotation": {"angle": -22.5, "axis": "x", "origin": [8, 0.5625, 6.5]},
			"faces": {
				"north": {"uv": [0, 0.5, 6, 0.75], "texture": "#0"},
				"east": {"uv": [0, 0.5, 6, 0.75], "texture": "#0"},
				"south": {"uv": [0, 0, 6, 0.75], "texture": "#0"},
				"west": {"uv": [0, 0, 6, 0.75], "texture": "#0"},
				"up": {"uv": [0, 0.5, 6, 6], "texture": "#0"},
				"down": {"uv": [0, 0, 6, 6], "texture": "#0"}
			}
		},
		{
			"from": [5, -0.5, 8.75],
			"to": [11, 0, 11],
			"rotation": {"angle": -22.5, "axis": "x", "origin": [8, 0.5625, 6.5]},
			"faces": {
				"north": {"uv": [0, 0.5, 6, 1], "texture": "#0"},
				"east": {"uv": [0, 0.5, 2.25, 1], "texture": "#0"},
				"south": {"uv": [0, 0, 6, 0.5], "texture": "#0"},
				"west": {"uv": [0, 0, 2.25, 0.5], "texture": "#0"},
				"up": {"uv": [0, 0.5, 6, 2.75], "texture": "#0"},
				"down": {"uv": [0, 0, 6, 2.25], "texture": "#0"}
			}
		},
		{
			"from": [8.25, -0.75, 3],
			"to": [8.5, 0, 3.25],
			"rotation": {"angle": -22.5, "axis": "x", "origin": [8, 0.5625, 6.5]},
			"faces": {
				"north": {"uv": [15.75, 0, 16, 0.75], "texture": "#0"},
				"east": {"uv": [15.75, 0, 16, 0.75], "texture": "#0"},
				"south": {"uv": [15.75, 0, 16, 0.75], "texture": "#0"},
				"west": {"uv": [15.75, 0, 16, 0.75], "texture": "#0"},
				"up": {"uv": [15.75, 0, 16, 0.25], "texture": "#0"},
				"down": {"uv": [15.75, 0, 16, 0.75], "texture": "#0"}
			}
		},
		{
			"from": [7, -0.75, 3.5],
			"to": [7.25, 0, 3.75],
			"rotation": {"angle": -22.5, "axis": "x", "origin": [8, 0.5625, 6.5]},
			"faces": {
				"north": {"uv": [15.75, 0, 16, 0.75], "texture": "#0"},
				"east": {"uv": [15.75, 0, 16, 0.75], "texture": "#0"},
				"south": {"uv": [15.75, 0, 16, 0.75], "texture": "#0"},
				"west": {"uv": [15.75, 0, 16, 0.75], "texture": "#0"},
				"up": {"uv": [15.75, 0, 16, 0.25], "texture": "#0"},
				"down": {"uv": [15.75, 0, 16, 0.75], "texture": "#0"}
			}
		},
		{
			"from": [6.5, -0.75, 4],
			"to": [6.75, 0, 4.25],
			"rotation": {"angle": -22.5, "axis": "x", "origin": [8, 0.5625, 6.5]},
			"faces": {
				"north": {"uv": [15.75, 0, 16, 0.75], "texture": "#0"},
				"east": {"uv": [15.75, 0, 16, 0.75], "texture": "#0"},
				"south": {"uv": [15.75, 0, 16, 0.75], "texture": "#0"},
				"west": {"uv": [15.75, 0, 16, 0.75], "texture": "#0"},
				"up": {"uv": [15.75, 0, 16, 0.25], "texture": "#0"},
				"down": {"uv": [15.75, 0, 16, 0.75], "texture": "#0"}
			}
		},
		{
			"from": [7.5, -0.75, 3],
			"to": [7.75, 0, 3.25],
			"rotation": {"angle": -22.5, "axis": "x", "origin": [8, 0.5625, 6.5]},
			"faces": {
				"north": {"uv": [15.75, 0, 16, 0.75], "texture": "#0"},
				"east": {"uv": [15.75, 0, 16, 0.75], "texture": "#0"},
				"south": {"uv": [15.75, 0, 16, 0.75], "texture": "#0"},
				"west": {"uv": [15.75, 0, 16, 0.75], "texture": "#0"},
				"up": {"uv": [15.75, 0, 16, 0.25], "texture": "#0"},
				"down": {"uv": [15.75, 0, 16, 0.75], "texture": "#0"}
			}
		},
		{
			"from": [9.25, -0.75, 4],
			"to": [9.5, 0, 4.25],
			"rotation": {"angle": -22.5, "axis": "x", "origin": [8, 0.5625, 6.5]},
			"faces": {
				"north": {"uv": [15.75, 0, 16, 0.75], "texture": "#0"},
				"east": {"uv": [15.75, 0, 16, 0.75], "texture": "#0"},
				"south": {"uv": [15.75, 0, 16, 0.75], "texture": "#0"},
				"west": {"uv": [15.75, 0, 16, 0.75], "texture": "#0"},
				"up": {"uv": [15.75, 0, 16, 0.25], "texture": "#0"},
				"down": {"uv": [15.75, 0, 16, 0.75], "texture": "#0"}
			}
		},
		{
			"from": [9.25, -0.75, 4.5],
			"to": [9.5, 0, 4.75],
			"rotation": {"angle": -22.5, "axis": "x", "origin": [8, 0.5625, 6.5]},
			"faces": {
				"north": {"uv": [15.75, 0, 16, 0.75], "texture": "#0"},
				"east": {"uv": [15.75, 0, 16, 0.75], "texture": "#0"},
				"south": {"uv": [15.75, 0, 16, 0.75], "texture": "#0"},
				"west": {"uv": [15.75, 0, 16, 0.75], "texture": "#0"},
				"up": {"uv": [15.75, 0, 16, 0.25], "texture": "#0"},
				"down": {"uv": [15.75, 0, 16, 0.75], "texture": "#0"}
			}
		},
		{
			"from": [9.75, -0.75, 5.25],
			"to": [10, 0, 5.5],
			"rotation": {"angle": -22.5, "axis": "x", "origin": [8, 0.5625, 6.5]},
			"faces": {
				"north": {"uv": [15.75, 0, 16, 0.75], "texture": "#0"},
				"east": {"uv": [15.75, 0, 16, 0.75], "texture": "#0"},
				"south": {"uv": [15.75, 0, 16, 0.75], "texture": "#0"},
				"west": {"uv": [15.75, 0, 16, 0.75], "texture": "#0"},
				"up": {"uv": [15.75, 0, 16, 0.25], "texture": "#0"},
				"down": {"uv": [15.75, 0, 16, 0.75], "texture": "#0"}
			}
		},
		{
			"from": [6, -0.75, 5.25],
			"to": [6.25, 0, 5.5],
			"rotation": {"angle": -22.5, "axis": "x", "origin": [8, 0.5625, 6.5]},
			"faces": {
				"north": {"uv": [15.75, 0, 16, 0.75], "texture": "#0"},
				"east": {"uv": [15.75, 0, 16, 0.75], "texture": "#0"},
				"south": {"uv": [15.75, 0, 16, 0.75], "texture": "#0"},
				"west": {"uv": [15.75, 0, 16, 0.75], "texture": "#0"},
				"up": {"uv": [15.75, 0, 16, 0.25], "texture": "#0"},
				"down": {"uv": [15.75, 0, 16, 0.75], "texture": "#0"}
			}
		},
		{
			"from": [6.5, -0.75, 4.5],
			"to": [6.75, 0, 4.75],
			"rotation": {"angle": -22.5, "axis": "x", "origin": [8, 0.5625, 6.5]},
			"faces": {
				"north": {"uv": [15.75, 0, 16, 0.75], "texture": "#0"},
				"east": {"uv": [15.75, 0, 16, 0.75], "texture": "#0"},
				"south": {"uv": [15.75, 0, 16, 0.75], "texture": "#0"},
				"west": {"uv": [15.75, 0, 16, 0.75], "texture": "#0"},
				"up": {"uv": [15.75, 0, 16, 0.25], "texture": "#0"},
				"down": {"uv": [15.75, 0, 16, 0.75], "texture": "#0"}
			}
		},
		{
			"from": [8.75, -0.75, 3.5],
			"to": [9, 0, 3.75],
			"rotation": {"angle": -22.5, "axis": "x", "origin": [8, 0.5625, 6.5]},
			"faces": {
				"north": {"uv": [15.75, 0, 16, 0.75], "texture": "#0"},
				"east": {"uv": [15.75, 0, 16, 0.75], "texture": "#0"},
				"south": {"uv": [15.75, 0, 16, 0.75], "texture": "#0"},
				"west": {"uv": [15.75, 0, 16, 0.75], "texture": "#0"},
				"up": {"uv": [15.75, 0, 16, 0.25], "texture": "#0"},
				"down": {"uv": [15.75, 0, 16, 0.75], "texture": "#0"}
			}
		},
		{
			"from": [6.25, -1, 3.5],
			"to": [9.75, -0.5, 5],
			"rotation": {"angle": -22.5, "axis": "x", "origin": [8, 0.5625, 6.5]},
			"faces": {
				"north": {"uv": [0, 15.5, 3.5, 15], "texture": "#0"},
				"east": {"uv": [0, 15.5, 3.5, 15], "texture": "#0"},
				"south": {"uv": [0, 15.5, 3.5, 15], "texture": "#0"},
				"west": {"uv": [0, 15.5, 3.5, 15], "texture": "#0"},
				"up": {"uv": [0, 15.5, 3.5, 15], "texture": "#0"},
				"down": {"uv": [0, 15.5, 3.5, 15], "texture": "#0"}
			}
		},
		{
			"from": [6.75, -1.25, 3.5],
			"to": [9.25, -1, 5],
			"rotation": {"angle": -22.5, "axis": "x", "origin": [8, 0.5625, 6.5]},
			"faces": {
				"north": {"uv": [0, 16, 2.5, 15.75], "texture": "#0"},
				"east": {"uv": [0, 16, 1.5, 15.75], "texture": "#0"},
				"south": {"uv": [0, 15.5, 2.5, 15.75], "texture": "#0"},
				"west": {"uv": [0.5, 15.5, 2, 15.75], "texture": "#0"},
				"up": {"uv": [0, 15, 2.5, 16], "texture": "#0"},
				"down": {"uv": [0, 14.5, 2.5, 16], "texture": "#0"}
			}
		},
		{
			"from": [7, -1, 2.75],
			"to": [9, -0.5, 3.5],
			"rotation": {"angle": -22.5, "axis": "x", "origin": [8, 0.5625, 6.5]},
			"faces": {
				"north": {"uv": [0, 16, 2, 15.5], "texture": "#0"},
				"east": {"uv": [0, 16, 2, 15.5], "texture": "#0"},
				"south": {"uv": [0, 16, 2, 15.5], "texture": "#0"},
				"west": {"uv": [0, 16, 2, 15.5], "texture": "#0"},
				"up": {"uv": [0, 16, 2, 15.5], "texture": "#0"},
				"down": {"uv": [0, 16, 2, 15.5], "texture": "#0"}
			}
		},
		{
			"from": [5, 1.75, 10],
			"to": [11, 6, 11],
			"faces": {
				"north": {"uv": [0, 0.5, 6, 4.25], "texture": "#0"},
				"east": {"uv": [0, 0.5, 1, 4.25], "texture": "#0"},
				"south": {"uv": [0, 0, 6, 4.25], "texture": "#0"},
				"west": {"uv": [0, 0, 1, 4.25], "texture": "#0"},
				"up": {"uv": [0, 0.5, 6, 1], "texture": "#0"},
				"down": {"uv": [0, 0, 6, 1], "texture": "#0"}
			}
		},
		{
			"from": [5, 1.75, 5],
			"to": [11, 2.75, 5.5],
			"faces": {
				"north": {"uv": [0, 0.5, 6, 1], "texture": "#0"},
				"east": {"uv": [0, 0.5, 0.5, 1], "texture": "#0"},
				"south": {"uv": [0, 0, 6, 1], "texture": "#0"},
				"west": {"uv": [0, 0, 0.5, 1], "texture": "#0"},
				"up": {"uv": [0, 0.5, 6, 1], "texture": "#0"},
				"down": {"uv": [0, 0, 6, 0.5], "texture": "#0"}
			}
		},
		{
			"from": [7.5, 2.75, 5],
			"to": [8.5, 4.25, 5.5],
			"faces": {
				"north": {"uv": [0, 0.5, 1, 1.5], "texture": "#0"},
				"east": {"uv": [0, 0.5, 0.5, 1.5], "texture": "#0"},
				"south": {"uv": [0, 0, 1, 1.5], "texture": "#0"},
				"west": {"uv": [0, 0, 0.5, 1.5], "texture": "#0"},
				"up": {"uv": [0, 0.5, 1, 0.5], "texture": "#0"},
				"down": {"uv": [0, 0, 1, 0.5], "texture": "#0"}
			}
		},
		{
			"from": [10.25, 2.75, 5],
			"to": [11, 4.25, 5.5],
			"faces": {
				"north": {"uv": [0, 0, 0.75, 1.5], "texture": "#0"},
				"east": {"uv": [0, 0, 0.5, 1.5], "texture": "#0"},
				"south": {"uv": [0, 0, 0.75, 1.5], "texture": "#0"},
				"west": {"uv": [0, 0, 0.5, 1.5], "texture": "#0"},
				"up": {"uv": [0, 0, 0.75, 0.5], "texture": "#0"},
				"down": {"uv": [0, 0, 0.75, 0.5], "texture": "#0"}
			}
		},
		{
			"from": [5, 2.75, 5],
			"to": [5.75, 4.25, 5.5],
			"faces": {
				"north": {"uv": [0, 0, 0.75, 1.5], "texture": "#0"},
				"east": {"uv": [0, 0, 0.5, 1.5], "texture": "#0"},
				"south": {"uv": [0, 0, 0.75, 1.5], "texture": "#0"},
				"west": {"uv": [0, 0, 0.5, 1.5], "texture": "#0"},
				"up": {"uv": [0, 0, 0.75, 0.5], "texture": "#0"},
				"down": {"uv": [0, 0, 0.75, 0.5], "texture": "#0"}
			}
		},
		{
			"from": [5, 4.25, 5],
			"to": [11, 6, 5.5],
			"faces": {
				"north": {"uv": [0, 0.5, 6, 1.75], "texture": "#0"},
				"east": {"uv": [0, 0.5, 0.5, 1.75], "texture": "#0"},
				"south": {"uv": [0, 0, 6, 1.75], "texture": "#0"},
				"west": {"uv": [0, 0, 0.5, 1.75], "texture": "#0"},
				"up": {"uv": [0, 0.5, 6, 1], "texture": "#0"},
				"down": {"uv": [0, 0, 6, 0.5], "texture": "#0"}
			}
		},
		{
			"from": [5, 1.75, 5.5],
			"to": [5.75, 6, 10],
			"faces": {
				"north": {"uv": [0, 0.5, 0.75, 4.25], "texture": "#0"},
				"east": {"uv": [0, 0.5, 4.5, 4.25], "texture": "#0"},
				"south": {"uv": [0, 0, 0.75, 4.25], "texture": "#0"},
				"west": {"uv": [0, 0, 4.5, 4.25], "texture": "#0"},
				"up": {"uv": [0, 0.5, 0.75, 4.5], "texture": "#0"},
				"down": {"uv": [0, 0, 0.75, 4.5], "texture": "#0"}
			}
		},
		{
			"from": [10.25, 1.75, 5.5],
			"to": [11, 6, 10],
			"faces": {
				"north": {"uv": [0, 0.5, 0.75, 4.25], "texture": "#0"},
				"east": {"uv": [0, 0.5, 4.5, 4.25], "texture": "#0"},
				"south": {"uv": [0, 0, 0.75, 4.25], "texture": "#0"},
				"west": {"uv": [0, 0, 4.5, 4.25], "texture": "#0"},
				"up": {"uv": [0, 0.5, 0.75, 4.5], "texture": "#0"},
				"down": {"uv": [0, 0, 0.75, 4.5], "texture": "#0"}
			}
		},
		{
			"from": [5.75, 5.75, 5.5],
			"to": [10.25, 6, 10],
			"faces": {
				"north": {"uv": [0, 0.5, 4.5, 0.25], "texture": "#0"},
				"east": {"uv": [0, 0.5, 4.5, 0.25], "texture": "#0"},
				"south": {"uv": [0, 0, 4.5, 0.25], "texture": "#0"},
				"west": {"uv": [0, 0, 4.5, 0.25], "texture": "#0"},
				"up": {"uv": [0, 0.5, 4.5, 4.5], "texture": "#0"},
				"down": {"uv": [0, 0, 4.5, 4.5], "texture": "#0"}
			}
		},
		{
			"from": [6, 2, 3.75],
			"to": [10, 2.5, 5],
			"faces": {
				"north": {"uv": [0, 15, 4, 15.5], "texture": "#0"},
				"east": {"uv": [0, 15, 1.25, 15.5], "texture": "#0"},
				"south": {"uv": [0, 15, 4, 15.5], "texture": "#0"},
				"west": {"uv": [0, 15, 1.25, 15.5], "texture": "#0"},
				"up": {"uv": [0, 14.75, 4, 16], "texture": "#0"},
				"down": {"uv": [0, 14.75, 4, 16], "texture": "#0"}
			}
		},
		{
			"from": [6.75, 2.5, 3.75],
			"to": [9.25, 3, 5],
			"faces": {
				"north": {"uv": [0, 15, 2.5, 15.5], "texture": "#0"},
				"east": {"uv": [0, 15, 1.25, 15.5], "texture": "#0"},
				"south": {"uv": [0, 15, 2.5, 15.5], "texture": "#0"},
				"west": {"uv": [0, 15, 1.25, 15.5], "texture": "#0"},
				"up": {"uv": [0, 14.75, 2.5, 16], "texture": "#0"},
				"down": {"uv": [0, 14.75, 2.5, 16], "texture": "#0"}
			}
		},
		{
			"from": [7, 2, 2.5],
			"to": [9, 3, 3.75],
			"faces": {
				"north": {"uv": [0, 15.5, 2, 16], "texture": "#0"},
				"east": {"uv": [0, 15.5, 1.25, 16], "texture": "#0"},
				"south": {"uv": [0, 15, 2, 16], "texture": "#0"},
				"west": {"uv": [0, 15, 1.25, 16], "texture": "#0"},
				"up": {"uv": [0, 15.25, 2, 16], "texture": "#0"},
				"down": {"uv": [0, 14.75, 2, 16], "texture": "#0"}
			}
		},
		{
			"from": [9, 2, 2.75],
			"to": [9.5, 2.5, 3.75],
			"faces": {
				"north": {"uv": [0, 15, 0.5, 15.5], "texture": "#0"},
				"east": {"uv": [0, 15, 1, 15.5], "texture": "#0"},
				"south": {"uv": [0, 15, 0.5, 15.5], "texture": "#0"},
				"west": {"uv": [0, 15, 1, 15.5], "texture": "#0"},
				"up": {"uv": [0, 14.75, 0.5, 15.75], "texture": "#0"},
				"down": {"uv": [0, 14.75, 0.5, 15.75], "texture": "#0"}
			}
		},
		{
			"from": [6.5, 2, 2.75],
			"to": [7, 2.5, 3.75],
			"faces": {
				"north": {"uv": [0, 15, 0.5, 15.5], "texture": "#0"},
				"east": {"uv": [0, 15, 1, 15.5], "texture": "#0"},
				"south": {"uv": [0, 15, 0.5, 15.5], "texture": "#0"},
				"west": {"uv": [0, 15, 1, 15.5], "texture": "#0"},
				"up": {"uv": [0, 14.75, 0.5, 15.75], "texture": "#0"},
				"down": {"uv": [0, 14.75, 0.5, 15.75], "texture": "#0"}
			}
		},
		{
			"from": [7.25, 2, 2],
			"to": [8.75, 2.75, 2.5],
			"faces": {
				"north": {"uv": [0, 15, 1.5, 15.75], "texture": "#0"},
				"east": {"uv": [0, 15, 0.5, 15.75], "texture": "#0"},
				"south": {"uv": [0, 15, 1.5, 15.75], "texture": "#0"},
				"west": {"uv": [0, 15, 0.5, 15.75], "texture": "#0"},
				"up": {"uv": [0, 14.75, 1.5, 15.25], "texture": "#0"},
				"down": {"uv": [0, 14.75, 1.5, 15.25], "texture": "#0"}
			}
		},
		{
			"from": [6.75, 1.5, 3.25],
			"to": [7, 2.25, 3.5],
			"faces": {
				"north": {"uv": [15.75, 0, 16, 0.75], "texture": "#0"},
				"east": {"uv": [15.75, 0, 16, 0.75], "texture": "#0"},
				"south": {"uv": [15.75, 0, 16, 0.75], "texture": "#0"},
				"west": {"uv": [15.75, 0, 16, 0.75], "texture": "#0"},
				"up": {"uv": [15.75, 0, 16, 0.75], "texture": "#0"},
				"down": {"uv": [15.75, 0, 16, 0.25], "texture": "#0"}
			}
		},
		{
			"from": [9, 1.5, 3.25],
			"to": [9.25, 2.25, 3.5],
			"faces": {
				"north": {"uv": [15.75, 0, 16, 0.75], "texture": "#0"},
				"east": {"uv": [15.75, 0, 16, 0.75], "texture": "#0"},
				"south": {"uv": [15.75, 0, 16, 0.75], "texture": "#0"},
				"west": {"uv": [15.75, 0, 16, 0.75], "texture": "#0"},
				"up": {"uv": [15.75, 0, 16, 0.75], "texture": "#0"},
				"down": {"uv": [15.75, 0, 16, 0.25], "texture": "#0"}
			}
		},
		{
			"from": [8.75, 1.5, 2.75],
			"to": [9, 2.25, 3],
			"faces": {
				"north": {"uv": [15.75, 0, 16, 0.75], "texture": "#0"},
				"east": {"uv": [15.75, 0, 16, 0.75], "texture": "#0"},
				"south": {"uv": [15.75, 0, 16, 0.75], "texture": "#0"},
				"west": {"uv": [15.75, 0, 16, 0.75], "texture": "#0"},
				"up": {"uv": [15.75, 0, 16, 0.75], "texture": "#0"},
				"down": {"uv": [15.75, 0, 16, 0.25], "texture": "#0"}
			}
		},
		{
			"from": [7.5, 1.5, 2.25],
			"to": [7.75, 2.25, 2.5],
			"faces": {
				"north": {"uv": [15.75, 0, 16, 0.75], "texture": "#0"},
				"east": {"uv": [15.75, 0, 16, 0.75], "texture": "#0"},
				"south": {"uv": [15.75, 0, 16, 0.75], "texture": "#0"},
				"west": {"uv": [15.75, 0, 16, 0.75], "texture": "#0"},
				"up": {"uv": [15.75, 0, 16, 0.75], "texture": "#0"},
				"down": {"uv": [15.75, 0, 16, 0.25], "texture": "#0"}
			}
		},
		{
			"from": [8.25, 1.5, 2.25],
			"to": [8.5, 2.25, 2.5],
			"faces": {
				"north": {"uv": [15.75, 0, 16, 0.75], "texture": "#0"},
				"east": {"uv": [15.75, 0, 16, 0.75], "texture": "#0"},
				"south": {"uv": [15.75, 0, 16, 0.75], "texture": "#0"},
				"west": {"uv": [15.75, 0, 16, 0.75], "texture": "#0"},
				"up": {"uv": [15.75, 0, 16, 0.75], "texture": "#0"},
				"down": {"uv": [15.75, 0, 16, 0.25], "texture": "#0"}
			}
		},
		{
			"from": [7, 1.5, 2.75],
			"to": [7.25, 2.25, 3],
			"faces": {
				"north": {"uv": [15.75, 0, 16, 0.75], "texture": "#0"},
				"east": {"uv": [15.75, 0, 16, 0.75], "texture": "#0"},
				"south": {"uv": [15.75, 0, 16, 0.75], "texture": "#0"},
				"west": {"uv": [15.75, 0, 16, 0.75], "texture": "#0"},
				"up": {"uv": [15.75, 0, 16, 0.75], "texture": "#0"},
				"down": {"uv": [15.75, 0, 16, 0.25], "texture": "#0"}
			}
		},
		{
			"from": [8.25, 6.5, 7.75],
			"to": [10, 6.75, 8.75],
			"rotation": {"angle": 45, "axis": "z", "origin": [9.375, 6.125, 8.25]},
			"faces": {
				"north": {"uv": [0, 0.5, 1.75, 0.25], "texture": "#0"},
				"east": {"uv": [0, 0.5, 1, 0.25], "texture": "#0"},
				"south": {"uv": [0, 0, 1.75, 0.25], "texture": "#0"},
				"west": {"uv": [0, 0, 1, 0.25], "texture": "#0"},
				"up": {"uv": [0, 0.5, 1.75, 1], "texture": "#0"},
				"down": {"uv": [0, 0, 1.75, 1], "texture": "#0"}
			}
		},
		{
			"from": [7.75, 7, 7.75],
			"to": [8, 8.75, 8.75],
			"rotation": {"angle": 45, "axis": "z", "origin": [9.375, 6.125, 8.25]},
			"faces": {
				"north": {"uv": [0, 0.5, 1.75, 0.25], "rotation": 90, "texture": "#0"},
				"east": {"uv": [0, 0.5, 1.75, 1], "rotation": 270, "texture": "#0"},
				"south": {"uv": [0, 0, 1.75, 0.25], "rotation": 270, "texture": "#0"},
				"west": {"uv": [0, 0, 1.75, 1], "rotation": 270, "texture": "#0"},
				"up": {"uv": [0, 0.5, 1, 0.25], "rotation": 270, "texture": "#0"},
				"down": {"uv": [0, 0, 1, 0.25], "rotation": 270, "texture": "#0"}
			}
		},
		{
			"from": [7.375, 5.75, 8.625],
			"to": [8.375, 7.5, 8.875],
			"rotation": {"angle": 45, "axis": "x", "origin": [9.375, 6.125, 8.25]},
			"faces": {
				"north": {"uv": [0, 0.5, 1.75, 1], "rotation": 270, "texture": "#0"},
				"east": {"uv": [0, 0.5, 1.75, 0.25], "rotation": 270, "texture": "#0"},
				"south": {"uv": [0, 0, 1.75, 1], "rotation": 270, "texture": "#0"},
				"west": {"uv": [0, 0, 1.75, 0.25], "rotation": 90, "texture": "#0"},
				"up": {"uv": [0, 0.5, 1, 0.25], "rotation": 180, "texture": "#0"},
				"down": {"uv": [0, 0, 1, 0.25], "texture": "#0"}
			}
		},
		{
			"from": [7.375, 5.75, 7.625],
			"to": [8.375, 7.5, 7.875],
			"rotation": {"angle": -45, "axis": "x", "origin": [9.375, 6.125, 8.25]},
			"faces": {
				"north": {"uv": [0, 0.5, 1.75, 1], "rotation": 270, "texture": "#0"},
				"east": {"uv": [0, 0.5, 1.75, 0.25], "rotation": 270, "texture": "#0"},
				"south": {"uv": [0, 0, 1.75, 1], "rotation": 270, "texture": "#0"},
				"west": {"uv": [0, 0, 1.75, 0.25], "rotation": 90, "texture": "#0"},
				"up": {"uv": [0, 0.5, 1, 0.25], "rotation": 180, "texture": "#0"},
				"down": {"uv": [0, 0, 1, 0.25], "texture": "#0"}
			}
		},
		{
			"from": [6.75, -0.5, 5],
			"to": [9.25, -0.25, 8.25],
			"rotation": {"angle": -22.5, "axis": "x", "origin": [8, 0.625, 6.625]},
			"faces": {
				"north": {"uv": [13.5, 11.75, 16, 12], "texture": "#0"},
				"east": {"uv": [12.75, 11.75, 16, 12], "texture": "#0"},
				"south": {"uv": [13.5, 11.75, 16, 12], "texture": "#0"},
				"west": {"uv": [12.75, 11.75, 16, 12], "texture": "#0"},
				"up": {"uv": [13.5, 12.75, 16, 16], "texture": "#0"},
				"down": {"uv": [13.5, 12.75, 16, 16], "texture": "#0"}
			}
		},
		{
			"from": [8.75, -0.25, 5.5],
			"to": [9, 0, 6],
			"rotation": {"angle": -22.5, "axis": "x", "origin": [8, 0.625, 6.625]},
			"faces": {
				"north": {"uv": [13.5, 11.75, 13.75, 12], "texture": "#0"},
				"east": {"uv": [12.75, 11.75, 13.25, 12], "texture": "#0"},
				"south": {"uv": [13.5, 11.75, 13.75, 12], "texture": "#0"},
				"west": {"uv": [12.75, 11.75, 13.25, 12], "texture": "#0"},
				"up": {"uv": [13.5, 12.75, 13.75, 13.25], "texture": "#0"},
				"down": {"uv": [13.5, 12.75, 13.75, 13.25], "texture": "#0"}
			}
		},
		{
			"from": [7, -0.25, 5.5],
			"to": [7.25, 0, 6],
			"rotation": {"angle": -22.5, "axis": "x", "origin": [8, 0.625, 6.625]},
			"faces": {
				"north": {"uv": [13.5, 11.75, 13.75, 12], "texture": "#0"},
				"east": {"uv": [12.75, 11.75, 13.25, 12], "texture": "#0"},
				"south": {"uv": [13.5, 11.75, 13.75, 12], "texture": "#0"},
				"west": {"uv": [12.75, 11.75, 13.25, 12], "texture": "#0"},
				"up": {"uv": [13.5, 12.75, 13.75, 13.25], "texture": "#0"},
				"down": {"uv": [13.5, 12.75, 13.75, 13.25], "texture": "#0"}
			}
		},
		{
			"from": [7, -0.25, 6.5],
			"to": [7.25, 0, 7],
			"rotation": {"angle": -22.5, "axis": "x", "origin": [8, 0.625, 6.625]},
			"faces": {
				"north": {"uv": [13.5, 11.75, 13.75, 12], "texture": "#0"},
				"east": {"uv": [12.75, 11.75, 13.25, 12], "texture": "#0"},
				"south": {"uv": [13.5, 11.75, 13.75, 12], "texture": "#0"},
				"west": {"uv": [12.75, 11.75, 13.25, 12], "texture": "#0"},
				"up": {"uv": [13.5, 12.75, 13.75, 13.25], "texture": "#0"},
				"down": {"uv": [13.5, 12.75, 13.75, 13.25], "texture": "#0"}
			}
		},
		{
			"from": [8.75, -0.25, 6.5],
			"to": [9, 0, 7],
			"rotation": {"angle": -22.5, "axis": "x", "origin": [8, 0.625, 6.625]},
			"faces": {
				"north": {"uv": [13.5, 11.75, 13.75, 12], "texture": "#0"},
				"east": {"uv": [12.75, 11.75, 13.25, 12], "texture": "#0"},
				"south": {"uv": [13.5, 11.75, 13.75, 12], "texture": "#0"},
				"west": {"uv": [12.75, 11.75, 13.25, 12], "texture": "#0"},
				"up": {"uv": [13.5, 12.75, 13.75, 13.25], "texture": "#0"},
				"down": {"uv": [13.5, 12.75, 13.75, 13.25], "texture": "#0"}
			}
		},
		{
			"from": [8.75, 1.27881, 6.39481],
			"to": [9, 1.52881, 6.89481],
			"rotation": {"angle": 0, "axis": "x", "origin": [8.875, 0.90381, 6.64481]},
			"faces": {
				"north": {"uv": [13.5, 11.75, 13.75, 12], "texture": "#0"},
				"east": {"uv": [12.75, 11.75, 13.25, 12], "texture": "#0"},
				"south": {"uv": [13.5, 11.75, 13.75, 12], "texture": "#0"},
				"west": {"uv": [12.75, 11.75, 13.25, 12], "texture": "#0"},
				"up": {"uv": [13.5, 12.75, 13.75, 13.25], "texture": "#0"},
				"down": {"uv": [13.5, 12.75, 13.75, 13.25], "texture": "#0"}
			}
		},
		{
			"from": [7, 1.27881, 6.39481],
			"to": [7.25, 1.52881, 6.89481],
			"rotation": {"angle": 0, "axis": "x", "origin": [8.875, 0.90381, 6.64481]},
			"faces": {
				"north": {"uv": [13.5, 11.75, 13.75, 12], "texture": "#0"},
				"east": {"uv": [12.75, 11.75, 13.25, 12], "texture": "#0"},
				"south": {"uv": [13.5, 11.75, 13.75, 12], "texture": "#0"},
				"west": {"uv": [12.75, 11.75, 13.25, 12], "texture": "#0"},
				"up": {"uv": [13.5, 12.75, 13.75, 13.25], "texture": "#0"},
				"down": {"uv": [13.5, 12.75, 13.75, 13.25], "texture": "#0"}
			}
		},
		{
			"from": [7, 1.27881, 5.39481],
			"to": [7.25, 1.52881, 5.89481],
			"rotation": {"angle": 0, "axis": "x", "origin": [8.875, 0.90381, 6.64481]},
			"faces": {
				"north": {"uv": [13.5, 11.75, 13.75, 12], "texture": "#0"},
				"east": {"uv": [12.75, 11.75, 13.25, 12], "texture": "#0"},
				"south": {"uv": [13.5, 11.75, 13.75, 12], "texture": "#0"},
				"west": {"uv": [12.75, 11.75, 13.25, 12], "texture": "#0"},
				"up": {"uv": [13.5, 12.75, 13.75, 13.25], "texture": "#0"},
				"down": {"uv": [13.5, 12.75, 13.75, 13.25], "texture": "#0"}
			}
		},
		{
			"from": [8.75, 1.27881, 5.39481],
			"to": [9, 1.52881, 5.89481],
			"rotation": {"angle": 0, "axis": "x", "origin": [8.875, 0.90381, 6.64481]},
			"faces": {
				"north": {"uv": [13.5, 11.75, 13.75, 12], "texture": "#0"},
				"east": {"uv": [12.75, 11.75, 13.25, 12], "texture": "#0"},
				"south": {"uv": [13.5, 11.75, 13.75, 12], "texture": "#0"},
				"west": {"uv": [12.75, 11.75, 13.25, 12], "texture": "#0"},
				"up": {"uv": [13.5, 12.75, 13.75, 13.25], "texture": "#0"},
				"down": {"uv": [13.5, 12.75, 13.75, 13.25], "texture": "#0"}
			}
		},
		{
			"from": [8.25, 1.27881, 5.14481],
			"to": [8.75, 1.52881, 5.39481],
			"rotation": {"angle": 0, "axis": "x", "origin": [8.875, 0.90381, 6.64481]},
			"faces": {
				"north": {"uv": [13.5, 11.75, 14, 12], "texture": "#0"},
				"east": {"uv": [12.75, 11.75, 13, 12], "texture": "#0"},
				"south": {"uv": [13.5, 11.75, 14, 12], "texture": "#0"},
				"west": {"uv": [12.75, 11.75, 13, 12], "texture": "#0"},
				"up": {"uv": [13.5, 12.75, 14, 13], "texture": "#0"},
				"down": {"uv": [13.5, 12.75, 14, 13], "texture": "#0"}
			}
		},
		{
			"from": [7.25, 1.27881, 5.14481],
			"to": [7.75, 1.52881, 5.39481],
			"rotation": {"angle": 0, "axis": "x", "origin": [8.875, 0.90381, 6.64481]},
			"faces": {
				"north": {"uv": [13.5, 11.75, 14, 12], "texture": "#0"},
				"east": {"uv": [12.75, 11.75, 13, 12], "texture": "#0"},
				"south": {"uv": [13.5, 11.75, 14, 12], "texture": "#0"},
				"west": {"uv": [12.75, 11.75, 13, 12], "texture": "#0"},
				"up": {"uv": [13.5, 12.75, 14, 13], "texture": "#0"},
				"down": {"uv": [13.5, 12.75, 14, 13], "texture": "#0"}
			}
		},
		{
			"from": [7.25, -0.25, 5.25],
			"to": [7.75, 0, 5.5],
			"rotation": {"angle": -22.5, "axis": "x", "origin": [8, 0.625, 6.625]},
			"faces": {
				"north": {"uv": [13.5, 11.75, 14, 12], "texture": "#0"},
				"east": {"uv": [12.75, 11.75, 13, 12], "texture": "#0"},
				"south": {"uv": [13.5, 11.75, 14, 12], "texture": "#0"},
				"west": {"uv": [12.75, 11.75, 13, 12], "texture": "#0"},
				"up": {"uv": [13.5, 12.75, 14, 13], "texture": "#0"},
				"down": {"uv": [13.5, 12.75, 14, 13], "texture": "#0"}
			}
		},
		{
			"from": [8.25, -0.25, 5.25],
			"to": [8.75, 0, 5.5],
			"rotation": {"angle": -22.5, "axis": "x", "origin": [8, 0.625, 6.625]},
			"faces": {
				"north": {"uv": [13.5, 11.75, 14, 12], "texture": "#0"},
				"east": {"uv": [12.75, 11.75, 13, 12], "texture": "#0"},
				"south": {"uv": [13.5, 11.75, 14, 12], "texture": "#0"},
				"west": {"uv": [12.75, 11.75, 13, 12], "texture": "#0"},
				"up": {"uv": [13.5, 12.75, 14, 13], "texture": "#0"},
				"down": {"uv": [13.5, 12.75, 14, 13], "texture": "#0"}
			}
		},
		{
			"from": [9.25, -0.25, 7.75],
			"to": [9.5, 4, 8.25],
			"rotation": {"angle": 0, "axis": "x", "origin": [8, 0.625, 6.625]},
			"faces": {
				"north": {"uv": [13.5, 11.75, 13.75, 16], "texture": "#0"},
				"east": {"uv": [12.75, 11.75, 13.25, 16], "texture": "#0"},
				"south": {"uv": [13.5, 11.75, 13.75, 16], "texture": "#0"},
				"west": {"uv": [12.75, 11.75, 13.25, 16], "texture": "#0"},
				"up": {"uv": [13.5, 12.75, 13.75, 13.25], "texture": "#0"},
				"down": {"uv": [13.5, 12.75, 13.75, 13.25], "texture": "#0"}
			}
		},
		{
			"from": [6.5, -0.25, 7.75],
			"to": [6.75, 4, 8.25],
			"rotation": {"angle": 0, "axis": "x", "origin": [8, 0.625, 6.625]},
			"faces": {
				"north": {"uv": [13.5, 11.75, 13.75, 16], "texture": "#0"},
				"east": {"uv": [12.75, 11.75, 13.25, 16], "texture": "#0"},
				"south": {"uv": [13.5, 11.75, 13.75, 16], "texture": "#0"},
				"west": {"uv": [12.75, 11.75, 13.25, 16], "texture": "#0"},
				"up": {"uv": [13.5, 12.75, 13.75, 13.25], "texture": "#0"},
				"down": {"uv": [13.5, 12.75, 13.75, 13.25], "texture": "#0"}
			}
		},
		{
			"from": [7.6, -0.25, 7.75],
			"to": [8.35, 4, 8.65],
			"rotation": {"angle": 0, "axis": "x", "origin": [8, 0.625, 6.625]},
			"faces": {
				"north": {"uv": [13.5, 11.75, 14.25, 16], "texture": "#0"},
				"east": {"uv": [12.75, 11.75, 13.65, 16], "texture": "#0"},
				"south": {"uv": [13.5, 11.75, 14.25, 16], "texture": "#0"},
				"west": {"uv": [12.75, 11.75, 13.65, 16], "texture": "#0"},
				"up": {"uv": [13.5, 12.75, 14.25, 13.65], "texture": "#0"},
				"down": {"uv": [13.5, 12.75, 14.25, 13.65], "texture": "#0"}
			}
		},
		{
			"from": [7.5, 1.75, 6],
			"to": [8.5, 4.25, 8.75],
			"faces": {
				"north": {"uv": [9, 14, 10, 16], "texture": "#0"},
				"east": {"uv": [9, 14, 11.75, 16.5], "texture": "#0"},
				"south": {"uv": [9, 14, 10, 16.5], "texture": "#0"},
				"west": {"uv": [9, 14, 11.75, 16.5], "texture": "#0"},
				"up": {"uv": [9, 14, 10, 16.75], "texture": "#0"},
				"down": {"uv": [9, 14, 10, 16.75], "texture": "#0"}
			}
		},
		{
			"from": [6.25, 2.75, 5.75],
			"to": [7.25, 3.75, 6.75],
			"faces": {
				"north": {"uv": [6, 0, 7.875, 2.125], "texture": "#0"},
				"east": {"uv": [7.5, 0, 8.5, 1], "texture": "#0"},
				"south": {"uv": [7.5, 0, 8.5, 1], "texture": "#0"},
				"west": {"uv": [7.5, 0, 8.5, 1], "texture": "#0"},
				"up": {"uv": [7.5, 0, 8.5, 1], "texture": "#0"},
				"down": {"uv": [7.5, 0, 8.5, 1], "texture": "#0"}
			}
		},
		{
			"from": [6.75, 1.75, 6.5],
			"to": [9.25, 4, 8],
			"faces": {
				"north": {"uv": [9, 14, 11.5, 16.25], "texture": "#0"},
				"east": {"uv": [9, 14, 10.5, 16.25], "texture": "#0"},
				"south": {"uv": [9, 14, 11.5, 16.25], "texture": "#0"},
				"west": {"uv": [9, 14, 10.5, 16.25], "texture": "#0"},
				"up": {"uv": [9, 14, 11.5, 15.5], "texture": "#0"},
				"down": {"uv": [9, 14, 11.5, 15.5], "texture": "#0"}
			}
		},
		{
			"from": [6.75, 1.5, 5],
			"to": [9.25, 1.75, 8.25],
			"faces": {
				"north": {"uv": [9, 14, 11.5, 13.75], "texture": "#0"},
				"east": {"uv": [9, 14, 12.25, 13.75], "texture": "#0"},
				"south": {"uv": [9, 14, 11.5, 13.75], "texture": "#0"},
				"west": {"uv": [9, 14, 12.25, 13.75], "texture": "#0"},
				"up": {"uv": [9, 17, 11.5, 13.75], "texture": "#0"},
				"down": {"uv": [9, 17, 11.5, 13.75], "texture": "#0"}
			}
		},
		{
			"from": [8.75, 2.75, 5.75],
			"to": [9.75, 3.75, 6.75],
			"faces": {
				"north": {"uv": [6, 0, 7.875, 2], "texture": "#0"},
				"east": {"uv": [7.5, 0, 8.5, 1], "texture": "#0"},
				"south": {"uv": [7.5, 0, 8.5, 1], "texture": "#0"},
				"west": {"uv": [7.5, 0, 8.5, 1], "texture": "#0"},
				"up": {"uv": [7.5, 0, 8.5, 1], "texture": "#0"},
				"down": {"uv": [7.5, 0, 8.5, 1], "texture": "#0"}
			}
		}
	],
	"display": {
		"head": {
			"translation": [0, 14.75, 0],
			"scale": [2.19, 2.19, 2.19]
		}
	},
	"groups": [
		0,
		{
			"name": "group",
			"origin": [8, 8, 8],
			"color": 0,
			"children": [
				{
					"name": "bottom jaw",
					"origin": [8, 8, 8],
					"color": 0,
					"children": [
						{
							"name": "jaw",
							"origin": [8, 8, 8],
							"color": 0,
							"children": [1, 2]
						},
						{
							"name": "group",
							"origin": [0, 0, 0],
							"color": 0,
							"children": [3, 4, 5, 6, 7, 8, 9, 10, 11, 12]
						},
						{
							"name": "group",
							"origin": [8, 8, 8],
							"color": 0,
							"children": [13, 14, 15]
						}
					]
				},
				{
					"name": "group",
					"origin": [8, 8, 8],
					"color": 0,
					"children": [
						{
							"name": "head",
							"origin": [8, 8, 8],
							"color": 0,
							"children": [16, 17, 18, 19, 20, 21, 22, 23, 24]
						}
					]
				},
				{
					"name": "group",
					"origin": [0, 0, 0],
					"color": 0,
					"children": [
						25,
						26,
						27,
						28,
						29,
						30,
						{
							"name": "group",
							"origin": [0, 0, 0],
							"color": 0,
							"children": [31, 32, 33, 34, 35, 36]
						}
					]
				},
				{
					"name": "group",
					"origin": [0, 0, 0],
					"color": 0,
					"children": [37, 38, 39, 40]
				},
				{
					"name": "endo",
					"origin": [0, 0, 0],
					"color": 0,
					"children": [41, 42, 43, 44, 45, 46, 47, 48, 49, 50, 51, 52, 53, 54, 55, 56]
				},
				{
					"name": "group",
					"origin": [0, 0, 0],
					"color": 0,
					"children": [57, 58, 59, 60]
				},
				{
					"name": "group",
					"origin": [8, 8, 8],
					"color": 0,
					"children": [61]
				}
			]
		}
	]
}