{
	"credit": "Made with Blockbench",
	"textures": {
		"0": "./puppet",
		"particle": "./puppet"
	},
	"elements": [
		{
			"from": [10.75, -4.25, 7.75],
			"to": [11.5, 2, 8.75],
			"rotation": {"angle": 0, "axis": "x", "origin": [11.125, -1.625, 4.5]},
			"faces": {
				"north": {"uv": [0, 9.75, 0.75, 16], "texture": "#0"},
				"east": {"uv": [0, 9.75, 1, 16], "texture": "#0"},
				"south": {"uv": [0, 9.75, 0.75, 16], "texture": "#0"},
				"west": {"uv": [0, 9.75, 1, 16], "texture": "#0"},
				"up": {"uv": [0, 9.75, 0.75, 10.75], "texture": "#0"},
				"down": {"uv": [0, 9.75, 0.75, 10.75], "texture": "#0"}
			}
		},
		{
			"from": [10.5, 2, 7.75],
			"to": [11.5, 7.75, 8.75],
			"rotation": {"angle": 0, "axis": "y", "origin": [-1.25, 0, 0]},
			"faces": {
				"north": {"uv": [1.25, 4.25, 2.25, 10], "texture": "#0"},
				"east": {"uv": [1.25, 4.25, 2.25, 10], "texture": "#0"},
				"south": {"uv": [1.25, 4.25, 2.25, 10], "texture": "#0"},
				"west": {"uv": [1.25, 4.25, 2.25, 10], "texture": "#0"},
				"up": {"uv": [1.25, 4.25, 2.25, 10], "texture": "#0"},
				"down": {"uv": [1.25, 4.25, 2.25, 10], "texture": "#0"}
			}
		},
		{
			"from": [11.5, -6.5, 8],
			"to": [11.75, -3.75, 8.5],
			"rotation": {"angle": 0, "axis": "x", "origin": [11.125, -1.625, 4.5]},
			"faces": {
				"north": {"uv": [0, 0, 0.25, 2.75], "texture": "#0"},
				"east": {"uv": [0, 0, 0.5, 2.75], "texture": "#0"},
				"south": {"uv": [0, 0, 0.25, 2.75], "texture": "#0"},
				"west": {"uv": [0, 0, 0.5, 2.75], "texture": "#0"},
				"up": {"uv": [0, 0, 0.25, 0.5], "texture": "#0"},
				"down": {"uv": [0, 0, 0.25, 0.5], "texture": "#0"}
			}
		},
		{
			"from": [10.5, -6.5, 8],
			"to": [10.75, -3.75, 8.5],
			"rotation": {"angle": 0, "axis": "x", "origin": [11.125, -1.625, 4.5]},
			"faces": {
				"north": {"uv": [0, 0, 0.25, 2.75], "texture": "#0"},
				"east": {"uv": [0, 0, 0.5, 2.75], "texture": "#0"},
				"south": {"uv": [0, 0, 0.25, 2.75], "texture": "#0"},
				"west": {"uv": [0, 0, 0.5, 2.75], "texture": "#0"},
				"up": {"uv": [0, 0, 0.25, 0.5], "texture": "#0"},
				"down": {"uv": [0, 0, 0.25, 0.5], "texture": "#0"}
			}
		},
		{
			"from": [11, -7, 8],
			"to": [11.25, -4.25, 8.5],
			"rotation": {"angle": 0, "axis": "x", "origin": [11.125, -1.625, 4.5]},
			"faces": {
				"north": {"uv": [0, 0, 0.25, 2.75], "texture": "#0"},
				"east": {"uv": [0, 0, 0.5, 2.75], "texture": "#0"},
				"south": {"uv": [0, 0, 0.25, 2.75], "texture": "#0"},
				"west": {"uv": [0, 0, 0.5, 2.75], "texture": "#0"},
				"up": {"uv": [0, 0, 0.25, 0.5], "texture": "#0"},
				"down": {"uv": [0, 0, 0.25, 0.5], "texture": "#0"}
			}
		},
		{
			"from": [7.5, 8, 8],
			"to": [8.5, 9.25, 9],
			"faces": {
				"north": {"uv": [0, 0, 1, 1.25], "texture": "#0"},
				"east": {"uv": [0, 0, 1, 1.25], "texture": "#0"},
				"south": {"uv": [0, 0, 1, 1.25], "texture": "#0"},
				"west": {"uv": [0, 0, 1, 1.25], "texture": "#0"},
				"up": {"uv": [0, 0, 1, 1], "texture": "#0"},
				"down": {"uv": [0, 0, 1, 1], "texture": "#0"}
			}
		},
		{
			"from": [6, 9.25, 6.75],
			"to": [10, 13.5, 10],
			"faces": {
				"north": {"uv": [11.75, 0, 15.75, 4.25], "texture": "#0"},
				"east": {"uv": [11.75, 0, 15, 4.25], "texture": "#0"},
				"south": {"uv": [11.75, 0, 15.75, 4.25], "texture": "#0"},
				"west": {"uv": [11.75, 0, 15, 4.25], "texture": "#0"},
				"up": {"uv": [11.75, 0, 15.75, 3.25], "texture": "#0"},
				"down": {"uv": [11.75, 0, 15.75, 3.25], "texture": "#0"}
			}
		},
		{
			"from": [7.75, 7, 6.75],
			"to": [8.25, 7.5, 7],
			"faces": {
				"north": {"uv": [4.25, 2.5, 4.75, 3], "texture": "#0"},
				"east": {"uv": [4.25, 2.5, 4.75, 3], "texture": "#0"},
				"south": {"uv": [4.25, 2.5, 4.75, 3], "texture": "#0"},
				"west": {"uv": [4.25, 2.5, 4.75, 3], "texture": "#0"},
				"up": {"uv": [4.25, 2.5, 4.75, 3], "texture": "#0"},
				"down": {"uv": [4.25, 2.5, 4.75, 3], "texture": "#0"}
			}
		},
		{
			"from": [7.75, 6, 6.75],
			"to": [8.25, 6.5, 7],
			"faces": {
				"north": {"uv": [4.25, 2.5, 4.75, 3], "texture": "#0"},
				"east": {"uv": [4.25, 2.5, 4.75, 3], "texture": "#0"},
				"south": {"uv": [4.25, 2.5, 4.75, 3], "texture": "#0"},
				"west": {"uv": [4.25, 2.5, 4.75, 3], "texture": "#0"},
				"up": {"uv": [4.25, 2.5, 4.75, 3], "texture": "#0"},
				"down": {"uv": [4.25, 2.5, 4.75, 3], "texture": "#0"}
			}
		},
		{
			"from": [7.75, 5, 6.75],
			"to": [8.25, 5.5, 7],
			"faces": {
				"north": {"uv": [4.25, 2.5, 4.75, 3], "texture": "#0"},
				"east": {"uv": [4.25, 2.5, 4.75, 3], "texture": "#0"},
				"south": {"uv": [4.25, 2.5, 4.75, 3], "texture": "#0"},
				"west": {"uv": [4.25, 2.5, 4.75, 3], "texture": "#0"},
				"up": {"uv": [4.25, 2.5, 4.75, 3], "texture": "#0"},
				"down": {"uv": [4.25, 2.5, 4.75, 3], "texture": "#0"}
			}
		},
		{
			"from": [6, 10.5, 6.5],
			"to": [10, 11.25, 6.75],
			"faces": {
				"north": {"uv": [12, 14.5, 16, 15.25], "texture": "#0"},
				"east": {"uv": [12, 15.25, 16, 16], "texture": "#0"},
				"south": {"uv": [12, 15.25, 16, 16], "texture": "#0"},
				"west": {"uv": [12, 15.25, 16, 16], "texture": "#0"},
				"up": {"uv": [12, 15.25, 16, 16], "texture": "#0"},
				"down": {"uv": [12, 15.25, 16, 16], "texture": "#0"}
			}
		},
		{
			"from": [7.5, 9.5, 6.25],
			"to": [8.5, 9.75, 6.5],
			"faces": {
				"north": {"uv": [15, 14.25, 16, 14.5], "texture": "#0"},
				"east": {"uv": [15, 14.25, 16, 14.5], "texture": "#0"},
				"south": {"uv": [15, 14.25, 16, 14.5], "texture": "#0"},
				"west": {"uv": [15, 14.25, 16, 14.5], "texture": "#0"},
				"up": {"uv": [15, 14.25, 16, 14.5], "texture": "#0"},
				"down": {"uv": [15, 14.25, 16, 14.5], "texture": "#0"}
			}
		},
		{
			"from": [7.5, 10.5, 6.25],
			"to": [8.5, 10.75, 6.5],
			"faces": {
				"north": {"uv": [15, 14.25, 16, 14.5], "texture": "#0"},
				"east": {"uv": [15, 14.25, 16, 14.5], "texture": "#0"},
				"south": {"uv": [15, 14.25, 16, 14.5], "texture": "#0"},
				"west": {"uv": [15, 14.25, 16, 14.5], "texture": "#0"},
				"up": {"uv": [15, 14.25, 16, 14.5], "texture": "#0"},
				"down": {"uv": [15, 14.25, 16, 14.5], "texture": "#0"}
			}
		},
		{
			"from": [9.5, 10.5, 6.25],
			"to": [10, 11, 6.5],
			"faces": {
				"north": {"uv": [15.5, 14, 16, 14.5], "texture": "#0"},
				"east": {"uv": [15.5, 14, 16, 14.5], "texture": "#0"},
				"south": {"uv": [15.5, 14, 16, 14.5], "texture": "#0"},
				"west": {"uv": [15.5, 14, 16, 14.5], "texture": "#0"},
				"up": {"uv": [15.5, 14, 16, 14.5], "texture": "#0"},
				"down": {"uv": [15.5, 14, 16, 14.5], "texture": "#0"}
			}
		},
		{
			"from": [6, 10.5, 6.25],
			"to": [6.5, 11, 6.5],
			"faces": {
				"north": {"uv": [15.5, 14, 16, 14.5], "texture": "#0"},
				"east": {"uv": [15.5, 14, 16, 14.5], "texture": "#0"},
				"south": {"uv": [15.5, 14, 16, 14.5], "texture": "#0"},
				"west": {"uv": [15.5, 14, 16, 14.5], "texture": "#0"},
				"up": {"uv": [15.5, 14, 16, 14.5], "texture": "#0"},
				"down": {"uv": [15.5, 14, 16, 14.5], "texture": "#0"}
			}
		},
		{
			"from": [6, 11.75, 6.5],
			"to": [10, 12.5, 6.75],
			"faces": {
				"north": {"uv": [12, 15.25, 16, 16], "texture": "#0"},
				"east": {"uv": [12, 15.25, 16, 16], "texture": "#0"},
				"south": {"uv": [12, 15.25, 16, 16], "texture": "#0"},
				"west": {"uv": [12, 15.25, 16, 16], "texture": "#0"},
				"up": {"uv": [12, 15.25, 16, 16], "texture": "#0"},
				"down": {"uv": [12, 15.25, 16, 16], "texture": "#0"}
			}
		},
		{
			"from": [6.25, 12.5, 6.5],
			"to": [9.75, 13, 6.75],
			"faces": {
				"north": {"uv": [12, 15.25, 15.5, 15.75], "texture": "#0"},
				"east": {"uv": [12, 15.25, 15.5, 15.75], "texture": "#0"},
				"south": {"uv": [12, 15.25, 15.5, 15.75], "texture": "#0"},
				"west": {"uv": [12, 15.25, 15.5, 15.75], "texture": "#0"},
				"up": {"uv": [12, 15.25, 15.5, 15.75], "texture": "#0"},
				"down": {"uv": [12, 15.25, 15.5, 15.75], "texture": "#0"}
			}
		},
		{
			"from": [6.5, 13, 6.5],
			"to": [9.5, 13.5, 6.75],
			"faces": {
				"north": {"uv": [12, 15.25, 15, 15.75], "texture": "#0"},
				"east": {"uv": [12, 15.25, 15, 15.75], "texture": "#0"},
				"south": {"uv": [12, 15.25, 15, 15.75], "texture": "#0"},
				"west": {"uv": [12, 15.25, 15, 15.75], "texture": "#0"},
				"up": {"uv": [12, 15.25, 15, 15.75], "texture": "#0"},
				"down": {"uv": [12, 15.25, 15, 15.75], "texture": "#0"}
			}
		},
		{
			"from": [9.5, 11.25, 6.5],
			"to": [10, 11.75, 6.75],
			"faces": {
				"north": {"uv": [12, 15.25, 12.5, 15.75], "texture": "#0"},
				"east": {"uv": [12, 15.25, 12.5, 15.75], "texture": "#0"},
				"south": {"uv": [12, 15.25, 12.5, 15.75], "texture": "#0"},
				"west": {"uv": [12, 15.25, 12.5, 15.75], "texture": "#0"},
				"up": {"uv": [12, 15.25, 12.5, 15.75], "texture": "#0"},
				"down": {"uv": [12, 15.25, 12.5, 15.75], "texture": "#0"}
			}
		},
		{
			"from": [6, 11.25, 6.5],
			"to": [6.5, 11.75, 6.75],
			"faces": {
				"north": {"uv": [12, 15.25, 12.5, 15.75], "texture": "#0"},
				"east": {"uv": [12, 15.25, 12.5, 15.75], "texture": "#0"},
				"south": {"uv": [12, 15.25, 12.5, 15.75], "texture": "#0"},
				"west": {"uv": [12, 15.25, 12.5, 15.75], "texture": "#0"},
				"up": {"uv": [12, 15.25, 12.5, 15.75], "texture": "#0"},
				"down": {"uv": [12, 15.25, 12.5, 15.75], "texture": "#0"}
			}
		},
		{
			"from": [7.5, 11.25, 6.5],
			"to": [8.5, 11.75, 6.75],
			"faces": {
				"north": {"uv": [12, 15.25, 13, 15.75], "texture": "#0"},
				"east": {"uv": [12, 15.25, 13, 15.75], "texture": "#0"},
				"south": {"uv": [12, 15.25, 13, 15.75], "texture": "#0"},
				"west": {"uv": [12, 15.25, 13, 15.75], "texture": "#0"},
				"up": {"uv": [12, 15.25, 13, 15.75], "texture": "#0"},
				"down": {"uv": [12, 15.25, 13, 15.75], "texture": "#0"}
			}
		},
		{
			"from": [9.5, 10.25, 6.5],
			"to": [10, 10.5, 6.75],
			"faces": {
				"north": {"uv": [12, 15.25, 12.5, 15.5], "texture": "#0"},
				"east": {"uv": [12, 15.25, 12.5, 15.5], "texture": "#0"},
				"south": {"uv": [12, 15.25, 12.5, 15.5], "texture": "#0"},
				"west": {"uv": [12, 15.25, 12.5, 15.5], "texture": "#0"},
				"up": {"uv": [12, 15.25, 12.5, 15.5], "texture": "#0"},
				"down": {"uv": [12, 15.25, 12.5, 15.5], "texture": "#0"}
			}
		},
		{
			"from": [6, 10.25, 6.5],
			"to": [6.5, 10.5, 6.75],
			"faces": {
				"north": {"uv": [12, 15.25, 12.5, 15.5], "texture": "#0"},
				"east": {"uv": [12, 15.25, 12.5, 15.5], "texture": "#0"},
				"south": {"uv": [12, 15.25, 12.5, 15.5], "texture": "#0"},
				"west": {"uv": [12, 15.25, 12.5, 15.5], "texture": "#0"},
				"up": {"uv": [12, 15.25, 12.5, 15.5], "texture": "#0"},
				"down": {"uv": [12, 15.25, 12.5, 15.5], "texture": "#0"}
			}
		},
		{
			"from": [6.25, 9.75, 6.5],
			"to": [7, 10.25, 6.75],
			"faces": {
				"north": {"uv": [12, 15.25, 12.75, 15.75], "texture": "#0"},
				"east": {"uv": [12, 15.25, 12.75, 15.75], "texture": "#0"},
				"south": {"uv": [12, 15.25, 12.75, 15.75], "texture": "#0"},
				"west": {"uv": [12, 15.25, 12.75, 15.75], "texture": "#0"},
				"up": {"uv": [12, 15.25, 12.75, 15.75], "texture": "#0"},
				"down": {"uv": [12, 15.25, 12.75, 15.75], "texture": "#0"}
			}
		},
		{
			"from": [6.5, 9.25, 6.5],
			"to": [9.5, 9.75, 6.75],
			"faces": {
				"north": {"uv": [12, 15.25, 15, 15.75], "texture": "#0"},
				"east": {"uv": [12, 15.25, 15, 15.75], "texture": "#0"},
				"south": {"uv": [12, 15.25, 15, 15.75], "texture": "#0"},
				"west": {"uv": [12, 15.25, 15, 15.75], "texture": "#0"},
				"up": {"uv": [12, 15.25, 15, 15.75], "texture": "#0"},
				"down": {"uv": [12, 15.25, 15, 15.75], "texture": "#0"}
			}
		},
		{
			"from": [9, 9.75, 6.5],
			"to": [9.75, 10.25, 6.75],
			"faces": {
				"north": {"uv": [12, 15.25, 12.75, 15.75], "texture": "#0"},
				"east": {"uv": [12, 15.25, 12.75, 15.75], "texture": "#0"},
				"south": {"uv": [12, 15.25, 12.75, 15.75], "texture": "#0"},
				"west": {"uv": [12, 15.25, 12.75, 15.75], "texture": "#0"},
				"up": {"uv": [12, 15.25, 12.75, 15.75], "texture": "#0"},
				"down": {"uv": [12, 15.25, 12.75, 15.75], "texture": "#0"}
			}
		},
		{
			"from": [4.5, -4.25, 7.75],
			"to": [5.25, 2, 8.75],
			"rotation": {"angle": 0, "axis": "x", "origin": [4.875, -3.375, 8.25]},
			"faces": {
				"north": {"uv": [0, 9.75, 0.75, 16], "texture": "#0"},
				"east": {"uv": [0, 9.75, 1, 16], "texture": "#0"},
				"south": {"uv": [0, 9.75, 0.75, 16], "texture": "#0"},
				"west": {"uv": [0, 9.75, 1, 16], "texture": "#0"},
				"up": {"uv": [0, 9.75, 0.75, 10.75], "texture": "#0"},
				"down": {"uv": [0, 9.75, 0.75, 10.75], "texture": "#0"}
			}
		},
		{
			"from": [5.25, -6.5, 8],
			"to": [5.5, -3.75, 8.5],
			"rotation": {"angle": 0, "axis": "x", "origin": [4.875, -3.375, 8.25]},
			"faces": {
				"north": {"uv": [0, 0, 0.25, 2.75], "texture": "#0"},
				"east": {"uv": [0, 0, 0.5, 2.75], "texture": "#0"},
				"south": {"uv": [0, 0, 0.25, 2.75], "texture": "#0"},
				"west": {"uv": [0, 0, 0.5, 2.75], "texture": "#0"},
				"up": {"uv": [0, 0, 0.25, 0.5], "texture": "#0"},
				"down": {"uv": [0, 0, 0.25, 0.5], "texture": "#0"}
			}
		},
		{
			"from": [4.5, 2, 7.75],
			"to": [5.5, 7.75, 8.75],
			"rotation": {"angle": 0, "axis": "y", "origin": [-7.5, 0, 0]},
			"faces": {
				"north": {"uv": [1.25, 4.25, 2.25, 10], "texture": "#0"},
				"east": {"uv": [1.25, 4.25, 2.25, 10], "texture": "#0"},
				"south": {"uv": [1.25, 4.25, 2.25, 10], "texture": "#0"},
				"west": {"uv": [1.25, 4.25, 2.25, 10], "texture": "#0"},
				"up": {"uv": [1.25, 4.25, 2.25, 10], "texture": "#0"},
				"down": {"uv": [1.25, 4.25, 2.25, 10], "texture": "#0"}
			}
		},
		{
			"from": [4.25, -6.5, 8],
			"to": [4.5, -3.75, 8.5],
			"rotation": {"angle": 0, "axis": "x", "origin": [4.875, -3.375, 8.25]},
			"faces": {
				"north": {"uv": [0, 0, 0.25, 2.75], "texture": "#0"},
				"east": {"uv": [0, 0, 0.5, 2.75], "texture": "#0"},
				"south": {"uv": [0, 0, 0.25, 2.75], "texture": "#0"},
				"west": {"uv": [0, 0, 0.5, 2.75], "texture": "#0"},
				"up": {"uv": [0, 0, 0.25, 0.5], "texture": "#0"},
				"down": {"uv": [0, 0, 0.25, 0.5], "texture": "#0"}
			}
		},
		{
			"from": [4.75, -7, 8],
			"to": [5, -4.25, 8.5],
			"rotation": {"angle": 0, "axis": "x", "origin": [4.875, -3.375, 8.25]},
			"faces": {
				"north": {"uv": [0, 0, 0.25, 2.75], "texture": "#0"},
				"east": {"uv": [0, 0, 0.5, 2.75], "texture": "#0"},
				"south": {"uv": [0, 0, 0.25, 2.75], "texture": "#0"},
				"west": {"uv": [0, 0, 0.5, 2.75], "texture": "#0"},
				"up": {"uv": [0, 0, 0.25, 0.5], "texture": "#0"},
				"down": {"uv": [0, 0, 0.25, 0.5], "texture": "#0"}
			}
		},
		{
			"from": [5.75, 3.75, 7],
			"to": [10.25, 8.25, 9.75],
			"faces": {
				"north": {"uv": [11, 0, 15.5, 4.5], "texture": "#0"},
				"east": {"uv": [11, 0, 13.75, 4.5], "texture": "#0"},
				"south": {"uv": [11, 0, 15.5, 4.5], "texture": "#0"},
				"west": {"uv": [11, 0, 13.75, 4.5], "texture": "#0"},
				"up": {"uv": [11, 0, 15.5, 2.75], "texture": "#0"},
				"down": {"uv": [11, 0, 15.5, 2.75], "texture": "#0"}
			}
		},
		{
			"from": [5.75, -0.5, 7.25],
			"to": [10.25, 3.75, 9.5],
			"faces": {
				"north": {"uv": [11, 0, 15.5, 4.25], "texture": "#0"},
				"east": {"uv": [11, 0, 13.25, 4.25], "texture": "#0"},
				"south": {"uv": [11, 0, 15.5, 4.25], "texture": "#0"},
				"west": {"uv": [11, 0, 13.25, 4.25], "texture": "#0"},
				"up": {"uv": [11, 0, 15.5, 2.25], "texture": "#0"},
				"down": {"uv": [11, 0, 15.5, 2.25], "texture": "#0"}
			}
		},
		{
			"from": [5.5, 4.5, 7.25],
			"to": [10.5, 8, 9.5],
			"faces": {
				"north": {"uv": [11, 0, 16, 3.5], "texture": "#0"},
				"east": {"uv": [11, 0, 13.25, 3.5], "texture": "#0"},
				"south": {"uv": [11, 0, 16, 3.5], "texture": "#0"},
				"west": {"uv": [11, 0, 13.25, 3.5], "texture": "#0"},
				"up": {"uv": [11, 0, 16, 2.25], "texture": "#0"},
				"down": {"uv": [11, 0, 16, 2.25], "texture": "#0"}
			}
		},
		{
			"from": [8.75, -9.25, 7.75],
			"to": [10, -0.5, 8.75],
			"faces": {
				"north": {"uv": [1.25, 4.25, 2.5, 13], "texture": "#0"},
				"east": {"uv": [1.25, 4.25, 2.5, 13], "texture": "#0"},
				"south": {"uv": [1.25, 4.25, 2.5, 13], "texture": "#0"},
				"west": {"uv": [1.25, 4.25, 2.5, 13], "texture": "#0"},
				"up": {"uv": [1.25, 4.25, 2.5, 13], "texture": "#0"},
				"down": {"uv": [1.25, 4.25, 2.5, 13], "texture": "#0"}
			}
		},
		{
			"from": [8.75, -14.36504, 10.69715],
			"to": [10, -7.61504, 11.69715],
			"rotation": {"angle": -45, "axis": "x", "origin": [9.375, -11.99004, 11.19715]},
			"faces": {
				"north": {"uv": [0, 0, 1.25, 6.75], "texture": "#0"},
				"east": {"uv": [0, 0, 1, 6.75], "texture": "#0"},
				"south": {"uv": [0, 0, 1.25, 6.75], "texture": "#0"},
				"west": {"uv": [0, 0, 1, 6.75], "texture": "#0"},
				"up": {"uv": [0, 0, 1.25, 1], "texture": "#0"},
				"down": {"uv": [0, 0, 1.25, 1], "texture": "#0"}
			}
		},
		{
			"from": [6, -14.36504, 10.69715],
			"to": [7.25, -7.61504, 11.69715],
			"rotation": {"angle": -45, "axis": "x", "origin": [9.375, -11.99004, 11.19715]},
			"faces": {
				"north": {"uv": [0, 0, 1.25, 6.75], "texture": "#0"},
				"east": {"uv": [0, 0, 1, 6.75], "texture": "#0"},
				"south": {"uv": [0, 0, 1.25, 6.75], "texture": "#0"},
				"west": {"uv": [0, 0, 1, 6.75], "texture": "#0"},
				"up": {"uv": [0, 0, 1.25, 1], "texture": "#0"},
				"down": {"uv": [0, 0, 1.25, 1], "texture": "#0"}
			}
		},
		{
			"from": [6, -9.25, 7.75],
			"to": [7.25, -0.5, 8.75],
			"faces": {
				"north": {"uv": [1.25, 4.25, 2.5, 13], "texture": "#0"},
				"east": {"uv": [1.25, 4.25, 2.5, 13], "texture": "#0"},
				"south": {"uv": [1.25, 4.25, 2.5, 13], "texture": "#0"},
				"west": {"uv": [1.25, 4.25, 2.5, 13], "texture": "#0"},
				"up": {"uv": [1.25, 4.25, 2.5, 13], "texture": "#0"},
				"down": {"uv": [1.25, 4.25, 2.5, 13], "texture": "#0"}
			}
		}
	],
	"display": {
		"head": {
			"translation": [0, 11.75, -2.5],
			"scale": [2.39, 2.39, 2.39]
		},
		"fixed": {
			"rotation": [-90, 0, 0],
			"translation": [0, 0, -69],
			"scale": [2.98, 2.98, 2.98]
		}
	},
	"groups": [
		{
			"name": "group",
			"origin": [8, 8, 8],
			"color": 0,
			"children": [
				{
					"name": "group",
					"origin": [8, 8, 8],
					"color": 0,
					"children": [0, 1, 2, 3, 4]
				},
				{
					"name": "group",
					"origin": [8, 8, 8],
					"color": 0,
					"children": [5, 6]
				},
				{
					"name": "group",
					"origin": [0, 0, 0],
					"color": 0,
					"children": [7, 8, 9]
				},
				{
					"name": "mask",
					"origin": [0, 0, 0],
					"color": 0,
					"children": [10, 11, 12, 13, 14, 15, 16, 17, 18, 19, 20, 21, 22, 23, 24, 25]
				},
				{
					"name": "group",
					"origin": [8, 8, 8],
					"color": 0,
					"children": [26, 27, 28, 29, 30]
				},
				{
					"name": "group",
					"origin": [0, 0, 0],
					"color": 0,
					"children": [31, 32, 33]
				},
				{
					"name": "group",
					"origin": [8, 8, 8],
					"color": 0,
					"children": [34, 35, 36, 37]
				}
			]
		}
	]
}