{
	"credit": "Made with Blockbench",
	"textures": {
		"particle": "./freddybear"
	},
	"elements": [
		{
			"from": [5.25, 2, 4],
			"to": [10.75, 4, 5],
			"faces": {
				"north": {"uv": [10.5, 14, 16, 16], "texture": "#particle"},
				"east": {"uv": [10.5, 14, 16, 16], "texture": "#particle"},
				"south": {"uv": [10.5, 14, 16, 16], "texture": "#particle"},
				"west": {"uv": [10.5, 14, 16, 16], "texture": "#particle"},
				"up": {"uv": [10.5, 14, 16, 16], "texture": "#particle"},
				"down": {"uv": [10.5, 14, 16, 16], "texture": "#particle"}
			}
		},
		{
			"from": [5, 2, 8],
			"to": [11, 7.25, 11],
			"faces": {
				"north": {"uv": [0, 0, 6, 5.25], "texture": "#particle"},
				"east": {"uv": [0, 0, 3, 5.25], "texture": "#particle"},
				"south": {"uv": [0, 0, 6, 5.25], "texture": "#particle"},
				"west": {"uv": [0, 0, 3, 5.25], "texture": "#particle"},
				"up": {"uv": [0, 0, 6, 3], "texture": "#particle"},
				"down": {"uv": [0, 0, 6, 3], "texture": "#particle"}
			}
		},
		{
			"from": [5, 2, 5],
			"to": [11, 4, 8],
			"faces": {
				"north": {"uv": [0, 0, 6, 2], "texture": "#particle"},
				"east": {"uv": [0, 0, 3, 2], "texture": "#particle"},
				"south": {"uv": [0, 0, 6, 2], "texture": "#particle"},
				"west": {"uv": [0, 0, 3, 2], "texture": "#particle"},
				"up": {"uv": [0, 0, 6, 3], "texture": "#particle"},
				"down": {"uv": [0, 0, 6, 3], "texture": "#particle"}
			}
		},
		{
			"from": [5, 5.5, 5],
			"to": [11, 7.25, 8],
			"faces": {
				"north": {"uv": [0, 0, 6, 1.75], "texture": "#particle"},
				"east": {"uv": [0, 0, 3, 1.75], "texture": "#particle"},
				"south": {"uv": [0, 0, 6, 1.75], "texture": "#particle"},
				"west": {"uv": [0, 0, 3, 1.75], "texture": "#particle"},
				"up": {"uv": [0, 0, 6, 3], "texture": "#particle"},
				"down": {"uv": [0, 0, 6, 3], "texture": "#particle"}
			}
		},
		{
			"from": [10, 4, 5],
			"to": [11, 5.5, 8],
			"faces": {
				"north": {"uv": [0, 0, 1, 1.5], "texture": "#particle"},
				"east": {"uv": [0, 0, 3, 1.5], "texture": "#particle"},
				"south": {"uv": [0, 0, 1, 1.5], "texture": "#particle"},
				"west": {"uv": [0, 0, 3, 1.5], "texture": "#particle"},
				"up": {"uv": [0, 0, 1, 3], "texture": "#particle"},
				"down": {"uv": [0, 0, 1, 3], "texture": "#particle"}
			}
		},
		{
			"from": [5, 4, 5],
			"to": [6, 5.5, 8],
			"faces": {
				"north": {"uv": [0, 0, 1, 1.5], "texture": "#particle"},
				"east": {"uv": [0, 0, 3, 1.5], "texture": "#particle"},
				"south": {"uv": [0, 0, 1, 1.5], "texture": "#particle"},
				"west": {"uv": [0, 0, 3, 1.5], "texture": "#particle"},
				"up": {"uv": [0, 0, 1, 3], "texture": "#particle"},
				"down": {"uv": [0, 0, 1, 3], "texture": "#particle"}
			}
		},
		{
			"from": [6, 4.75, 5.25],
			"to": [7.5, 5.5, 5.5],
			"faces": {
				"north": {"uv": [14.5, 10.5, 16, 11.25], "texture": "#particle"},
				"east": {"uv": [14.5, 10.5, 16, 11.25], "texture": "#particle"},
				"south": {"uv": [14.5, 10.5, 16, 11.25], "texture": "#particle"},
				"west": {"uv": [14.5, 10.5, 16, 11.25], "texture": "#particle"},
				"up": {"uv": [14.5, 10.5, 16, 11.25], "texture": "#particle"},
				"down": {"uv": [14.5, 10.5, 16, 11.25], "texture": "#particle"}
			}
		},
		{
			"from": [8.5, 4.75, 5.25],
			"to": [10, 5.5, 5.5],
			"faces": {
				"north": {"uv": [14.5, 10.5, 16, 11.25], "texture": "#particle"},
				"east": {"uv": [14.5, 10.5, 16, 11.25], "texture": "#particle"},
				"south": {"uv": [14.5, 10.5, 16, 11.25], "texture": "#particle"},
				"west": {"uv": [14.5, 10.5, 16, 11.25], "texture": "#particle"},
				"up": {"uv": [14.5, 10.5, 16, 11.25], "texture": "#particle"},
				"down": {"uv": [14.5, 10.5, 16, 11.25], "texture": "#particle"}
			}
		},
		{
			"from": [7.5, 4, 5],
			"to": [8.5, 5.5, 6],
			"faces": {
				"north": {"uv": [0, 0, 1, 1.5], "texture": "#particle"},
				"east": {"uv": [0, 0, 1, 1.5], "texture": "#particle"},
				"south": {"uv": [0, 0, 1, 1.5], "texture": "#particle"},
				"west": {"uv": [0, 0, 1, 1.5], "texture": "#particle"},
				"up": {"uv": [0, 0, 1, 1], "texture": "#particle"},
				"down": {"uv": [0, 0, 1, 1], "texture": "#particle"}
			}
		},
		{
			"from": [4.5, 2, 5.25],
			"to": [5, 4, 10.75],
			"faces": {
				"north": {"uv": [0, 0, 0.5, 2], "texture": "#particle"},
				"east": {"uv": [0, 0, 5.5, 2], "texture": "#particle"},
				"south": {"uv": [0, 0, 0.5, 2], "texture": "#particle"},
				"west": {"uv": [0, 0, 5.5, 2], "texture": "#particle"},
				"up": {"uv": [0, 0, 0.5, 5.5], "texture": "#particle"},
				"down": {"uv": [0, 0, 0.5, 5.5], "texture": "#particle"}
			}
		},
		{
			"from": [11, 2, 5.25],
			"to": [11.5, 4, 10.75],
			"faces": {
				"north": {"uv": [0, 0, 0.5, 2], "texture": "#particle"},
				"east": {"uv": [0, 0, 5.5, 2], "texture": "#particle"},
				"south": {"uv": [0, 0, 0.5, 2], "texture": "#particle"},
				"west": {"uv": [0, 0, 5.5, 2], "texture": "#particle"},
				"up": {"uv": [0, 0, 0.5, 5.5], "texture": "#particle"},
				"down": {"uv": [0, 0, 0.5, 5.5], "texture": "#particle"}
			}
		},
		{
			"from": [7.5, 3.75, 3.75],
			"to": [8.5, 4.25, 4.25],
			"faces": {
				"north": {"uv": [14.5, 13.5, 15.5, 14], "texture": "#particle"},
				"east": {"uv": [14.5, 13.5, 15.5, 14], "texture": "#particle"},
				"south": {"uv": [14.5, 13.5, 15.5, 14], "texture": "#particle"},
				"west": {"uv": [14.5, 13.5, 15.5, 14], "texture": "#particle"},
				"up": {"uv": [14.5, 13.5, 15.5, 14], "texture": "#particle"},
				"down": {"uv": [14.5, 13.5, 15.5, 14], "texture": "#particle"}
			}
		},
		{
			"from": [5.75, 5.75, 4.75],
			"to": [7.25, 6, 5.25],
			"faces": {
				"north": {"uv": [14.5, 13.5, 16, 13.75], "texture": "#particle"},
				"east": {"uv": [14.5, 13.5, 16, 13.75], "texture": "#particle"},
				"south": {"uv": [14.5, 13.5, 16, 13.75], "texture": "#particle"},
				"west": {"uv": [14.5, 13.5, 16, 13.75], "texture": "#particle"},
				"up": {"uv": [14.5, 13.5, 16, 13.75], "texture": "#particle"},
				"down": {"uv": [14.5, 13.5, 16, 13.75], "texture": "#particle"}
			}
		},
		{
			"from": [8.75, 5.75, 4.75],
			"to": [10.25, 6, 5.25],
			"faces": {
				"north": {"uv": [14.5, 13.5, 16, 13.75], "texture": "#particle"},
				"east": {"uv": [14.5, 13.5, 16, 13.75], "texture": "#particle"},
				"south": {"uv": [14.5, 13.5, 16, 13.75], "texture": "#particle"},
				"west": {"uv": [14.5, 13.5, 16, 13.75], "texture": "#particle"},
				"up": {"uv": [14.5, 13.5, 16, 13.75], "texture": "#particle"},
				"down": {"uv": [14.5, 13.5, 16, 13.75], "texture": "#particle"}
			}
		},
		{
			"from": [6.25, 4, 5.5],
			"to": [7.25, 5, 6.5],
			"faces": {
				"north": {"uv": [14, 11.5, 16, 13.5], "texture": "#particle"},
				"east": {"uv": [14, 11.5, 16, 13.5], "texture": "#particle"},
				"south": {"uv": [14, 11.5, 16, 13.5], "texture": "#particle"},
				"west": {"uv": [14, 11.5, 16, 13.5], "texture": "#particle"},
				"up": {"uv": [14, 11.5, 16, 13.5], "texture": "#particle"},
				"down": {"uv": [14, 11.5, 16, 13.5], "texture": "#particle"}
			}
		},
		{
			"from": [8.75, 4, 5.5],
			"to": [9.75, 5, 6.5],
			"faces": {
				"north": {"uv": [14, 11.5, 16, 13.5], "texture": "#particle"},
				"east": {"uv": [14, 11.5, 16, 13.5], "texture": "#particle"},
				"south": {"uv": [14, 11.5, 16, 13.5], "texture": "#particle"},
				"west": {"uv": [14, 11.5, 16, 13.5], "texture": "#particle"},
				"up": {"uv": [14, 11.5, 16, 13.5], "texture": "#particle"},
				"down": {"uv": [14, 11.5, 16, 13.5], "texture": "#particle"}
			}
		},
		{
			"from": [5.75, 4, 5.75],
			"to": [10, 5.5, 6.75],
			"faces": {
				"north": {"uv": [14.75, 13.5, 16, 14], "texture": "#particle"},
				"east": {"uv": [14.75, 13.5, 16, 14], "texture": "#particle"},
				"south": {"uv": [14.75, 13.5, 16, 14], "texture": "#particle"},
				"west": {"uv": [14.75, 13.5, 16, 14], "texture": "#particle"},
				"up": {"uv": [14.75, 13.5, 16, 14], "texture": "#particle"},
				"down": {"uv": [14.75, 13.5, 16, 14], "texture": "#particle"}
			}
		},
		{
			"from": [4.75, 0, 5],
			"to": [11.25, 1.25, 8.25],
			"faces": {
				"north": {"uv": [0, 0, 6.5, 1.25], "texture": "#particle"},
				"east": {"uv": [0, 0, 6.5, 1.25], "texture": "#particle"},
				"south": {"uv": [0, 0, 6.5, 1.25], "texture": "#particle"},
				"west": {"uv": [0, 0, 6.5, 1.25], "texture": "#particle"},
				"up": {"uv": [0, 0, 6.5, 1.25], "texture": "#particle"},
				"down": {"uv": [0, 0, 6.5, 1.25], "texture": "#particle"}
			}
		},
		{
			"from": [5, 0, 4.5],
			"to": [11, 1.25, 5],
			"faces": {
				"north": {"uv": [0, 0, 6, 1.25], "texture": "#particle"},
				"east": {"uv": [0, 0, 6, 1.25], "texture": "#particle"},
				"south": {"uv": [0, 0, 6, 1.25], "texture": "#particle"},
				"west": {"uv": [0, 0, 6, 1.25], "texture": "#particle"},
				"up": {"uv": [0, 0, 6, 1.25], "texture": "#particle"},
				"down": {"uv": [0, 0, 6, 1.25], "texture": "#particle"}
			}
		},
		{
			"from": [5.5, 0, 4],
			"to": [10.5, 1.25, 4.5],
			"faces": {
				"north": {"uv": [0, 0, 5, 1.25], "texture": "#particle"},
				"east": {"uv": [0, 0, 5, 1.25], "texture": "#particle"},
				"south": {"uv": [0, 0, 5, 1.25], "texture": "#particle"},
				"west": {"uv": [0, 0, 5, 1.25], "texture": "#particle"},
				"up": {"uv": [0, 0, 5, 1.25], "texture": "#particle"},
				"down": {"uv": [0, 0, 5, 1.25], "texture": "#particle"}
			}
		},
		{
			"from": [8.25, 0.25, 3.75],
			"to": [10.25, 1.25, 4],
			"faces": {
				"north": {"uv": [0, 0, 2, 1], "texture": "#particle"},
				"east": {"uv": [0, 0, 2, 1], "texture": "#particle"},
				"south": {"uv": [0, 0, 2, 1], "texture": "#particle"},
				"west": {"uv": [0, 0, 2, 1], "texture": "#particle"},
				"up": {"uv": [0, 0, 2, 1], "texture": "#particle"},
				"down": {"uv": [0, 0, 2, 1], "texture": "#particle"}
			}
		},
		{
			"from": [5.75, 0.25, 3.75],
			"to": [7.75, 1.25, 4],
			"faces": {
				"north": {"uv": [0, 0, 2, 1], "texture": "#particle"},
				"east": {"uv": [0, 0, 2, 1], "texture": "#particle"},
				"south": {"uv": [0, 0, 2, 1], "texture": "#particle"},
				"west": {"uv": [0, 0, 2, 1], "texture": "#particle"},
				"up": {"uv": [0, 0, 2, 1], "texture": "#particle"},
				"down": {"uv": [0, 0, 2, 1], "texture": "#particle"}
			}
		},
		{
			"from": [5, 0.5, 7.75],
			"to": [11, 1.75, 9.75],
			"faces": {
				"north": {"uv": [0, 0, 6, 1.25], "texture": "#particle"},
				"east": {"uv": [0, 0, 6, 1.25], "texture": "#particle"},
				"south": {"uv": [0, 0, 6, 1.25], "texture": "#particle"},
				"west": {"uv": [0, 0, 6, 1.25], "texture": "#particle"},
				"up": {"uv": [0, 0, 6, 1.25], "texture": "#particle"},
				"down": {"uv": [0, 0, 6, 1.25], "texture": "#particle"}
			}
		},
		{
			"from": [5.25, 1, 8.75],
			"to": [10.75, 2.5, 10.5],
			"faces": {
				"north": {"uv": [0, 0, 5.5, 1.5], "texture": "#particle"},
				"east": {"uv": [0, 0, 5.5, 1.5], "texture": "#particle"},
				"south": {"uv": [0, 0, 5.5, 1.5], "texture": "#particle"},
				"west": {"uv": [0, 0, 5.5, 1.5], "texture": "#particle"},
				"up": {"uv": [0, 0, 5.5, 1.5], "texture": "#particle"},
				"down": {"uv": [0, 0, 5.5, 1.5], "texture": "#particle"}
			}
		},
		{
			"from": [6.75, 1.25, 4],
			"to": [7.75, 1.75, 4.5],
			"faces": {
				"north": {"uv": [14.5, 11.5, 15.5, 12], "texture": "#particle"},
				"east": {"uv": [14.5, 11.5, 15.5, 12], "texture": "#particle"},
				"south": {"uv": [14.5, 11.5, 15.5, 12], "texture": "#particle"},
				"west": {"uv": [14.5, 11.5, 15.5, 12], "texture": "#particle"},
				"up": {"uv": [14.5, 11.5, 15.5, 12], "texture": "#particle"},
				"down": {"uv": [14.5, 11.5, 15.5, 12], "texture": "#particle"}
			}
		},
		{
			"from": [8.25, 1.25, 4],
			"to": [9.25, 1.75, 4.5],
			"faces": {
				"north": {"uv": [14.5, 11.5, 15.5, 12], "texture": "#particle"},
				"east": {"uv": [14.5, 11.5, 15.5, 12], "texture": "#particle"},
				"south": {"uv": [14.5, 11.5, 15.5, 12], "texture": "#particle"},
				"west": {"uv": [14.5, 11.5, 15.5, 12], "texture": "#particle"},
				"up": {"uv": [14.5, 11.5, 15.5, 12], "texture": "#particle"},
				"down": {"uv": [14.5, 11.5, 15.5, 12], "texture": "#particle"}
			}
		},
		{
			"from": [9.5, 1.25, 4.25],
			"to": [10.5, 1.75, 4.75],
			"faces": {
				"north": {"uv": [14.5, 11.5, 15.5, 12], "texture": "#particle"},
				"east": {"uv": [14.5, 11.5, 15.5, 12], "texture": "#particle"},
				"south": {"uv": [14.5, 11.5, 15.5, 12], "texture": "#particle"},
				"west": {"uv": [14.5, 11.5, 15.5, 12], "texture": "#particle"},
				"up": {"uv": [14.5, 11.5, 15.5, 12], "texture": "#particle"},
				"down": {"uv": [14.5, 11.5, 15.5, 12], "texture": "#particle"}
			}
		},
		{
			"from": [5.5, 1.25, 4.25],
			"to": [6.5, 1.75, 4.75],
			"faces": {
				"north": {"uv": [14.5, 11.5, 15.5, 12], "texture": "#particle"},
				"east": {"uv": [14.5, 11.5, 15.5, 12], "texture": "#particle"},
				"south": {"uv": [14.5, 11.5, 15.5, 12], "texture": "#particle"},
				"west": {"uv": [14.5, 11.5, 15.5, 12], "texture": "#particle"},
				"up": {"uv": [14.5, 11.5, 15.5, 12], "texture": "#particle"},
				"down": {"uv": [14.5, 11.5, 15.5, 12], "texture": "#particle"}
			}
		},
		{
			"from": [5.5, 1.25, 5.25],
			"to": [6, 1.75, 6],
			"faces": {
				"north": {"uv": [14.5, 11.5, 15, 12], "texture": "#particle"},
				"east": {"uv": [14.5, 11.5, 15, 12], "texture": "#particle"},
				"south": {"uv": [14.5, 11.5, 15, 12], "texture": "#particle"},
				"west": {"uv": [14.5, 11.5, 15, 12], "texture": "#particle"},
				"up": {"uv": [14.5, 11.5, 15, 12], "texture": "#particle"},
				"down": {"uv": [14.5, 11.5, 15, 12], "texture": "#particle"}
			}
		},
		{
			"from": [10, 1.25, 5.25],
			"to": [10.5, 1.75, 6],
			"faces": {
				"north": {"uv": [14.5, 11.5, 15, 12], "texture": "#particle"},
				"east": {"uv": [14.5, 11.5, 15, 12], "texture": "#particle"},
				"south": {"uv": [14.5, 11.5, 15, 12], "texture": "#particle"},
				"west": {"uv": [14.5, 11.5, 15, 12], "texture": "#particle"},
				"up": {"uv": [14.5, 11.5, 15, 12], "texture": "#particle"},
				"down": {"uv": [14.5, 11.5, 15, 12], "texture": "#particle"}
			}
		},
		{
			"from": [10, 1.25, 6.5],
			"to": [10.5, 1.75, 7.25],
			"faces": {
				"north": {"uv": [14.5, 11.5, 15, 12], "texture": "#particle"},
				"east": {"uv": [14.5, 11.5, 15, 12], "texture": "#particle"},
				"south": {"uv": [14.5, 11.5, 15, 12], "texture": "#particle"},
				"west": {"uv": [14.5, 11.5, 15, 12], "texture": "#particle"},
				"up": {"uv": [14.5, 11.5, 15, 12], "texture": "#particle"},
				"down": {"uv": [14.5, 11.5, 15, 12], "texture": "#particle"}
			}
		},
		{
			"from": [5.5, 1.25, 6.5],
			"to": [6, 1.75, 7.25],
			"faces": {
				"north": {"uv": [14.5, 11.5, 15, 12], "texture": "#particle"},
				"east": {"uv": [14.5, 11.5, 15, 12], "texture": "#particle"},
				"south": {"uv": [14.5, 11.5, 15, 12], "texture": "#particle"},
				"west": {"uv": [14.5, 11.5, 15, 12], "texture": "#particle"},
				"up": {"uv": [14.5, 11.5, 15, 12], "texture": "#particle"},
				"down": {"uv": [14.5, 11.5, 15, 12], "texture": "#particle"}
			}
		},
		{
			"from": [7, 7.25, 7],
			"to": [9, 7.5, 9],
			"faces": {
				"north": {"uv": [8, 14.5, 10, 14.75], "texture": "#particle"},
				"east": {"uv": [8, 14.5, 10, 14.75], "texture": "#particle"},
				"south": {"uv": [8, 14.5, 10, 14.75], "texture": "#particle"},
				"west": {"uv": [8, 14.5, 10, 14.75], "texture": "#particle"},
				"up": {"uv": [8, 14.5, 10, 14.75], "texture": "#particle"},
				"down": {"uv": [8, 14.5, 10, 14.75], "texture": "#particle"}
			}
		},
		{
			"from": [7.25, 7.5, 7.25],
			"to": [8.75, 7.75, 8.75],
			"faces": {
				"north": {"uv": [14.5, 13, 16, 13.25], "texture": "#particle"},
				"east": {"uv": [14.5, 13, 16, 13.25], "texture": "#particle"},
				"south": {"uv": [14.5, 13, 16, 13.25], "texture": "#particle"},
				"west": {"uv": [14.5, 13, 16, 13.25], "texture": "#particle"},
				"up": {"uv": [14.5, 13, 16, 13.25], "texture": "#particle"},
				"down": {"uv": [14.5, 13, 16, 13.25], "texture": "#particle"}
			}
		},
		{
			"from": [7.25, 7.75, 7.25],
			"to": [8.75, 8.75, 8.75],
			"faces": {
				"north": {"uv": [8, 15, 9.5, 16], "texture": "#particle"},
				"east": {"uv": [8, 15, 9.5, 16], "texture": "#particle"},
				"south": {"uv": [8, 15, 9.5, 16], "texture": "#particle"},
				"west": {"uv": [8, 15, 9.5, 16], "texture": "#particle"},
				"up": {"uv": [8, 15, 9.5, 16], "texture": "#particle"},
				"down": {"uv": [8, 15, 9.5, 16], "texture": "#particle"}
			}
		},
		{
			"from": [10.5, 6.25, 7.75],
			"to": [12.5, 8.25, 8.75],
			"rotation": {"angle": 22.5, "axis": "z", "origin": [12, 8, 8.25]},
			"faces": {
				"north": {"uv": [0, 0, 2, 2], "texture": "#particle"},
				"east": {"uv": [0, 0, 2, 2], "texture": "#particle"},
				"south": {"uv": [0, 0, 2, 2], "texture": "#particle"},
				"west": {"uv": [0, 0, 2, 2], "texture": "#particle"},
				"up": {"uv": [0, 0, 2, 2], "texture": "#particle"},
				"down": {"uv": [0, 0, 2, 2], "texture": "#particle"}
			}
		},
		{
			"from": [10.75, 6.5, 7.5],
			"to": [12.25, 8, 7.75],
			"rotation": {"angle": 22.5, "axis": "z", "origin": [12, 8, 8.25]},
			"faces": {
				"north": {"uv": [12, 14, 13.5, 15.5], "texture": "#particle"},
				"east": {"uv": [12, 14, 14, 16], "texture": "#particle"},
				"south": {"uv": [12, 14, 14, 16], "texture": "#particle"},
				"west": {"uv": [12, 14, 14, 16], "texture": "#particle"},
				"up": {"uv": [12, 14, 14, 16], "texture": "#particle"},
				"down": {"uv": [12, 14, 14, 16], "texture": "#particle"}
			}
		},
		{
			"from": [12.5, 6.5, 7.75],
			"to": [12.75, 8, 8.75],
			"rotation": {"angle": 22.5, "axis": "z", "origin": [12, 8, 8.25]},
			"faces": {
				"north": {"uv": [0, 0, 0.25, 1.5], "texture": "#particle"},
				"east": {"uv": [0, 0, 0.25, 1.5], "texture": "#particle"},
				"south": {"uv": [0, 0, 0.25, 1.5], "texture": "#particle"},
				"west": {"uv": [0, 0, 0.25, 1.5], "texture": "#particle"},
				"up": {"uv": [0, 0, 0.25, 1.5], "texture": "#particle"},
				"down": {"uv": [0, 0, 0.25, 1.5], "texture": "#particle"}
			}
		},
		{
			"from": [3.5, 6.25, 7.75],
			"to": [5.5, 8.25, 8.75],
			"rotation": {"angle": -22.5, "axis": "z", "origin": [4, 8, 8.25]},
			"faces": {
				"north": {"uv": [0, 0, 2, 2], "texture": "#particle"},
				"east": {"uv": [0, 0, 2, 2], "texture": "#particle"},
				"south": {"uv": [0, 0, 2, 2], "texture": "#particle"},
				"west": {"uv": [0, 0, 2, 2], "texture": "#particle"},
				"up": {"uv": [0, 0, 2, 2], "texture": "#particle"},
				"down": {"uv": [0, 0, 2, 2], "texture": "#particle"}
			}
		},
		{
			"from": [3.75, 6.5, 7.5],
			"to": [5.25, 8, 7.75],
			"rotation": {"angle": -22.5, "axis": "z", "origin": [4, 8, 8.25]},
			"faces": {
				"north": {"uv": [12.5, 14, 14.5, 16], "texture": "#particle"},
				"east": {"uv": [12.5, 14, 14.5, 16], "texture": "#particle"},
				"south": {"uv": [12.5, 14, 14.5, 16], "texture": "#particle"},
				"west": {"uv": [12.5, 14, 14.5, 16], "texture": "#particle"},
				"up": {"uv": [12.5, 14, 14, 14.25], "texture": "#particle"},
				"down": {"uv": [12.5, 14, 14.5, 16], "texture": "#particle"}
			}
		},
		{
			"from": [3.25, 6.5, 7.75],
			"to": [3.5, 8, 8.75],
			"rotation": {"angle": -22.5, "axis": "z", "origin": [4, 8, 8.25]},
			"faces": {
				"north": {"uv": [0, 0, 0.25, 1.5], "texture": "#particle"},
				"east": {"uv": [0, 0, 0.25, 1.5], "texture": "#particle"},
				"south": {"uv": [0, 0, 0.25, 1.5], "texture": "#particle"},
				"west": {"uv": [0, 0, 0.25, 1.5], "texture": "#particle"},
				"up": {"uv": [0, 0, 0.25, 1.5], "texture": "#particle"},
				"down": {"uv": [0, 0, 0.25, 1.5], "texture": "#particle"}
			}
		}
	],
	"display": {
		"ground": {
			"translation": [0, 4.75, 0]
		},
		"gui": {
			"rotation": [0, -180, 0],
			"translation": [0.5, 5.75, 0],
			"scale": [1.52, 1.52, 1.52]
		},
		"head": {
			"translation": [0, 10.25, 0],
			"scale": [2.15, 2.15, 2.15]
		},
		"fixed": {
			"translation": [0, 3, 0]
		}
	},
	"groups": [
		{
			"name": "group",
			"origin": [8, 8, 8],
			"color": 0,
			"children": [
				{
					"name": "group",
					"origin": [8, 8, 8],
					"color": 0,
					"children": [
						{
							"name": "group",
							"origin": [8, 8, 8],
							"color": 0,
							"children": [0]
						},
						{
							"name": "group",
							"origin": [8, 8, 8],
							"color": 0,
							"children": [1, 2, 3, 4, 5, 6, 7, 8, 9, 10]
						},
						{
							"name": "group",
							"origin": [8, 8, 8],
							"color": 0,
							"children": [11, 12, 13]
						},
						{
							"name": "group",
							"origin": [8, 8, 8],
							"color": 0,
							"children": [
								{
									"name": "group",
									"origin": [8, 8, 8],
									"color": 0,
									"children": [14, 15]
								},
								16
							]
						}
					]
				},
				{
					"name": "group",
					"origin": [8, 8, 8],
					"color": 0,
					"children": [
						17,
						18,
						19,
						20,
						21,
						22,
						23,
						{
							"name": "group",
							"origin": [8, 8, 8],
							"color": 0,
							"children": [24, 25, 26, 27, 28, 29, 30, 31]
						}
					]
				},
				{
					"name": "hat",
					"origin": [8, 8, 8],
					"color": 0,
					"children": [32, 33, 34]
				},
				{
					"name": "group",
					"origin": [0, 0, 0],
					"color": 0,
					"children": [35, 36, 37, 38, 39, 40]
				}
			]
		}
	]
}