{
	"credit": "Made with Blockbench",
	"textures": {
		"0": "./endo",
		"particle": "./endo"
	},
	"elements": [
		{
			"from": [8.25, 8, 10.5],
			"to": [9.25, 9, 11],
			"rotation": {"angle": -22.5, "axis": "x", "origin": [0, 0, 0]},
			"faces": {
				"north": {"uv": [12.75, 0, 13.75, 1], "texture": "#0"},
				"east": {"uv": [13.75, 0, 14.75, 1], "texture": "#0"},
				"south": {"uv": [13.75, 0, 14.75, 1], "texture": "#0"},
				"west": {"uv": [13.75, 0, 14.75, 1], "texture": "#0"},
				"up": {"uv": [13.75, 0, 14.75, 1], "texture": "#0"},
				"down": {"uv": [13.75, 0, 14.75, 1], "texture": "#0"}
			}
		},
		{
			"from": [6.75, 8, 10.5],
			"to": [7.75, 9, 11],
			"rotation": {"angle": -22.5, "axis": "x", "origin": [0, 0, 0]},
			"faces": {
				"north": {"uv": [12.75, 0, 13.75, 1], "texture": "#0"},
				"east": {"uv": [13.75, 0, 14.75, 1], "texture": "#0"},
				"south": {"uv": [13.75, 0, 14.75, 1], "texture": "#0"},
				"west": {"uv": [13.75, 0, 14.75, 1], "texture": "#0"},
				"up": {"uv": [13.75, 0, 14.75, 1], "texture": "#0"},
				"down": {"uv": [13.75, 0, 14.75, 1], "texture": "#0"}
			}
		},
		{
			"from": [9.75, -5.98639, 3.24322],
			"to": [10.25, -1.48639, 3.74322],
			"rotation": {"angle": 0, "axis": "y", "origin": [10, -2.73639, 0.49322]},
			"faces": {
				"north": {"uv": [0, 0, 0.5, 4.5], "rotation": 180, "texture": "#0"},
				"east": {"uv": [0, 0, 4.5, 0.5], "rotation": 90, "texture": "#0"},
				"south": {"uv": [0, 0, 0.5, 4.5], "texture": "#0"},
				"west": {"uv": [0, 0, 4.5, 0.5], "rotation": 270, "texture": "#0"},
				"up": {"uv": [0, 0, 0.5, 0.5], "texture": "#0"},
				"down": {"uv": [0, 0, 0.5, 0.5], "rotation": 180, "texture": "#0"}
			}
		},
		{
			"from": [9.5, -3.73639, 2.99322],
			"to": [10.5, -3.48639, 3.99322],
			"rotation": {"angle": 0, "axis": "y", "origin": [10, -2.73639, 0.49322]},
			"faces": {
				"north": {"uv": [0, 0, 1, 0.25], "rotation": 180, "texture": "#0"},
				"east": {"uv": [0, 0, 0.25, 1], "rotation": 90, "texture": "#0"},
				"south": {"uv": [0, 0, 1, 0.25], "texture": "#0"},
				"west": {"uv": [0, 0, 0.25, 1], "rotation": 270, "texture": "#0"},
				"up": {"uv": [0, 0, 1, 1], "texture": "#0"},
				"down": {"uv": [0, 0, 1, 1], "rotation": 180, "texture": "#0"}
			}
		},
		{
			"from": [9.5, -4.23639, 2.99322],
			"to": [10.5, -3.98639, 3.99322],
			"rotation": {"angle": 0, "axis": "y", "origin": [10, -2.73639, 0.49322]},
			"faces": {
				"north": {"uv": [0, 0, 1, 0.25], "rotation": 180, "texture": "#0"},
				"east": {"uv": [0, 0, 0.25, 1], "rotation": 90, "texture": "#0"},
				"south": {"uv": [0, 0, 1, 0.25], "texture": "#0"},
				"west": {"uv": [0, 0, 0.25, 1], "rotation": 270, "texture": "#0"},
				"up": {"uv": [0, 0, 1, 1], "texture": "#0"},
				"down": {"uv": [0, 0, 1, 1], "rotation": 180, "texture": "#0"}
			}
		},
		{
			"from": [9.5, -4.73639, 2.99322],
			"to": [10.5, -4.48639, 3.99322],
			"rotation": {"angle": 0, "axis": "y", "origin": [10, -2.73639, 0.49322]},
			"faces": {
				"north": {"uv": [0, 0, 1, 0.25], "rotation": 180, "texture": "#0"},
				"east": {"uv": [0, 0, 0.25, 1], "rotation": 90, "texture": "#0"},
				"south": {"uv": [0, 0, 1, 0.25], "texture": "#0"},
				"west": {"uv": [0, 0, 0.25, 1], "rotation": 270, "texture": "#0"},
				"up": {"uv": [0, 0, 1, 1], "texture": "#0"},
				"down": {"uv": [0, 0, 1, 1], "rotation": 180, "texture": "#0"}
			}
		},
		{
			"from": [9.25, -6.48639, 1.49322],
			"to": [10.75, -5.98639, 3.99322],
			"rotation": {"angle": 0, "axis": "y", "origin": [10, -2.73639, 0.49322]},
			"faces": {
				"north": {"uv": [0, 0, 1.5, 0.5], "rotation": 180, "texture": "#0"},
				"east": {"uv": [0, 0, 0.5, 2.5], "rotation": 90, "texture": "#0"},
				"south": {"uv": [0, 0, 1.5, 0.5], "texture": "#0"},
				"west": {"uv": [0, 0, 0.5, 2.5], "rotation": 270, "texture": "#0"},
				"up": {"uv": [0, 0, 1.5, 2.5], "texture": "#0"},
				"down": {"uv": [0, 0, 1.5, 2.5], "rotation": 180, "texture": "#0"}
			}
		},
		{
			"from": [5.25, -6.48639, 1.49322],
			"to": [6.75, -5.98639, 3.99322],
			"rotation": {"angle": 0, "axis": "y", "origin": [10, -2.73639, 0.49322]},
			"faces": {
				"north": {"uv": [0, 0, 1.5, 0.5], "rotation": 180, "texture": "#0"},
				"east": {"uv": [0, 0, 0.5, 2.5], "rotation": 90, "texture": "#0"},
				"south": {"uv": [0, 0, 1.5, 0.5], "texture": "#0"},
				"west": {"uv": [0, 0, 0.5, 2.5], "rotation": 270, "texture": "#0"},
				"up": {"uv": [0, 0, 1.5, 2.5], "texture": "#0"},
				"down": {"uv": [0, 0, 1.5, 2.5], "rotation": 180, "texture": "#0"}
			}
		},
		{
			"from": [9.5, -2.73639, 2.99322],
			"to": [10.5, -2.48639, 3.99322],
			"rotation": {"angle": 0, "axis": "y", "origin": [10, -2.73639, 0.49322]},
			"faces": {
				"north": {"uv": [0, 0, 1, 0.25], "rotation": 180, "texture": "#0"},
				"east": {"uv": [0, 0, 0.25, 1], "rotation": 90, "texture": "#0"},
				"south": {"uv": [0, 0, 1, 0.25], "texture": "#0"},
				"west": {"uv": [0, 0, 0.25, 1], "rotation": 270, "texture": "#0"},
				"up": {"uv": [0, 0, 1, 1], "texture": "#0"},
				"down": {"uv": [0, 0, 1, 1], "rotation": 180, "texture": "#0"}
			}
		},
		{
			"from": [5.5, -2.73639, 2.99322],
			"to": [6.5, -2.48639, 3.99322],
			"rotation": {"angle": 0, "axis": "y", "origin": [10, -2.73639, 0.49322]},
			"faces": {
				"north": {"uv": [0, 0, 1, 0.25], "rotation": 180, "texture": "#0"},
				"east": {"uv": [0, 0, 0.25, 1], "rotation": 90, "texture": "#0"},
				"south": {"uv": [0, 0, 1, 0.25], "texture": "#0"},
				"west": {"uv": [0, 0, 0.25, 1], "rotation": 270, "texture": "#0"},
				"up": {"uv": [0, 0, 1, 1], "texture": "#0"},
				"down": {"uv": [0, 0, 1, 1], "rotation": 180, "texture": "#0"}
			}
		},
		{
			"from": [5.5, -3.23639, 2.99322],
			"to": [6.5, -2.98639, 3.99322],
			"rotation": {"angle": 0, "axis": "y", "origin": [10, -2.73639, 0.49322]},
			"faces": {
				"north": {"uv": [0, 0, 1, 0.25], "rotation": 180, "texture": "#0"},
				"east": {"uv": [0, 0, 0.25, 1], "rotation": 90, "texture": "#0"},
				"south": {"uv": [0, 0, 1, 0.25], "texture": "#0"},
				"west": {"uv": [0, 0, 0.25, 1], "rotation": 270, "texture": "#0"},
				"up": {"uv": [0, 0, 1, 1], "texture": "#0"},
				"down": {"uv": [0, 0, 1, 1], "rotation": 180, "texture": "#0"}
			}
		},
		{
			"from": [5.5, -3.73639, 2.99322],
			"to": [6.5, -3.48639, 3.99322],
			"rotation": {"angle": 0, "axis": "y", "origin": [10, -2.73639, 0.49322]},
			"faces": {
				"north": {"uv": [0, 0, 1, 0.25], "rotation": 180, "texture": "#0"},
				"east": {"uv": [0, 0, 0.25, 1], "rotation": 90, "texture": "#0"},
				"south": {"uv": [0, 0, 1, 0.25], "texture": "#0"},
				"west": {"uv": [0, 0, 0.25, 1], "rotation": 270, "texture": "#0"},
				"up": {"uv": [0, 0, 1, 1], "texture": "#0"},
				"down": {"uv": [0, 0, 1, 1], "rotation": 180, "texture": "#0"}
			}
		},
		{
			"from": [5.5, -4.23639, 2.99322],
			"to": [6.5, -3.98639, 3.99322],
			"rotation": {"angle": 0, "axis": "y", "origin": [10, -2.73639, 0.49322]},
			"faces": {
				"north": {"uv": [0, 0, 1, 0.25], "rotation": 180, "texture": "#0"},
				"east": {"uv": [0, 0, 0.25, 1], "rotation": 90, "texture": "#0"},
				"south": {"uv": [0, 0, 1, 0.25], "texture": "#0"},
				"west": {"uv": [0, 0, 0.25, 1], "rotation": 270, "texture": "#0"},
				"up": {"uv": [0, 0, 1, 1], "texture": "#0"},
				"down": {"uv": [0, 0, 1, 1], "rotation": 180, "texture": "#0"}
			}
		},
		{
			"from": [5.5, -4.73639, 2.99322],
			"to": [6.5, -4.48639, 3.99322],
			"rotation": {"angle": 0, "axis": "y", "origin": [10, -2.73639, 0.49322]},
			"faces": {
				"north": {"uv": [0, 0, 1, 0.25], "rotation": 180, "texture": "#0"},
				"east": {"uv": [0, 0, 0.25, 1], "rotation": 90, "texture": "#0"},
				"south": {"uv": [0, 0, 1, 0.25], "texture": "#0"},
				"west": {"uv": [0, 0, 0.25, 1], "rotation": 270, "texture": "#0"},
				"up": {"uv": [0, 0, 1, 1], "texture": "#0"},
				"down": {"uv": [0, 0, 1, 1], "rotation": 180, "texture": "#0"}
			}
		},
		{
			"from": [9.5, -3.23639, 2.99322],
			"to": [10.5, -2.98639, 3.99322],
			"rotation": {"angle": 0, "axis": "y", "origin": [10, -2.73639, 0.49322]},
			"faces": {
				"north": {"uv": [0, 0, 1, 0.25], "rotation": 180, "texture": "#0"},
				"east": {"uv": [0, 0, 0.25, 1], "rotation": 90, "texture": "#0"},
				"south": {"uv": [0, 0, 1, 0.25], "texture": "#0"},
				"west": {"uv": [0, 0, 0.25, 1], "rotation": 270, "texture": "#0"},
				"up": {"uv": [0, 0, 1, 1], "texture": "#0"},
				"down": {"uv": [0, 0, 1, 1], "rotation": 180, "texture": "#0"}
			}
		},
		{
			"from": [5.75, -5.98639, 3.24322],
			"to": [6.25, -1.48639, 3.74322],
			"rotation": {"angle": 0, "axis": "y", "origin": [10, -2.73639, 0.49322]},
			"faces": {
				"north": {"uv": [0, 0, 0.5, 4.5], "rotation": 180, "texture": "#0"},
				"east": {"uv": [0, 0, 4.5, 0.5], "rotation": 90, "texture": "#0"},
				"south": {"uv": [0, 0, 0.5, 4.5], "texture": "#0"},
				"west": {"uv": [0, 0, 4.5, 0.5], "rotation": 270, "texture": "#0"},
				"up": {"uv": [0, 0, 0.5, 0.5], "texture": "#0"},
				"down": {"uv": [0, 0, 0.5, 0.5], "rotation": 180, "texture": "#0"}
			}
		},
		{
			"from": [9.75, -0.25, 3.5],
			"to": [10.25, 0.25, 8],
			"rotation": {"angle": -22.5, "axis": "x", "origin": [8, 0.5, 7]},
			"faces": {
				"north": {"uv": [0, 0, 0.5, 0.5], "texture": "#0"},
				"east": {"uv": [0, 0, 4.5, 0.5], "texture": "#0"},
				"south": {"uv": [0, 0, 0.5, 0.5], "texture": "#0"},
				"west": {"uv": [0, 0, 4.5, 0.5], "texture": "#0"},
				"up": {"uv": [0, 0, 0.5, 4.5], "texture": "#0"},
				"down": {"uv": [0, 0, 0.5, 4.5], "texture": "#0"}
			}
		},
		{
			"from": [9.5, -0.5, 5.75],
			"to": [10.5, 0.5, 7],
			"rotation": {"angle": -22.5, "axis": "x", "origin": [8, 0.5, 7]},
			"faces": {
				"north": {"uv": [0, 0, 1, 1], "texture": "#0"},
				"east": {"uv": [0, 0, 1.25, 1], "texture": "#0"},
				"south": {"uv": [0, 0, 1, 1], "texture": "#0"},
				"west": {"uv": [0, 0, 1.25, 1], "texture": "#0"},
				"up": {"uv": [0, 0, 1, 1.25], "texture": "#0"},
				"down": {"uv": [0, 0, 1, 1.25], "texture": "#0"}
			}
		},
		{
			"from": [9.5, -0.5, 4.25],
			"to": [10.5, 0.5, 5.5],
			"rotation": {"angle": -22.5, "axis": "x", "origin": [8, 0.5, 7]},
			"faces": {
				"north": {"uv": [0, 0, 1, 1], "texture": "#0"},
				"east": {"uv": [0, 0, 1.25, 1], "texture": "#0"},
				"south": {"uv": [0, 0, 1, 1], "texture": "#0"},
				"west": {"uv": [0, 0, 1.25, 1], "texture": "#0"},
				"up": {"uv": [0, 0, 1, 1.25], "texture": "#0"},
				"down": {"uv": [0, 0, 1, 1.25], "texture": "#0"}
			}
		},
		{
			"from": [5.5, -0.5, 4.25],
			"to": [6.5, 0.5, 5.5],
			"rotation": {"angle": -22.5, "axis": "x", "origin": [8, 0.5, 7]},
			"faces": {
				"north": {"uv": [0, 0, 1, 1], "texture": "#0"},
				"east": {"uv": [0, 0, 1.25, 1], "texture": "#0"},
				"south": {"uv": [0, 0, 1, 1], "texture": "#0"},
				"west": {"uv": [0, 0, 1.25, 1], "texture": "#0"},
				"up": {"uv": [0, 0, 1, 1.25], "texture": "#0"},
				"down": {"uv": [0, 0, 1, 1.25], "texture": "#0"}
			}
		},
		{
			"from": [5.5, -0.5, 5.75],
			"to": [6.5, 0.5, 7],
			"rotation": {"angle": -22.5, "axis": "x", "origin": [8, 0.5, 7]},
			"faces": {
				"north": {"uv": [0, 0, 1, 1], "texture": "#0"},
				"east": {"uv": [0, 0, 1.25, 1], "texture": "#0"},
				"south": {"uv": [0, 0, 1, 1], "texture": "#0"},
				"west": {"uv": [0, 0, 1.25, 1], "texture": "#0"},
				"up": {"uv": [0, 0, 1, 1.25], "texture": "#0"},
				"down": {"uv": [0, 0, 1, 1.25], "texture": "#0"}
			}
		},
		{
			"from": [5.75, -0.25, 3.5],
			"to": [6.25, 0.25, 8],
			"rotation": {"angle": -22.5, "axis": "x", "origin": [8, 0.5, 7]},
			"faces": {
				"north": {"uv": [0, 0, 0.5, 0.5], "texture": "#0"},
				"east": {"uv": [0, 0, 4.5, 0.5], "texture": "#0"},
				"south": {"uv": [0, 0, 0.5, 0.5], "texture": "#0"},
				"west": {"uv": [0, 0, 4.5, 0.5], "texture": "#0"},
				"up": {"uv": [0, 0, 0.5, 4.5], "texture": "#0"},
				"down": {"uv": [0, 0, 0.5, 4.5], "texture": "#0"}
			}
		},
		{
			"from": [7.5, 0.25, 7.75],
			"to": [8.5, 9, 8.75],
			"faces": {
				"north": {"uv": [0, 0, 1, 8.75], "texture": "#0"},
				"east": {"uv": [0, 0, 1, 8.75], "texture": "#0"},
				"south": {"uv": [0, 0, 1, 8.75], "texture": "#0"},
				"west": {"uv": [0, 0, 1, 8.75], "texture": "#0"},
				"up": {"uv": [0, 0, 1, 1], "texture": "#0"},
				"down": {"uv": [0, 0, 1, 1], "texture": "#0"}
			}
		},
		{
			"from": [8.25, 9, 8],
			"to": [8.5, 10, 8.5],
			"faces": {
				"north": {"uv": [0, 0, 0.25, 1], "texture": "#0"},
				"east": {"uv": [0, 0, 0.5, 1], "texture": "#0"},
				"south": {"uv": [0, 0, 0.25, 1], "texture": "#0"},
				"west": {"uv": [0, 0, 0.5, 1], "texture": "#0"},
				"up": {"uv": [0, 0, 0.25, 0.5], "texture": "#0"},
				"down": {"uv": [0, 0, 0.25, 0.5], "texture": "#0"}
			}
		},
		{
			"from": [7.5, 9, 8],
			"to": [7.75, 10, 8.5],
			"faces": {
				"north": {"uv": [0, 0, 0.25, 1], "texture": "#0"},
				"east": {"uv": [0, 0, 0.5, 1], "texture": "#0"},
				"south": {"uv": [0, 0, 0.25, 1], "texture": "#0"},
				"west": {"uv": [0, 0, 0.5, 1], "texture": "#0"},
				"up": {"uv": [0, 0, 0.25, 0.5], "texture": "#0"},
				"down": {"uv": [0, 0, 0.25, 0.5], "texture": "#0"}
			}
		},
		{
			"from": [6, 0.25, 8],
			"to": [9.75, 0.75, 8.5],
			"faces": {
				"north": {"uv": [0, 0, 3.75, 0.5], "texture": "#0"},
				"east": {"uv": [0, 0, 0.5, 0.5], "texture": "#0"},
				"south": {"uv": [0, 0, 3.75, 0.5], "texture": "#0"},
				"west": {"uv": [0, 0, 0.5, 0.5], "texture": "#0"},
				"up": {"uv": [0, 0, 3.75, 0.5], "texture": "#0"},
				"down": {"uv": [0, 0, 3.75, 0.5], "texture": "#0"}
			}
		},
		{
			"from": [5, 8.25, 8],
			"to": [10.75, 8.75, 8.5],
			"faces": {
				"north": {"uv": [0, 0, 5.75, 0.5], "texture": "#0"},
				"east": {"uv": [0, 0, 0.5, 0.5], "texture": "#0"},
				"south": {"uv": [0, 0, 5.75, 0.5], "texture": "#0"},
				"west": {"uv": [0, 0, 0.5, 0.5], "texture": "#0"},
				"up": {"uv": [0, 0, 5.75, 0.5], "texture": "#0"},
				"down": {"uv": [0, 0, 5.75, 0.5], "texture": "#0"}
			}
		},
		{
			"from": [6.75, 0, 7.5],
			"to": [9.25, 1, 9],
			"faces": {
				"north": {"uv": [0, 10.75, 2.5, 11.75], "texture": "#0"},
				"east": {"uv": [0, 10.75, 1.5, 11.75], "texture": "#0"},
				"south": {"uv": [0, 10.75, 2.5, 11.75], "texture": "#0"},
				"west": {"uv": [0, 10.75, 1.5, 11.75], "texture": "#0"},
				"up": {"uv": [0, 10.75, 2.5, 12.25], "texture": "#0"},
				"down": {"uv": [0, 10.75, 2.5, 12.25], "texture": "#0"}
			}
		},
		{
			"from": [7.25, 2.75, 7.5],
			"to": [8.75, 8, 9],
			"faces": {
				"north": {"uv": [0, 10.75, 1.5, 16], "texture": "#0"},
				"east": {"uv": [0, 10.75, 1.5, 16], "texture": "#0"},
				"south": {"uv": [0, 10.75, 1.5, 16], "texture": "#0"},
				"west": {"uv": [0, 10.75, 1.5, 16], "texture": "#0"},
				"up": {"uv": [0, 10.75, 1.5, 12.25], "texture": "#0"},
				"down": {"uv": [0, 10.75, 1.5, 12.25], "texture": "#0"}
			}
		},
		{
			"from": [6.0455, 7.35983, 7.75],
			"to": [8.0455, 7.85983, 8.5],
			"rotation": {"angle": -45, "axis": "z", "origin": [6.7955, 7.73483, 7.875]},
			"faces": {
				"north": {"uv": [0, 10.75, 2, 11.25], "texture": "#0"},
				"east": {"uv": [0, 10.75, 0.75, 11.25], "texture": "#0"},
				"south": {"uv": [0, 10.75, 2, 11.25], "texture": "#0"},
				"west": {"uv": [0, 10.75, 0.75, 11.25], "texture": "#0"},
				"up": {"uv": [0, 10.75, 2, 11.5], "texture": "#0"},
				"down": {"uv": [0, 10.75, 2, 11.5], "texture": "#0"}
			}
		},
		{
			"from": [8.2045, 7.35983, 7.75],
			"to": [9.9545, 7.85983, 8.5],
			"rotation": {"angle": 45, "axis": "z", "origin": [9.2045, 7.73483, 7.875]},
			"faces": {
				"north": {"uv": [0, 10.75, 1.75, 11.25], "texture": "#0"},
				"east": {"uv": [0, 10.75, 0.75, 11.25], "texture": "#0"},
				"south": {"uv": [0, 10.75, 1.75, 11.25], "texture": "#0"},
				"west": {"uv": [0, 10.75, 0.75, 11.25], "texture": "#0"},
				"up": {"uv": [0, 10.75, 1.75, 11.5], "texture": "#0"},
				"down": {"uv": [0, 10.75, 1.75, 11.5], "texture": "#0"}
			}
		},
		{
			"from": [6, 8, 7.5],
			"to": [10, 8.5, 9],
			"faces": {
				"north": {"uv": [0, 10.75, 4, 11.25], "texture": "#0"},
				"east": {"uv": [0, 10.75, 1.5, 11.25], "texture": "#0"},
				"south": {"uv": [0, 10.75, 4, 11.25], "texture": "#0"},
				"west": {"uv": [0, 10.75, 1.5, 11.25], "texture": "#0"},
				"up": {"uv": [0, 10.75, 4, 12.25], "texture": "#0"},
				"down": {"uv": [0, 10.75, 4, 12.25], "texture": "#0"}
			}
		},
		{
			"from": [5.75, 8.5, 7.5],
			"to": [10.25, 9.25, 9],
			"faces": {
				"north": {"uv": [0, 10.75, 4.5, 11.5], "texture": "#0"},
				"east": {"uv": [0, 10.75, 1.5, 11.5], "texture": "#0"},
				"south": {"uv": [0, 10.75, 4.5, 11.5], "texture": "#0"},
				"west": {"uv": [0, 10.75, 1.5, 11.5], "texture": "#0"},
				"up": {"uv": [0, 10.75, 4.5, 12.25], "texture": "#0"},
				"down": {"uv": [0, 10.75, 4.5, 12.25], "texture": "#0"}
			}
		},
		{
			"from": [7.5, 10, 7.25],
			"to": [8.5, 13.75, 8],
			"rotation": {"angle": -22.5, "axis": "x", "origin": [8, 11.4375, 7.9375]},
			"faces": {
				"north": {"uv": [14.5, 12.25, 15.5, 16], "texture": "#0"},
				"east": {"uv": [14.5, 12.25, 15.25, 16], "texture": "#0"},
				"south": {"uv": [14.5, 12.25, 15.5, 16], "texture": "#0"},
				"west": {"uv": [14.5, 12.25, 15.25, 16], "texture": "#0"},
				"up": {"uv": [14.5, 12.25, 15.5, 13], "texture": "#0"},
				"down": {"uv": [14.5, 12.25, 15.5, 13], "texture": "#0"}
			}
		},
		{
			"from": [7.25, 11.25, 6.25],
			"to": [8.75, 11.5, 7.25],
			"rotation": {"angle": -22.5, "axis": "x", "origin": [8, 11.4375, 7.9375]},
			"faces": {
				"north": {"uv": [14.5, 12.25, 16, 12.5], "texture": "#0"},
				"east": {"uv": [14.5, 12.25, 15.5, 12.5], "texture": "#0"},
				"south": {"uv": [14.5, 12.25, 16, 12.5], "texture": "#0"},
				"west": {"uv": [14.5, 12.25, 15.5, 12.5], "texture": "#0"},
				"up": {"uv": [14.5, 12.25, 16, 13.25], "texture": "#0"},
				"down": {"uv": [14.5, 12.25, 16, 13.25], "texture": "#0"}
			}
		},
		{
			"from": [7.25, 10.25, 6.25],
			"to": [8.75, 10.5, 7.25],
			"rotation": {"angle": -22.5, "axis": "x", "origin": [8, 11.4375, 7.9375]},
			"faces": {
				"north": {"uv": [14.5, 12.25, 16, 12.5], "texture": "#0"},
				"east": {"uv": [14.5, 12.25, 15.5, 12.5], "texture": "#0"},
				"south": {"uv": [14.5, 12.25, 16, 12.5], "texture": "#0"},
				"west": {"uv": [14.5, 12.25, 15.5, 12.5], "texture": "#0"},
				"up": {"uv": [14.5, 12.25, 16, 13.25], "texture": "#0"},
				"down": {"uv": [14.5, 12.25, 16, 13.25], "texture": "#0"}
			}
		},
		{
			"from": [8.5, 10, 7.25],
			"to": [9.25, 13.75, 8],
			"rotation": {"angle": -22.5, "axis": "x", "origin": [8, 11.4375, 7.9375]},
			"faces": {
				"north": {"uv": [14.5, 12.25, 15.25, 16], "texture": "#0"},
				"east": {"uv": [14.5, 12.25, 15.25, 16], "texture": "#0"},
				"south": {"uv": [14.5, 12.25, 15.25, 16], "texture": "#0"},
				"west": {"uv": [14.5, 12.25, 15.25, 16], "texture": "#0"},
				"up": {"uv": [14.5, 12.25, 15.25, 13], "texture": "#0"},
				"down": {"uv": [14.5, 12.25, 15.25, 13], "texture": "#0"}
			}
		},
		{
			"from": [6.75, 10, 7.25],
			"to": [7.5, 13.75, 8],
			"rotation": {"angle": -22.5, "axis": "x", "origin": [8, 11.4375, 7.9375]},
			"faces": {
				"north": {"uv": [14.5, 12.25, 15.25, 16], "texture": "#0"},
				"east": {"uv": [14.5, 12.25, 15.25, 16], "texture": "#0"},
				"south": {"uv": [14.5, 12.25, 15.25, 16], "texture": "#0"},
				"west": {"uv": [14.5, 12.25, 15.25, 16], "texture": "#0"},
				"up": {"uv": [14.5, 12.25, 15.25, 13], "texture": "#0"},
				"down": {"uv": [14.5, 12.25, 15.25, 13], "texture": "#0"}
			}
		},
		{
			"from": [6.5, 11.25, 7.25],
			"to": [6.75, 13.75, 8],
			"rotation": {"angle": -22.5, "axis": "x", "origin": [8, 11.4375, 7.9375]},
			"faces": {
				"north": {"uv": [14.5, 12.25, 14.75, 14.75], "texture": "#0"},
				"east": {"uv": [14.5, 12.25, 15.25, 14.75], "texture": "#0"},
				"south": {"uv": [14.5, 12.25, 14.75, 14.75], "texture": "#0"},
				"west": {"uv": [14.5, 12.25, 15.25, 14.75], "texture": "#0"},
				"up": {"uv": [14.5, 12.25, 14.75, 13], "texture": "#0"},
				"down": {"uv": [14.5, 12.25, 14.75, 13], "texture": "#0"}
			}
		},
		{
			"from": [9.25, 11.25, 7.25],
			"to": [9.5, 13.75, 8],
			"rotation": {"angle": -22.5, "axis": "x", "origin": [8, 11.4375, 7.9375]},
			"faces": {
				"north": {"uv": [14.5, 12.25, 14.75, 14.75], "texture": "#0"},
				"east": {"uv": [14.5, 12.25, 15.25, 14.75], "texture": "#0"},
				"south": {"uv": [14.5, 12.25, 14.75, 14.75], "texture": "#0"},
				"west": {"uv": [14.5, 12.25, 15.25, 14.75], "texture": "#0"},
				"up": {"uv": [14.5, 12.25, 14.75, 13], "texture": "#0"},
				"down": {"uv": [14.5, 12.25, 14.75, 13], "texture": "#0"}
			}
		},
		{
			"from": [10.75, 0, 3.5],
			"to": [12, 0.5, 4.75],
			"faces": {
				"north": {"uv": [0, 0, 1.25, 0.5], "texture": "#0"},
				"east": {"uv": [0, 0, 1.25, 0.5], "texture": "#0"},
				"south": {"uv": [0, 0, 1.25, 0.5], "texture": "#0"},
				"west": {"uv": [0, 0, 1.25, 0.5], "texture": "#0"},
				"up": {"uv": [0, 0, 1.25, 1.25], "texture": "#0"},
				"down": {"uv": [0, 0, 1.25, 1.25], "texture": "#0"}
			}
		},
		{
			"from": [4, 0, 3.5],
			"to": [5.25, 0.5, 4.75],
			"faces": {
				"north": {"uv": [0, 0, 1.25, 0.5], "texture": "#0"},
				"east": {"uv": [0, 0, 1.25, 0.5], "texture": "#0"},
				"south": {"uv": [0, 0, 1.25, 0.5], "texture": "#0"},
				"west": {"uv": [0, 0, 1.25, 0.5], "texture": "#0"},
				"up": {"uv": [0, 0, 1.25, 1.25], "texture": "#0"},
				"down": {"uv": [0, 0, 1.25, 1.25], "texture": "#0"}
			}
		},
		{
			"from": [5, 0, 2.75],
			"to": [5.25, 0.5, 3.5],
			"faces": {
				"north": {"uv": [0, 0, 0.25, 0.5], "texture": "#0"},
				"east": {"uv": [0, 0, 0.75, 0.5], "texture": "#0"},
				"south": {"uv": [0, 0, 0.25, 0.5], "texture": "#0"},
				"west": {"uv": [0, 0, 0.75, 0.5], "texture": "#0"},
				"up": {"uv": [0, 0, 0.25, 0.75], "texture": "#0"},
				"down": {"uv": [0, 0, 0.25, 0.75], "texture": "#0"}
			}
		},
		{
			"from": [4.5, 0, 2.75],
			"to": [4.75, 0.5, 3.5],
			"faces": {
				"north": {"uv": [0, 0, 0.25, 0.5], "texture": "#0"},
				"east": {"uv": [0, 0, 0.75, 0.5], "texture": "#0"},
				"south": {"uv": [0, 0, 0.25, 0.5], "texture": "#0"},
				"west": {"uv": [0, 0, 0.75, 0.5], "texture": "#0"},
				"up": {"uv": [0, 0, 0.25, 0.75], "texture": "#0"},
				"down": {"uv": [0, 0, 0.25, 0.75], "texture": "#0"}
			}
		},
		{
			"from": [4, 0, 2.75],
			"to": [4.25, 0.5, 3.5],
			"faces": {
				"north": {"uv": [0, 0, 0.25, 0.5], "texture": "#0"},
				"east": {"uv": [0, 0, 0.75, 0.5], "texture": "#0"},
				"south": {"uv": [0, 0, 0.25, 0.5], "texture": "#0"},
				"west": {"uv": [0, 0, 0.75, 0.5], "texture": "#0"},
				"up": {"uv": [0, 0, 0.25, 0.75], "texture": "#0"},
				"down": {"uv": [0, 0, 0.25, 0.75], "texture": "#0"}
			}
		},
		{
			"from": [10.75, 0, 2.75],
			"to": [11, 0.5, 3.5],
			"faces": {
				"north": {"uv": [0, 0, 0.25, 0.5], "texture": "#0"},
				"east": {"uv": [0, 0, 0.75, 0.5], "texture": "#0"},
				"south": {"uv": [0, 0, 0.25, 0.5], "texture": "#0"},
				"west": {"uv": [0, 0, 0.75, 0.5], "texture": "#0"},
				"up": {"uv": [0, 0, 0.25, 0.75], "texture": "#0"},
				"down": {"uv": [0, 0, 0.25, 0.75], "texture": "#0"}
			}
		},
		{
			"from": [11.25, 0, 2.75],
			"to": [11.5, 0.5, 3.5],
			"faces": {
				"north": {"uv": [0, 0, 0.25, 0.5], "texture": "#0"},
				"east": {"uv": [0, 0, 0.75, 0.5], "texture": "#0"},
				"south": {"uv": [0, 0, 0.25, 0.5], "texture": "#0"},
				"west": {"uv": [0, 0, 0.75, 0.5], "texture": "#0"},
				"up": {"uv": [0, 0, 0.25, 0.75], "texture": "#0"},
				"down": {"uv": [0, 0, 0.25, 0.75], "texture": "#0"}
			}
		},
		{
			"from": [11.75, 0, 2.75],
			"to": [12, 0.5, 3.5],
			"faces": {
				"north": {"uv": [0, 0, 0.25, 0.5], "texture": "#0"},
				"east": {"uv": [0, 0, 0.75, 0.5], "texture": "#0"},
				"south": {"uv": [0, 0, 0.25, 0.5], "texture": "#0"},
				"west": {"uv": [0, 0, 0.75, 0.5], "texture": "#0"},
				"up": {"uv": [0, 0, 0.25, 0.75], "texture": "#0"},
				"down": {"uv": [0, 0, 0.25, 0.75], "texture": "#0"}
			}
		},
		{
			"from": [11.75, -0.12448, 2.12422],
			"to": [12, 0.37552, 2.87422],
			"rotation": {"angle": -22.5, "axis": "x", "origin": [11.625, 0.12552, 2.49922]},
			"faces": {
				"north": {"uv": [0, 0, 0.25, 0.5], "texture": "#0"},
				"east": {"uv": [0, 0, 0.75, 0.5], "texture": "#0"},
				"south": {"uv": [0, 0, 0.25, 0.5], "texture": "#0"},
				"west": {"uv": [0, 0, 0.75, 0.5], "texture": "#0"},
				"up": {"uv": [0, 0, 0.25, 0.75], "texture": "#0"},
				"down": {"uv": [0, 0, 0.25, 0.75], "texture": "#0"}
			}
		},
		{
			"from": [11.25, -0.12448, 2.12422],
			"to": [11.5, 0.37552, 2.87422],
			"rotation": {"angle": -22.5, "axis": "x", "origin": [11.625, 0.12552, 2.49922]},
			"faces": {
				"north": {"uv": [0, 0, 0.25, 0.5], "texture": "#0"},
				"east": {"uv": [0, 0, 0.75, 0.5], "texture": "#0"},
				"south": {"uv": [0, 0, 0.25, 0.5], "texture": "#0"},
				"west": {"uv": [0, 0, 0.75, 0.5], "texture": "#0"},
				"up": {"uv": [0, 0, 0.25, 0.75], "texture": "#0"},
				"down": {"uv": [0, 0, 0.25, 0.75], "texture": "#0"}
			}
		},
		{
			"from": [10.75, -0.12448, 2.12422],
			"to": [11, 0.37552, 2.87422],
			"rotation": {"angle": -22.5, "axis": "x", "origin": [11.625, 0.12552, 2.49922]},
			"faces": {
				"north": {"uv": [0, 0, 0.25, 0.5], "texture": "#0"},
				"east": {"uv": [0, 0, 0.75, 0.5], "texture": "#0"},
				"south": {"uv": [0, 0, 0.25, 0.5], "texture": "#0"},
				"west": {"uv": [0, 0, 0.75, 0.5], "texture": "#0"},
				"up": {"uv": [0, 0, 0.25, 0.75], "texture": "#0"},
				"down": {"uv": [0, 0, 0.25, 0.75], "texture": "#0"}
			}
		},
		{
			"from": [5, -0.12448, 2.12422],
			"to": [5.25, 0.37552, 2.87422],
			"rotation": {"angle": -22.5, "axis": "x", "origin": [11.625, 0.12552, 2.49922]},
			"faces": {
				"north": {"uv": [0, 0, 0.25, 0.5], "texture": "#0"},
				"east": {"uv": [0, 0, 0.75, 0.5], "texture": "#0"},
				"south": {"uv": [0, 0, 0.25, 0.5], "texture": "#0"},
				"west": {"uv": [0, 0, 0.75, 0.5], "texture": "#0"},
				"up": {"uv": [0, 0, 0.25, 0.75], "texture": "#0"},
				"down": {"uv": [0, 0, 0.25, 0.75], "texture": "#0"}
			}
		},
		{
			"from": [4.5, -0.12448, 2.12422],
			"to": [4.75, 0.37552, 2.87422],
			"rotation": {"angle": -22.5, "axis": "x", "origin": [11.625, 0.12552, 2.49922]},
			"faces": {
				"north": {"uv": [0, 0, 0.25, 0.5], "texture": "#0"},
				"east": {"uv": [0, 0, 0.75, 0.5], "texture": "#0"},
				"south": {"uv": [0, 0, 0.25, 0.5], "texture": "#0"},
				"west": {"uv": [0, 0, 0.75, 0.5], "texture": "#0"},
				"up": {"uv": [0, 0, 0.25, 0.75], "texture": "#0"},
				"down": {"uv": [0, 0, 0.25, 0.75], "texture": "#0"}
			}
		},
		{
			"from": [4, -0.12448, 2.12422],
			"to": [4.25, 0.37552, 2.87422],
			"rotation": {"angle": -22.5, "axis": "x", "origin": [11.625, 0.12552, 2.49922]},
			"faces": {
				"north": {"uv": [0, 0, 0.25, 0.5], "texture": "#0"},
				"east": {"uv": [0, 0, 0.75, 0.5], "texture": "#0"},
				"south": {"uv": [0, 0, 0.25, 0.5], "texture": "#0"},
				"west": {"uv": [0, 0, 0.75, 0.5], "texture": "#0"},
				"up": {"uv": [0, 0, 0.25, 0.75], "texture": "#0"},
				"down": {"uv": [0, 0, 0.25, 0.75], "texture": "#0"}
			}
		},
		{
			"from": [11, 4, 8],
			"to": [11.5, 8.25, 8.5],
			"faces": {
				"north": {"uv": [14.75, 0, 15.25, 4.25], "texture": "#0"},
				"east": {"uv": [14.75, 0, 15.25, 4.25], "texture": "#0"},
				"south": {"uv": [14.75, 0, 15.25, 4.25], "texture": "#0"},
				"west": {"uv": [14.75, 0, 15.25, 4.25], "texture": "#0"},
				"up": {"uv": [14.75, 0, 15.25, 4.25], "texture": "#0"},
				"down": {"uv": [14.75, 0, 15.25, 4.25], "texture": "#0"}
			}
		},
		{
			"from": [10.75, 4.5, 7.75],
			"to": [11.75, 7.75, 8.75],
			"faces": {
				"north": {"uv": [14.75, 0, 15.75, 3.25], "texture": "#0"},
				"east": {"uv": [14.75, 0, 15.75, 3.25], "texture": "#0"},
				"south": {"uv": [14.75, 0, 15.75, 3.25], "texture": "#0"},
				"west": {"uv": [14.75, 0, 15.75, 3.25], "texture": "#0"},
				"up": {"uv": [14.75, 0, 15.75, 3.25], "texture": "#0"},
				"down": {"uv": [14.75, 0, 15.75, 3.25], "texture": "#0"}
			}
		},
		{
			"from": [4.25, 4.5, 7.75],
			"to": [5.25, 7.75, 8.75],
			"faces": {
				"north": {"uv": [14.75, 0, 15.75, 3.25], "texture": "#0"},
				"east": {"uv": [14.75, 0, 15.75, 3.25], "texture": "#0"},
				"south": {"uv": [14.75, 0, 15.75, 3.25], "texture": "#0"},
				"west": {"uv": [14.75, 0, 15.75, 3.25], "texture": "#0"},
				"up": {"uv": [14.75, 0, 15.75, 3.25], "texture": "#0"},
				"down": {"uv": [14.75, 0, 15.75, 3.25], "texture": "#0"}
			}
		},
		{
			"from": [11, -2.29702, 0.49524],
			"to": [11.5, 2.45298, 0.99524],
			"rotation": {"angle": 45, "axis": "x", "origin": [11.25, -5.92202, 5.74524]},
			"faces": {
				"north": {"uv": [14.75, 0, 15.25, 4.75], "texture": "#0"},
				"east": {"uv": [14.75, 0, 15.25, 4.75], "texture": "#0"},
				"south": {"uv": [14.75, 0, 15.25, 4.75], "texture": "#0"},
				"west": {"uv": [14.75, 0, 15.25, 4.75], "texture": "#0"},
				"up": {"uv": [14.75, 0, 15.25, 4.75], "texture": "#0"},
				"down": {"uv": [14.75, 0, 15.25, 4.75], "texture": "#0"}
			}
		},
		{
			"from": [10.75, -1.79702, 0.24524],
			"to": [11.75, 1.70298, 1.24524],
			"rotation": {"angle": 45, "axis": "x", "origin": [11.25, -5.92202, 5.74524]},
			"faces": {
				"north": {"uv": [14.75, 0, 15.75, 3.5], "texture": "#0"},
				"east": {"uv": [14.75, 0, 15.75, 3.5], "texture": "#0"},
				"south": {"uv": [14.75, 0, 15.75, 3.5], "texture": "#0"},
				"west": {"uv": [14.75, 0, 15.75, 3.5], "texture": "#0"},
				"up": {"uv": [14.75, 0, 15.75, 3.5], "texture": "#0"},
				"down": {"uv": [14.75, 0, 15.75, 3.5], "texture": "#0"}
			}
		},
		{
			"from": [4.25, -1.79702, 0.24524],
			"to": [5.25, 1.70298, 1.24524],
			"rotation": {"angle": 45, "axis": "x", "origin": [11.25, -5.92202, 5.74524]},
			"faces": {
				"north": {"uv": [14.75, 0, 15.75, 3.5], "texture": "#0"},
				"east": {"uv": [14.75, 0, 15.75, 3.5], "texture": "#0"},
				"south": {"uv": [14.75, 0, 15.75, 3.5], "texture": "#0"},
				"west": {"uv": [14.75, 0, 15.75, 3.5], "texture": "#0"},
				"up": {"uv": [14.75, 0, 15.75, 3.5], "texture": "#0"},
				"down": {"uv": [14.75, 0, 15.75, 3.5], "texture": "#0"}
			}
		},
		{
			"from": [4.5, -2.29702, 0.49524],
			"to": [5, 2.45298, 0.99524],
			"rotation": {"angle": 45, "axis": "x", "origin": [11.25, -5.92202, 5.74524]},
			"faces": {
				"north": {"uv": [14.75, 0, 15.25, 4.75], "texture": "#0"},
				"east": {"uv": [14.75, 0, 15.25, 4.75], "texture": "#0"},
				"south": {"uv": [14.75, 0, 15.25, 4.75], "texture": "#0"},
				"west": {"uv": [14.75, 0, 15.25, 4.75], "texture": "#0"},
				"up": {"uv": [14.75, 0, 15.25, 4.75], "texture": "#0"},
				"down": {"uv": [14.75, 0, 15.25, 4.75], "texture": "#0"}
			}
		},
		{
			"from": [4.5, 4, 8],
			"to": [5, 8.25, 8.5],
			"faces": {
				"north": {"uv": [14.75, 0, 15.25, 4.25], "texture": "#0"},
				"east": {"uv": [14.75, 0, 15.25, 4.25], "texture": "#0"},
				"south": {"uv": [14.75, 0, 15.25, 4.25], "texture": "#0"},
				"west": {"uv": [14.75, 0, 15.25, 4.25], "texture": "#0"},
				"up": {"uv": [14.75, 0, 15.25, 4.25], "texture": "#0"},
				"down": {"uv": [14.75, 0, 15.25, 4.25], "texture": "#0"}
			}
		},
		{
			"from": [4.25, 3, 7.75],
			"to": [5.25, 4, 8.75],
			"faces": {
				"north": {"uv": [14.75, 9.75, 15.75, 10.75], "texture": "#0"},
				"east": {"uv": [14.75, 9.75, 15.75, 10.75], "texture": "#0"},
				"south": {"uv": [14.75, 9.75, 15.75, 10.75], "texture": "#0"},
				"west": {"uv": [14.75, 9.75, 15.75, 10.75], "texture": "#0"},
				"up": {"uv": [14.75, 9.75, 15.75, 10.75], "texture": "#0"},
				"down": {"uv": [14.75, 9.75, 15.75, 10.75], "texture": "#0"}
			}
		},
		{
			"from": [4.25, 8, 7.75],
			"to": [5.5, 9.25, 8.75],
			"faces": {
				"north": {"uv": [14.75, 9.75, 16, 11], "texture": "#0"},
				"east": {"uv": [14.75, 9.75, 16, 11], "texture": "#0"},
				"south": {"uv": [14.75, 9.75, 16, 11], "texture": "#0"},
				"west": {"uv": [14.75, 9.75, 16, 11], "texture": "#0"},
				"up": {"uv": [14.75, 9.75, 16, 11], "texture": "#0"},
				"down": {"uv": [14.75, 9.75, 16, 11], "texture": "#0"}
			}
		},
		{
			"from": [9.5, -0.5, 2.5],
			"to": [10.5, 0.5, 3.5],
			"rotation": {"angle": -22.5, "axis": "x", "origin": [8, 0.5, 7]},
			"faces": {
				"north": {"uv": [15, 10, 16, 11], "texture": "#0"},
				"east": {"uv": [15, 10, 16, 11], "texture": "#0"},
				"south": {"uv": [15, 10, 16, 11], "texture": "#0"},
				"west": {"uv": [15, 10, 16, 11], "texture": "#0"},
				"up": {"uv": [15, 10, 16, 11], "texture": "#0"},
				"down": {"uv": [15, 10, 16, 11], "texture": "#0"}
			}
		},
		{
			"from": [5.5, -0.5, 7.75],
			"to": [6.5, 0.5, 8.75],
			"rotation": {"angle": -22.5, "axis": "x", "origin": [8, 0.5, 7]},
			"faces": {
				"north": {"uv": [15, 9.75, 16, 10.75], "texture": "#0"},
				"east": {"uv": [15, 9.75, 16, 10.75], "texture": "#0"},
				"south": {"uv": [15, 9.75, 16, 10.75], "texture": "#0"},
				"west": {"uv": [15, 9.75, 16, 10.75], "texture": "#0"},
				"up": {"uv": [15, 9.75, 16, 10.75], "texture": "#0"},
				"down": {"uv": [15, 9.75, 16, 10.75], "texture": "#0"}
			}
		},
		{
			"from": [5.5, -0.5, 2.5],
			"to": [6.5, 0.5, 3.5],
			"rotation": {"angle": -22.5, "axis": "x", "origin": [8, 0.5, 7]},
			"faces": {
				"north": {"uv": [15, 10, 16, 11], "texture": "#0"},
				"east": {"uv": [15, 10, 16, 11], "texture": "#0"},
				"south": {"uv": [15, 10, 16, 11], "texture": "#0"},
				"west": {"uv": [15, 10, 16, 11], "texture": "#0"},
				"up": {"uv": [15, 10, 16, 11], "texture": "#0"},
				"down": {"uv": [15, 10, 16, 11], "texture": "#0"}
			}
		},
		{
			"from": [10.5, 8, 7.75],
			"to": [11.75, 9.25, 8.75],
			"faces": {
				"north": {"uv": [14.75, 9.75, 16, 11], "texture": "#0"},
				"east": {"uv": [14.75, 9.75, 16, 11], "texture": "#0"},
				"south": {"uv": [14.75, 9.75, 16, 11], "texture": "#0"},
				"west": {"uv": [14.75, 9.75, 16, 11], "texture": "#0"},
				"up": {"uv": [14.75, 9.75, 16, 11], "texture": "#0"},
				"down": {"uv": [14.75, 9.75, 16, 11], "texture": "#0"}
			}
		},
		{
			"from": [10.75, 3, 7.75],
			"to": [11.75, 4, 8.75],
			"faces": {
				"north": {"uv": [14.75, 9.75, 15.75, 10.75], "texture": "#0"},
				"east": {"uv": [14.75, 9.75, 15.75, 10.75], "texture": "#0"},
				"south": {"uv": [14.75, 9.75, 15.75, 10.75], "texture": "#0"},
				"west": {"uv": [14.75, 9.75, 15.75, 10.75], "texture": "#0"},
				"up": {"uv": [14.75, 9.75, 15.75, 10.75], "texture": "#0"},
				"down": {"uv": [14.75, 9.75, 15.75, 10.75], "texture": "#0"}
			}
		},
		{
			"from": [9.5, -0.5, 7.75],
			"to": [10.5, 0.5, 8.75],
			"rotation": {"angle": -22.5, "axis": "x", "origin": [8, 0.5, 7]},
			"faces": {
				"north": {"uv": [15, 9.75, 16, 10.75], "texture": "#0"},
				"east": {"uv": [15, 9.75, 16, 10.75], "texture": "#0"},
				"south": {"uv": [15, 9.75, 16, 10.75], "texture": "#0"},
				"west": {"uv": [15, 9.75, 16, 10.75], "texture": "#0"},
				"up": {"uv": [15, 9.75, 16, 10.75], "texture": "#0"},
				"down": {"uv": [15, 9.75, 16, 10.75], "texture": "#0"}
			}
		}
	],
	"display": {
		"fixed": {
			"rotation": [-90, 0, 0],
			"translation": [0, -7.5, -25.5],
			"scale": [3.2, 3.2, 3.2]
		}
	},
	"groups": [
		{
			"name": "group",
			"origin": [0, 0, 0],
			"color": 0,
			"children": [
				{
					"name": "group",
					"origin": [0, 0, 0],
					"color": 0,
					"children": [
						0,
						1,
						{
							"name": "group",
							"origin": [8, 0.5, 7],
							"color": 0,
							"children": [2, 3, 4, 5, 6, 7, 8, 9, 10, 11, 12, 13, 14, 15]
						},
						{
							"name": "group",
							"origin": [8, 8, 8],
							"color": 0,
							"children": [16, 17, 18, 19, 20, 21]
						},
						{
							"name": "group",
							"origin": [0, 0, 0],
							"color": 0,
							"children": [
								22,
								23,
								24,
								25,
								26,
								{
									"name": "group",
									"origin": [0, 0, 0],
									"color": 0,
									"children": [27, 28, 29, 30, 31, 32]
								}
							]
						}
					]
				},
				{
					"name": "group",
					"origin": [8, 8, 8],
					"color": 0,
					"children": [33, 34, 35, 36, 37, 38, 39]
				},
				{
					"name": "group",
					"origin": [8, 8, 8],
					"color": 0,
					"children": [40, 41, 42, 43, 44, 45, 46, 47, 48, 49, 50, 51, 52, 53]
				},
				{
					"name": "group",
					"origin": [8, 8, 8],
					"color": 0,
					"children": [54, 55, 56, 57, 58, 59, 60, 61]
				}
			]
		},
		{
			"name": "group",
			"origin": [8, 8, 8],
			"color": 0,
			"children": [62, 63, 64, 65, 66, 67, 68, 69]
		}
	]
}