{
	"credit": "Made with Blockbench",
	"textures": {
		"0": "./bonnie",
		"particle": "./bonnie"
	},
	"elements": [
		{
			"from": [9, 13, 6.25],
			"to": [11.5, 15.75, 8],
			"rotation": {"angle": -45, "axis": "x", "origin": [10.25, 14.375, 8.6875]},
			"faces": {
				"north": {"uv": [0, 0, 2.5, 2.75], "texture": "#0"},
				"east": {"uv": [0, 0, 1.75, 2.75], "texture": "#0"},
				"south": {"uv": [0, 0, 2.5, 2.75], "texture": "#0"},
				"west": {"uv": [0, 0, 1.75, 2.75], "texture": "#0"},
				"up": {"uv": [0, 0, 2.5, 1.75], "texture": "#0"},
				"down": {"uv": [0, 0, 2.5, 1.75], "texture": "#0"}
			}
		},
		{
			"from": [9.25, 15.75, 6.25],
			"to": [11.25, 16.5, 8],
			"rotation": {"angle": -45, "axis": "x", "origin": [10.25, 14.375, 8.6875]},
			"faces": {
				"north": {"uv": [0, 0, 2, 0.75], "texture": "#0"},
				"east": {"uv": [0, 0, 1.75, 0.75], "texture": "#0"},
				"south": {"uv": [0, 0, 2, 0.75], "texture": "#0"},
				"west": {"uv": [0, 0, 1.75, 0.75], "texture": "#0"},
				"up": {"uv": [0, 0, 2, 1.75], "texture": "#0"},
				"down": {"uv": [0, 0, 2, 1.75], "texture": "#0"}
			}
		},
		{
			"from": [9.5, 11.75, 6.75],
			"to": [11, 15.5, 7.75],
			"rotation": {"angle": -45, "axis": "x", "origin": [10.25, 14.375, 8.6875]},
			"faces": {
				"north": {"uv": [7, 15.25, 8, 16], "texture": "#0"},
				"east": {"uv": [7, 15.25, 8, 16], "texture": "#0"},
				"south": {"uv": [7, 15.25, 8, 16], "texture": "#0"},
				"west": {"uv": [7, 15.25, 8, 16], "texture": "#0"},
				"up": {"uv": [7, 15.25, 8, 16], "texture": "#0"},
				"down": {"uv": [7, 15.25, 8, 16], "texture": "#0"}
			}
		},
		{
			"from": [9.25, 13.25, 6],
			"to": [11.25, 15.5, 6.25],
			"rotation": {"angle": -45, "axis": "x", "origin": [10.25, 14.375, 8.6875]},
			"faces": {
				"north": {"uv": [2.5, 14.125, 4.5, 16], "texture": "#0"},
				"east": {"uv": [2.5, 14.125, 4.5, 16], "texture": "#0"},
				"south": {"uv": [2.5, 14.125, 4.5, 16], "texture": "#0"},
				"west": {"uv": [2.5, 14.125, 4.5, 16], "texture": "#0"},
				"up": {"uv": [2.5, 14.125, 4.5, 16], "texture": "#0"},
				"down": {"uv": [2.5, 14.125, 4.5, 16], "texture": "#0"}
			}
		},
		{
			"from": [9.5, 15.5, 6],
			"to": [11, 16.25, 6.25],
			"rotation": {"angle": -45, "axis": "x", "origin": [10.25, 14.375, 8.6875]},
			"faces": {
				"north": {"uv": [0, 14.25, 1.5, 15], "texture": "#0"},
				"east": {"uv": [0, 14.25, 1.5, 15], "texture": "#0"},
				"south": {"uv": [0, 14.25, 1.5, 15], "texture": "#0"},
				"west": {"uv": [0, 14.25, 1.5, 15], "texture": "#0"},
				"up": {"uv": [0, 14.25, 1.5, 15], "texture": "#0"},
				"down": {"uv": [0, 14.25, 1.5, 15], "texture": "#0"}
			}
		},
		{
			"from": [4.5, 8.25, 11.75],
			"to": [7, 11, 13.5],
			"rotation": {"angle": -22.5, "axis": "x", "origin": [0, 0, 0]},
			"faces": {
				"north": {"uv": [0, 0, 2.5, 2.75], "texture": "#0"},
				"east": {"uv": [0, 0, 1.75, 2.75], "texture": "#0"},
				"south": {"uv": [0, 0, 2.5, 2.75], "texture": "#0"},
				"west": {"uv": [0, 0, 1.75, 2.75], "texture": "#0"},
				"up": {"uv": [0, 0, 2.5, 1.75], "texture": "#0"},
				"down": {"uv": [0, 0, 2.5, 1.75], "texture": "#0"}
			}
		},
		{
			"from": [4.75, 11, 11.75],
			"to": [6.75, 11.75, 13.5],
			"rotation": {"angle": -22.5, "axis": "x", "origin": [0, 0, 0]},
			"faces": {
				"north": {"uv": [0, 0, 2, 0.75], "texture": "#0"},
				"east": {"uv": [0, 0, 1.75, 0.75], "texture": "#0"},
				"south": {"uv": [0, 0, 2, 0.75], "texture": "#0"},
				"west": {"uv": [0, 0, 1.75, 0.75], "texture": "#0"},
				"up": {"uv": [0, 0, 2, 1.75], "texture": "#0"},
				"down": {"uv": [0, 0, 2, 1.75], "texture": "#0"}
			}
		},
		{
			"from": [5, 7, 12.25],
			"to": [6.5, 10.75, 13.25],
			"rotation": {"angle": -22.5, "axis": "x", "origin": [0, 0, 0]},
			"faces": {
				"north": {"uv": [7, 14.25, 8.5, 16], "texture": "#0"},
				"east": {"uv": [7, 14.25, 8.5, 16], "texture": "#0"},
				"south": {"uv": [7, 14.25, 8.5, 16], "texture": "#0"},
				"west": {"uv": [7, 14.25, 8.5, 16], "texture": "#0"},
				"up": {"uv": [7, 14.25, 8.5, 16], "texture": "#0"},
				"down": {"uv": [7, 14.25, 8.5, 16], "texture": "#0"}
			}
		},
		{
			"from": [4.75, 8.5, 11.5],
			"to": [6.75, 10.75, 11.75],
			"rotation": {"angle": -22.5, "axis": "x", "origin": [0, 0, 0]},
			"faces": {
				"north": {"uv": [0.5, 14.25, 2.5, 16], "texture": "#0"},
				"east": {"uv": [0.5, 14.25, 2.5, 16], "texture": "#0"},
				"south": {"uv": [0.5, 14.25, 2.5, 16], "texture": "#0"},
				"west": {"uv": [0.5, 14.25, 2.5, 16], "texture": "#0"},
				"up": {"uv": [0.5, 14.25, 2.5, 16], "texture": "#0"},
				"down": {"uv": [0.5, 14.25, 2.5, 16], "texture": "#0"}
			}
		},
		{
			"from": [5, 10.75, 11.5],
			"to": [6.5, 11.5, 11.75],
			"rotation": {"angle": -22.5, "axis": "x", "origin": [0, 0, 0]},
			"faces": {
				"north": {"uv": [2, 15.25, 3.5, 16], "texture": "#0"},
				"east": {"uv": [2, 15.25, 3.5, 16], "texture": "#0"},
				"south": {"uv": [2, 15.25, 3.5, 16], "texture": "#0"},
				"west": {"uv": [2, 15.25, 3.5, 16], "texture": "#0"},
				"up": {"uv": [2, 15.25, 3.5, 16], "texture": "#0"},
				"down": {"uv": [2, 15.25, 3.5, 16], "texture": "#0"}
			}
		},
		{
			"from": [4.5, 8.25, 8.25],
			"to": [7, 12, 10],
			"faces": {
				"north": {"uv": [0, 0, 2.5, 3.75], "texture": "#0"},
				"east": {"uv": [0, 0, 1.75, 3.75], "texture": "#0"},
				"south": {"uv": [0, 0, 2.5, 3.75], "texture": "#0"},
				"west": {"uv": [0, 0, 1.75, 3.75], "texture": "#0"},
				"up": {"uv": [0, 0, 2.5, 1.75], "texture": "#0"},
				"down": {"uv": [0, 0, 2.5, 1.75], "texture": "#0"}
			}
		},
		{
			"from": [5.25, 7, 8.75],
			"to": [6.75, 10.75, 9.75],
			"faces": {
				"north": {"uv": [6.5, 14, 8, 15.75], "texture": "#0"},
				"east": {"uv": [6.5, 14, 8, 15.75], "texture": "#0"},
				"south": {"uv": [6.5, 14, 8, 15.75], "texture": "#0"},
				"west": {"uv": [6.5, 14, 8, 15.75], "texture": "#0"},
				"up": {"uv": [6.5, 14, 8, 15.75], "texture": "#0"},
				"down": {"uv": [6.5, 14, 8, 15.75], "texture": "#0"}
			}
		},
		{
			"from": [4.75, 8.5, 8],
			"to": [6.75, 11.75, 8.25],
			"faces": {
				"north": {"uv": [1.5, 14.125, 3.5, 15.875], "texture": "#0"},
				"east": {"uv": [1.5, 14.125, 3.5, 15.875], "texture": "#0"},
				"south": {"uv": [1.5, 14.125, 3.5, 15.875], "texture": "#0"},
				"west": {"uv": [1.5, 14.125, 3.5, 15.875], "texture": "#0"},
				"up": {"uv": [1.5, 14.125, 3.5, 15.875], "texture": "#0"},
				"down": {"uv": [1.5, 14.125, 3.5, 15.875], "texture": "#0"}
			}
		},
		{
			"from": [5, 0.75, 4.25],
			"to": [11, 2, 10.5],
			"faces": {
				"north": {"uv": [0, 0, 6, 1.25], "texture": "#0"},
				"east": {"uv": [0, 0, 6.25, 1.25], "texture": "#0"},
				"south": {"uv": [0, 0, 6, 1.25], "texture": "#0"},
				"west": {"uv": [0, 0, 6.25, 1.25], "texture": "#0"},
				"up": {"uv": [0, 0, 6, 6.25], "texture": "#0"},
				"down": {"uv": [0, 0, 6, 6.25], "texture": "#0"}
			}
		},
		{
			"from": [4.75, 1.5, 7.25],
			"to": [11.25, 2.75, 11],
			"faces": {
				"north": {"uv": [0, 0, 6.5, 1.25], "texture": "#0"},
				"east": {"uv": [0, 0, 3.75, 1.25], "texture": "#0"},
				"south": {"uv": [0, 0, 6.5, 1.25], "texture": "#0"},
				"west": {"uv": [0, 0, 3.75, 1.25], "texture": "#0"},
				"up": {"uv": [0, 0, 6.5, 3.75], "texture": "#0"},
				"down": {"uv": [0, 0, 6.5, 3.75], "texture": "#0"}
			}
		},
		{
			"from": [8.25, 2, 4.5],
			"to": [8.75, 2.25, 4.75],
			"faces": {
				"north": {"uv": [9.25, 15.125, 9.375, 15.75], "texture": "#0"},
				"east": {"uv": [9.25, 15.125, 9.375, 15.75], "texture": "#0"},
				"south": {"uv": [9.25, 15.125, 9.375, 15.75], "texture": "#0"},
				"west": {"uv": [9.25, 15.125, 9.375, 15.75], "texture": "#0"},
				"up": {"uv": [9.25, 15.125, 9.375, 15.75], "texture": "#0"},
				"down": {"uv": [9.25, 15.125, 9.375, 15.75], "texture": "#0"}
			}
		},
		{
			"from": [9.25, 2, 4.5],
			"to": [9.75, 2.25, 4.75],
			"faces": {
				"north": {"uv": [9.25, 15.125, 9.375, 15.75], "texture": "#0"},
				"east": {"uv": [9.25, 15.125, 9.375, 15.75], "texture": "#0"},
				"south": {"uv": [9.25, 15.125, 9.375, 15.75], "texture": "#0"},
				"west": {"uv": [9.25, 15.125, 9.375, 15.75], "texture": "#0"},
				"up": {"uv": [9.25, 15.125, 9.375, 15.75], "texture": "#0"},
				"down": {"uv": [9.25, 15.125, 9.375, 15.75], "texture": "#0"}
			}
		},
		{
			"from": [10.25, 2, 4.5],
			"to": [10.75, 2.25, 4.75],
			"faces": {
				"north": {"uv": [9.25, 15.125, 9.375, 15.75], "texture": "#0"},
				"east": {"uv": [9.25, 15.125, 9.375, 15.75], "texture": "#0"},
				"south": {"uv": [9.25, 15.125, 9.375, 15.75], "texture": "#0"},
				"west": {"uv": [9.25, 15.125, 9.375, 15.75], "texture": "#0"},
				"up": {"uv": [9.25, 15.125, 9.375, 15.75], "texture": "#0"},
				"down": {"uv": [9.25, 15.125, 9.375, 15.75], "texture": "#0"}
			}
		},
		{
			"from": [7.25, 2, 4.5],
			"to": [7.75, 2.25, 4.75],
			"faces": {
				"north": {"uv": [9.25, 15.125, 9.375, 15.75], "texture": "#0"},
				"east": {"uv": [9.25, 15.125, 9.375, 15.75], "texture": "#0"},
				"south": {"uv": [9.25, 15.125, 9.375, 15.75], "texture": "#0"},
				"west": {"uv": [9.25, 15.125, 9.375, 15.75], "texture": "#0"},
				"up": {"uv": [9.25, 15.125, 9.375, 15.75], "texture": "#0"},
				"down": {"uv": [9.25, 15.125, 9.375, 15.75], "texture": "#0"}
			}
		},
		{
			"from": [6.25, 2, 4.5],
			"to": [6.75, 2.25, 4.75],
			"faces": {
				"north": {"uv": [9.25, 15.125, 9.375, 15.75], "texture": "#0"},
				"east": {"uv": [9.25, 15.125, 9.375, 15.75], "texture": "#0"},
				"south": {"uv": [9.25, 15.125, 9.375, 15.75], "texture": "#0"},
				"west": {"uv": [9.25, 15.125, 9.375, 15.75], "texture": "#0"},
				"up": {"uv": [9.25, 15.125, 9.375, 15.75], "texture": "#0"},
				"down": {"uv": [9.25, 15.125, 9.375, 15.75], "texture": "#0"}
			}
		},
		{
			"from": [5.25, 2, 4.5],
			"to": [5.75, 2.25, 4.75],
			"faces": {
				"north": {"uv": [9.25, 15.125, 9.375, 15.75], "texture": "#0"},
				"east": {"uv": [9.25, 15.125, 9.375, 15.75], "texture": "#0"},
				"south": {"uv": [9.25, 15.125, 9.375, 15.75], "texture": "#0"},
				"west": {"uv": [9.25, 15.125, 9.375, 15.75], "texture": "#0"},
				"up": {"uv": [9.25, 15.125, 9.375, 15.75], "texture": "#0"},
				"down": {"uv": [9.25, 15.125, 9.375, 15.75], "texture": "#0"}
			}
		},
		{
			"from": [5.25, 2, 5],
			"to": [5.5, 2.25, 5.5],
			"faces": {
				"north": {"uv": [9.25, 15.125, 9.125, 15.75], "texture": "#0"},
				"east": {"uv": [9.25, 15.125, 9.125, 15.75], "texture": "#0"},
				"south": {"uv": [9.25, 15.125, 9.125, 15.75], "texture": "#0"},
				"west": {"uv": [9.25, 15.125, 9.125, 15.75], "texture": "#0"},
				"up": {"uv": [9.25, 15.125, 9.125, 15.75], "texture": "#0"},
				"down": {"uv": [9.25, 15.125, 9.125, 15.75], "texture": "#0"}
			}
		},
		{
			"from": [5.25, 2, 5.75],
			"to": [5.5, 2.25, 6.25],
			"faces": {
				"north": {"uv": [9.25, 15.125, 9.125, 15.75], "texture": "#0"},
				"east": {"uv": [9.25, 15.125, 9.125, 15.75], "texture": "#0"},
				"south": {"uv": [9.25, 15.125, 9.125, 15.75], "texture": "#0"},
				"west": {"uv": [9.25, 15.125, 9.125, 15.75], "texture": "#0"},
				"up": {"uv": [9.25, 15.125, 9.125, 15.75], "texture": "#0"},
				"down": {"uv": [9.25, 15.125, 9.125, 15.75], "texture": "#0"}
			}
		},
		{
			"from": [10.5, 2, 5.75],
			"to": [10.75, 2.25, 6.25],
			"faces": {
				"north": {"uv": [9.25, 15.125, 9.125, 15.75], "texture": "#0"},
				"east": {"uv": [9.25, 15.125, 9.125, 15.75], "texture": "#0"},
				"south": {"uv": [9.25, 15.125, 9.125, 15.75], "texture": "#0"},
				"west": {"uv": [9.25, 15.125, 9.125, 15.75], "texture": "#0"},
				"up": {"uv": [9.25, 15.125, 9.125, 15.75], "texture": "#0"},
				"down": {"uv": [9.25, 15.125, 9.125, 15.75], "texture": "#0"}
			}
		},
		{
			"from": [10.5, 2, 5],
			"to": [10.75, 2.25, 5.5],
			"faces": {
				"north": {"uv": [9.25, 15.125, 9.125, 15.75], "texture": "#0"},
				"east": {"uv": [9.25, 15.125, 9.125, 15.75], "texture": "#0"},
				"south": {"uv": [9.25, 15.125, 9.125, 15.75], "texture": "#0"},
				"west": {"uv": [9.25, 15.125, 9.125, 15.75], "texture": "#0"},
				"up": {"uv": [9.25, 15.125, 9.125, 15.75], "texture": "#0"},
				"down": {"uv": [9.25, 15.125, 9.125, 15.75], "texture": "#0"}
			}
		},
		{
			"from": [7.5, 4.25, 3.75],
			"to": [8.5, 4.75, 4.25],
			"faces": {
				"north": {"uv": [11, 13.5, 12, 14], "texture": "#0"},
				"east": {"uv": [11, 13.5, 12, 14], "texture": "#0"},
				"south": {"uv": [11, 13.5, 12, 14], "texture": "#0"},
				"west": {"uv": [11, 13.5, 12, 14], "texture": "#0"},
				"up": {"uv": [11, 13.5, 12, 14], "texture": "#0"},
				"down": {"uv": [11, 13.5, 12, 14], "texture": "#0"}
			}
		},
		{
			"from": [5.5, 4.25, 5.75],
			"to": [10.5, 6.75, 6.25],
			"faces": {
				"north": {"uv": [11, 13.5, 16, 16], "texture": "#0"},
				"east": {"uv": [11, 13.5, 16, 16], "texture": "#0"},
				"south": {"uv": [11, 13.5, 16, 16], "texture": "#0"},
				"west": {"uv": [11, 13.5, 16, 16], "texture": "#0"},
				"up": {"uv": [11, 13.5, 16, 16], "texture": "#0"},
				"down": {"uv": [11, 13.5, 16, 16], "texture": "#0"}
			}
		},
		{
			"from": [5.5, 5.5, 5.25],
			"to": [10.5, 6.5, 5.75],
			"faces": {
				"north": {"uv": [11, 13.5, 16, 14.5], "texture": "#0"},
				"east": {"uv": [11, 13.5, 16, 14.5], "texture": "#0"},
				"south": {"uv": [11, 13.5, 16, 14.5], "texture": "#0"},
				"west": {"uv": [11, 13.5, 16, 14.5], "texture": "#0"},
				"up": {"uv": [11, 13.5, 16, 14.5], "texture": "#0"},
				"down": {"uv": [11, 13.5, 16, 14.5], "texture": "#0"}
			}
		},
		{
			"from": [6, 4.5, 5.5],
			"to": [7.25, 5.75, 6.5],
			"faces": {
				"north": {"uv": [9, 14, 11, 16], "texture": "#0"},
				"east": {"uv": [9, 14, 11, 16], "texture": "#0"},
				"south": {"uv": [9, 14, 11, 16], "texture": "#0"},
				"west": {"uv": [9, 14, 11, 16], "texture": "#0"},
				"up": {"uv": [9, 14, 11, 16], "texture": "#0"},
				"down": {"uv": [9, 14, 11, 16], "texture": "#0"}
			}
		},
		{
			"from": [8.75, 4.5, 5.5],
			"to": [10, 5.75, 6.5],
			"faces": {
				"north": {"uv": [9, 14, 11, 16], "texture": "#0"},
				"east": {"uv": [9, 14, 11, 16], "texture": "#0"},
				"south": {"uv": [9, 14, 11, 16], "texture": "#0"},
				"west": {"uv": [9, 14, 11, 16], "texture": "#0"},
				"up": {"uv": [9, 14, 11, 16], "texture": "#0"},
				"down": {"uv": [9, 14, 11, 16], "texture": "#0"}
			}
		},
		{
			"from": [9, 8.25, 8.25],
			"to": [11.5, 12, 10],
			"faces": {
				"north": {"uv": [0, 0, 2.5, 3.75], "texture": "#0"},
				"east": {"uv": [0, 0, 1.75, 3.75], "texture": "#0"},
				"south": {"uv": [0, 0, 2.5, 3.75], "texture": "#0"},
				"west": {"uv": [0, 0, 1.75, 3.75], "texture": "#0"},
				"up": {"uv": [0, 0, 2.5, 1.75], "texture": "#0"},
				"down": {"uv": [0, 0, 2.5, 1.75], "texture": "#0"}
			}
		},
		{
			"from": [9.25, 7, 8.75],
			"to": [10.75, 10.75, 9.75],
			"faces": {
				"north": {"uv": [6.5, 15, 8, 15.75], "texture": "#0"},
				"east": {"uv": [6.5, 15, 8, 15.75], "texture": "#0"},
				"south": {"uv": [6.5, 15, 8, 15.75], "texture": "#0"},
				"west": {"uv": [6.5, 15, 8, 15.75], "texture": "#0"},
				"up": {"uv": [6.5, 15, 8, 15.75], "texture": "#0"},
				"down": {"uv": [6.5, 15, 8, 15.75], "texture": "#0"}
			}
		},
		{
			"from": [9.25, 8.5, 8],
			"to": [11.25, 11.75, 8.25],
			"faces": {
				"north": {"uv": [0, 14.125, 2, 16], "texture": "#0"},
				"east": {"uv": [0, 14.125, 2, 16], "texture": "#0"},
				"south": {"uv": [0, 14.125, 2, 16], "texture": "#0"},
				"west": {"uv": [0, 14.125, 2, 16], "texture": "#0"},
				"up": {"uv": [0, 14.125, 2, 16], "texture": "#0"},
				"down": {"uv": [0, 14.125, 2, 16], "texture": "#0"}
			}
		},
		{
			"from": [5, 2.75, 4],
			"to": [11, 4.5, 5],
			"faces": {
				"north": {"uv": [0, 14, 6, 15.75], "texture": "#0"},
				"east": {"uv": [0, 14, 6, 15.75], "texture": "#0"},
				"south": {"uv": [0, 14, 6, 15.75], "texture": "#0"},
				"west": {"uv": [0, 14, 6, 15.75], "texture": "#0"},
				"up": {"uv": [0, 14, 6, 15.75], "texture": "#0"},
				"down": {"uv": [0, 14, 6, 15.75], "texture": "#0"}
			}
		},
		{
			"from": [5, 2.75, 8],
			"to": [11, 8, 11],
			"faces": {
				"north": {"uv": [0, 0, 6, 5.25], "texture": "#0"},
				"east": {"uv": [0, 0, 3, 5.25], "texture": "#0"},
				"south": {"uv": [0, 0, 3, 5.25], "texture": "#0"},
				"west": {"uv": [0, 0, 3, 5.25], "texture": "#0"},
				"up": {"uv": [0, 0, 3, 5.25], "texture": "#0"},
				"down": {"uv": [0, 0, 3, 5.25], "texture": "#0"}
			}
		},
		{
			"from": [5, 2.75, 5],
			"to": [11, 4.5, 8],
			"faces": {
				"north": {"uv": [0, 0, 6, 1.75], "texture": "#0"},
				"east": {"uv": [0, 0, 3, 1.75], "texture": "#0"},
				"south": {"uv": [0, 0, 3, 1.75], "texture": "#0"},
				"west": {"uv": [0, 0, 3, 1.75], "texture": "#0"},
				"up": {"uv": [0, 0, 3, 1.75], "texture": "#0"},
				"down": {"uv": [0, 0, 3, 1.75], "texture": "#0"}
			}
		},
		{
			"from": [5, 6.25, 5],
			"to": [11, 8, 8],
			"faces": {
				"north": {"uv": [0, 0, 6, 1.75], "texture": "#0"},
				"east": {"uv": [0, 0, 3, 1.75], "texture": "#0"},
				"south": {"uv": [0, 0, 3, 1.75], "texture": "#0"},
				"west": {"uv": [0, 0, 3, 1.75], "texture": "#0"},
				"up": {"uv": [0, 0, 3, 1.75], "texture": "#0"},
				"down": {"uv": [0, 0, 3, 1.75], "texture": "#0"}
			}
		},
		{
			"from": [10.25, 4.5, 5],
			"to": [11, 6.25, 8],
			"faces": {
				"north": {"uv": [0, 0, 0.75, 1.75], "texture": "#0"},
				"east": {"uv": [0, 0, 3, 1.75], "texture": "#0"},
				"south": {"uv": [0, 0, 3, 1.75], "texture": "#0"},
				"west": {"uv": [0, 0, 3, 1.75], "texture": "#0"},
				"up": {"uv": [0, 0, 3, 1.75], "texture": "#0"},
				"down": {"uv": [0, 0, 3, 1.75], "texture": "#0"}
			}
		},
		{
			"from": [5, 4.5, 5],
			"to": [5.75, 6.25, 8],
			"faces": {
				"north": {"uv": [0, 0, 0.75, 1.75], "texture": "#0"},
				"east": {"uv": [0, 0, 3, 1.75], "texture": "#0"},
				"south": {"uv": [0, 0, 3, 1.75], "texture": "#0"},
				"west": {"uv": [0, 0, 3, 1.75], "texture": "#0"},
				"up": {"uv": [0, 0, 3, 1.75], "texture": "#0"},
				"down": {"uv": [0, 0, 3, 1.75], "texture": "#0"}
			}
		},
		{
			"from": [7.5, 4.5, 5],
			"to": [8.5, 6.25, 8],
			"faces": {
				"north": {"uv": [0, 0, 1, 1.75], "texture": "#0"},
				"east": {"uv": [0, 0, 3, 1.75], "texture": "#0"},
				"south": {"uv": [0, 0, 3, 1.75], "texture": "#0"},
				"west": {"uv": [0, 0, 3, 1.75], "texture": "#0"},
				"up": {"uv": [0, 0, 3, 1.75], "texture": "#0"},
				"down": {"uv": [0, 0, 3, 1.75], "texture": "#0"}
			}
		},
		{
			"from": [11, 2.75, 5],
			"to": [11.5, 6, 11],
			"faces": {
				"north": {"uv": [0, 0, 0.5, 3.25], "texture": "#0"},
				"east": {"uv": [0, 0, 6, 3.25], "texture": "#0"},
				"south": {"uv": [0, 0, 6, 3.25], "texture": "#0"},
				"west": {"uv": [0, 0, 6, 3.25], "texture": "#0"},
				"up": {"uv": [0, 0, 6, 3.25], "texture": "#0"},
				"down": {"uv": [0, 0, 6, 3.25], "texture": "#0"}
			}
		},
		{
			"from": [4.5, 2.75, 5],
			"to": [5, 6, 11],
			"faces": {
				"north": {"uv": [0, 0, 0.5, 3.25], "texture": "#0"},
				"east": {"uv": [0, 0, 6, 3.25], "texture": "#0"},
				"south": {"uv": [0, 0, 6, 3.25], "texture": "#0"},
				"west": {"uv": [0, 0, 6, 3.25], "texture": "#0"},
				"up": {"uv": [0, 0, 6, 3.25], "texture": "#0"},
				"down": {"uv": [0, 0, 6, 3.25], "texture": "#0"}
			}
		}
	],
	"display": {
		"thirdperson_righthand": {
			"translation": [0, 1.5, 0]
		},
		"ground": {
			"translation": [0, 3, 0]
		},
		"gui": {
			"rotation": [0, -180, 0],
			"scale": [1.09, 1.09, 1.09]
		},
		"head": {
			"translation": [0, 9.5, 0],
			"scale": [2.14, 2.14, 2.14]
		},
		"fixed": {
			"translation": [0, 0.75, -1.5]
		}
	},
	"groups": [
		{
			"name": "group",
			"origin": [8, 8, 8],
			"color": 0,
			"children": [
				{
					"name": "group",
					"origin": [0, 0, 0],
					"color": 0,
					"children": [0, 1, 2, 3, 4]
				},
				{
					"name": "group",
					"origin": [0, 0, 0],
					"color": 0,
					"children": [5, 6, 7, 8, 9]
				},
				{
					"name": "group",
					"origin": [0, 0, 0],
					"color": 0,
					"children": [10, 11, 12]
				},
				{
					"name": "group",
					"origin": [8, 8, 8],
					"color": 0,
					"children": [
						13,
						14,
						{
							"name": "group",
							"origin": [8, 8, 8],
							"color": 0,
							"children": [15, 16, 17, 18, 19, 20, 21, 22, 23, 24]
						}
					]
				},
				{
					"name": "group",
					"origin": [8, 8, 8],
					"color": 0,
					"children": [25, 26, 27]
				},
				{
					"name": "group",
					"origin": [8, 8, 8],
					"color": 0,
					"children": [28, 29]
				},
				{
					"name": "group",
					"origin": [0, 0, 0],
					"color": 0,
					"children": [30, 31, 32]
				},
				{
					"name": "group",
					"origin": [8, 8, 8],
					"color": 0,
					"children": [
						{
							"name": "group",
							"origin": [0, 0, 0],
							"color": 0,
							"children": [33]
						},
						{
							"name": "group",
							"origin": [8, 8, 8],
							"color": 0,
							"children": [34, 35, 36, 37, 38, 39, 40, 41]
						}
					]
				}
			]
		}
	]
}