{
	"credit": "Made with Blockbench",
	"textures": {
		"0": "./wfoxy",
		"particle": "./wfoxy"
	},
	"elements": [
		{
			"from": [10.5, 1.5, 5],
			"to": [11, 6, 11],
			"faces": {
				"north": {"uv": [0, 0, 0.5, 4.5], "texture": "#0"},
				"east": {"uv": [0, 0, 6, 4.5], "texture": "#0"},
				"south": {"uv": [0, 0, 0.5, 4.5], "texture": "#0"},
				"west": {"uv": [0, 0, 6, 4.5], "texture": "#0"},
				"up": {"uv": [0, 0, 0.5, 6], "texture": "#0"},
				"down": {"uv": [0, 0, 0.5, 6], "texture": "#0"}
			}
		},
		{
			"from": [5, 1.5, 5],
			"to": [5.5, 4.5, 11],
			"faces": {
				"north": {"uv": [0, 0, 0.5, 3], "texture": "#0"},
				"east": {"uv": [0, 0, 6, 3], "texture": "#0"},
				"south": {"uv": [0, 0, 0.5, 3], "texture": "#0"},
				"west": {"uv": [0, 0, 6, 3], "texture": "#0"},
				"up": {"uv": [0, 0, 0.5, 6], "texture": "#0"},
				"down": {"uv": [0, 0, 0.5, 6], "texture": "#0"}
			}
		},
		{
			"from": [6.75, 1.5, 10.5],
			"to": [10.5, 6, 11],
			"faces": {
				"north": {"uv": [0, 0, 3.75, 4.5], "texture": "#0"},
				"east": {"uv": [0, 0, 0.5, 4.5], "texture": "#0"},
				"south": {"uv": [0, 0, 3.75, 4.5], "texture": "#0"},
				"west": {"uv": [0, 0, 0.5, 4.5], "texture": "#0"},
				"up": {"uv": [0, 0, 3.75, 0.5], "texture": "#0"},
				"down": {"uv": [0, 0, 3.75, 0.5], "texture": "#0"}
			}
		},
		{
			"from": [5.5, 1.5, 10.5],
			"to": [6.75, 5.25, 11],
			"faces": {
				"north": {"uv": [0, 0, 1.25, 3.75], "texture": "#0"},
				"east": {"uv": [0, 0, 0.5, 3.75], "texture": "#0"},
				"south": {"uv": [0, 0, 1.25, 3.75], "texture": "#0"},
				"west": {"uv": [0, 0, 0.5, 3.75], "texture": "#0"},
				"up": {"uv": [0, 0, 1.25, 0.5], "texture": "#0"},
				"down": {"uv": [0, 0, 1.25, 0.5], "texture": "#0"}
			}
		},
		{
			"from": [6.75, 5, 5],
			"to": [10.5, 6, 5.5],
			"faces": {
				"north": {"uv": [0, 0, 3.75, 1], "texture": "#0"},
				"east": {"uv": [0, 0, 0.5, 1], "texture": "#0"},
				"south": {"uv": [0, 0, 3.75, 1], "texture": "#0"},
				"west": {"uv": [0, 0, 0.5, 1], "texture": "#0"},
				"up": {"uv": [0, 0, 3.75, 0.5], "texture": "#0"},
				"down": {"uv": [0, 0, 3.75, 0.5], "texture": "#0"}
			}
		},
		{
			"from": [6.75, 1.5, 1.75],
			"to": [9.5, 2.75, 5],
			"faces": {
				"north": {"uv": [13.25, 0, 16, 1.25], "texture": "#0"},
				"east": {"uv": [12.75, 0, 16, 1.25], "texture": "#0"},
				"south": {"uv": [13.25, 0, 16, 1.25], "texture": "#0"},
				"west": {"uv": [12.75, 0, 16, 1.25], "texture": "#0"},
				"up": {"uv": [13.25, 0, 16, 3.25], "texture": "#0"},
				"down": {"uv": [13.25, 0, 16, 3.25], "texture": "#0"}
			}
		},
		{
			"from": [5.5, 1.5, 5],
			"to": [10.5, 2.75, 5.5],
			"faces": {
				"north": {"uv": [0, 0, 5, 1.25], "texture": "#0"},
				"east": {"uv": [0, 0, 0.5, 1.25], "texture": "#0"},
				"south": {"uv": [0, 0, 5, 1.25], "texture": "#0"},
				"west": {"uv": [0, 0, 0.5, 1.25], "texture": "#0"},
				"up": {"uv": [0, 0, 5, 0.5], "texture": "#0"},
				"down": {"uv": [0, 0, 5, 0.5], "texture": "#0"}
			}
		},
		{
			"from": [7.25, 2.75, 5],
			"to": [8.75, 4.25, 5.5],
			"faces": {
				"north": {"uv": [0, 0, 1.5, 1.5], "texture": "#0"},
				"east": {"uv": [0, 0, 0.5, 1.5], "texture": "#0"},
				"south": {"uv": [0, 0, 1.5, 1.5], "texture": "#0"},
				"west": {"uv": [0, 0, 0.5, 1.5], "texture": "#0"},
				"up": {"uv": [0, 0, 1.5, 0.5], "texture": "#0"},
				"down": {"uv": [0, 0, 1.5, 0.5], "texture": "#0"}
			}
		},
		{
			"from": [5.5, 4.25, 5],
			"to": [10.5, 5, 5.5],
			"faces": {
				"north": {"uv": [0, 0, 5, 0.75], "texture": "#0"},
				"east": {"uv": [0, 0, 0.5, 0.75], "texture": "#0"},
				"south": {"uv": [0, 0, 5, 0.75], "texture": "#0"},
				"west": {"uv": [0, 0, 0.5, 0.75], "texture": "#0"},
				"up": {"uv": [0, 0, 5, 0.5], "texture": "#0"},
				"down": {"uv": [0, 0, 5, 0.5], "texture": "#0"}
			}
		},
		{
			"from": [5.5, 3.75, 5.25],
			"to": [7.25, 4.5, 5.5],
			"faces": {
				"north": {"uv": [14.25, 0.5, 16, 1.25], "texture": "#0"},
				"east": {"uv": [0, 0, 0.25, 0.75], "texture": "#0"},
				"south": {"uv": [14, 1, 15.75, 1.75], "texture": "#0"},
				"west": {"uv": [0, 0, 0.25, 0.75], "texture": "#0"},
				"up": {"uv": [0, 0, 1.75, 0.25], "texture": "#0"},
				"down": {"uv": [14, 2.5, 15.75, 2.75], "texture": "#0"}
			}
		},
		{
			"from": [6.75, 5.75, 5.5],
			"to": [10.5, 6, 10.5],
			"faces": {
				"north": {"uv": [0, 0, 3.75, 0.25], "texture": "#0"},
				"east": {"uv": [0, 0, 5, 0.25], "texture": "#0"},
				"south": {"uv": [0, 0, 3.75, 0.25], "texture": "#0"},
				"west": {"uv": [0, 0, 5, 0.25], "texture": "#0"},
				"up": {"uv": [0, 0, 3.75, 5], "texture": "#0"},
				"down": {"uv": [0, 0, 3.75, 5], "texture": "#0"}
			}
		},
		{
			"from": [7.5, 1.75, 6],
			"to": [8.5, 5.25, 10],
			"faces": {
				"north": {"uv": [12, 12.5, 13, 16], "texture": "#0"},
				"east": {"uv": [12, 12.5, 16, 16], "texture": "#0"},
				"south": {"uv": [12, 12.5, 13, 16], "texture": "#0"},
				"west": {"uv": [12, 12.5, 16, 16], "texture": "#0"},
				"up": {"uv": [12, 12.5, 13, 16.5], "texture": "#0"},
				"down": {"uv": [12, 12.5, 13, 16.5], "texture": "#0"}
			}
		},
		{
			"from": [7.5, 0.5, 7.5],
			"to": [8.5, 1.75, 10],
			"faces": {
				"north": {"uv": [12, 12.5, 13, 13.75], "texture": "#0"},
				"east": {"uv": [12, 12.5, 14.5, 13.75], "texture": "#0"},
				"south": {"uv": [12, 12.5, 13, 13.75], "texture": "#0"},
				"west": {"uv": [12, 12.5, 14.5, 13.75], "texture": "#0"},
				"up": {"uv": [12, 12.5, 13, 15], "texture": "#0"},
				"down": {"uv": [12, 12.5, 13, 15], "texture": "#0"}
			}
		},
		{
			"from": [6.75, 0.5, 5],
			"to": [9.25, 0.75, 7.5],
			"faces": {
				"north": {"uv": [12, 12.5, 14.5, 12.75], "texture": "#0"},
				"east": {"uv": [12, 12.5, 14.5, 12.75], "texture": "#0"},
				"south": {"uv": [12, 12.5, 14.5, 12.75], "texture": "#0"},
				"west": {"uv": [12, 12.5, 14.5, 12.75], "texture": "#0"},
				"up": {"uv": [12, 12.5, 14.5, 15], "texture": "#0"},
				"down": {"uv": [12, 12.5, 14.5, 15], "texture": "#0"}
			}
		},
		{
			"from": [6.75, 1.5, 5.5],
			"to": [9.25, 1.75, 7.5],
			"faces": {
				"north": {"uv": [12, 12.5, 14.5, 12.75], "texture": "#0"},
				"east": {"uv": [12, 12.5, 14, 12.75], "texture": "#0"},
				"south": {"uv": [12, 12.5, 14.5, 12.75], "texture": "#0"},
				"west": {"uv": [12, 12.5, 14, 12.75], "texture": "#0"},
				"up": {"uv": [12, 12.5, 14.5, 14.5], "texture": "#0"},
				"down": {"uv": [12, 12.5, 14.5, 14.5], "texture": "#0"}
			}
		},
		{
			"from": [6.75, 2.25, 5.5],
			"to": [9.25, 2.5, 9.25],
			"faces": {
				"north": {"uv": [12, 12.5, 14.5, 12.75], "texture": "#0"},
				"east": {"uv": [12, 12.5, 15.75, 12.75], "texture": "#0"},
				"south": {"uv": [12, 12.5, 14.5, 12.75], "texture": "#0"},
				"west": {"uv": [12, 12.5, 15.75, 12.75], "texture": "#0"},
				"up": {"uv": [12, 12.5, 14.5, 16.25], "texture": "#0"},
				"down": {"uv": [12, 12.5, 14.5, 16.25], "texture": "#0"}
			}
		},
		{
			"from": [6.75, 4.25, 5.5],
			"to": [9.25, 4.5, 9.25],
			"faces": {
				"north": {"uv": [12, 12.5, 14.5, 12.75], "texture": "#0"},
				"east": {"uv": [12, 12.5, 15.75, 12.75], "texture": "#0"},
				"south": {"uv": [12, 12.5, 14.5, 12.75], "texture": "#0"},
				"west": {"uv": [12, 12.5, 15.75, 12.75], "texture": "#0"},
				"up": {"uv": [12, 12.5, 14.5, 16.25], "texture": "#0"},
				"down": {"uv": [12, 12.5, 14.5, 16.25], "texture": "#0"}
			}
		},
		{
			"from": [6.75, 2.5, 5.75],
			"to": [9.25, 4.25, 6.75],
			"faces": {
				"north": {"uv": [12, 12.5, 14.5, 14.25], "texture": "#0"},
				"east": {"uv": [12, 12.5, 13, 14.25], "texture": "#0"},
				"south": {"uv": [12, 12.5, 14.5, 14.25], "texture": "#0"},
				"west": {"uv": [12, 12.5, 13, 14.25], "texture": "#0"},
				"up": {"uv": [12, 12.5, 14.5, 13.5], "texture": "#0"},
				"down": {"uv": [12, 12.5, 14.5, 13.5], "texture": "#0"}
			}
		},
		{
			"from": [8.5, 1.25, 5.5],
			"to": [9, 1.5, 5.75],
			"faces": {
				"north": {"uv": [12, 12.5, 12.5, 12.75], "texture": "#0"},
				"east": {"uv": [12, 12.5, 12.25, 12.75], "texture": "#0"},
				"south": {"uv": [12, 12.5, 12.5, 12.75], "texture": "#0"},
				"west": {"uv": [12, 12.5, 12.25, 12.75], "texture": "#0"},
				"up": {"uv": [12, 12.5, 12.5, 12.75], "texture": "#0"},
				"down": {"uv": [12, 12.5, 12.5, 12.75], "texture": "#0"}
			}
		},
		{
			"from": [8.5, 0.75, 5.5],
			"to": [9, 1, 5.75],
			"faces": {
				"north": {"uv": [12, 12.5, 12.5, 12.75], "texture": "#0"},
				"east": {"uv": [12, 12.5, 12.25, 12.75], "texture": "#0"},
				"south": {"uv": [12, 12.5, 12.5, 12.75], "texture": "#0"},
				"west": {"uv": [12, 12.5, 12.25, 12.75], "texture": "#0"},
				"up": {"uv": [12, 12.5, 12.5, 12.75], "texture": "#0"},
				"down": {"uv": [12, 12.5, 12.5, 12.75], "texture": "#0"}
			}
		},
		{
			"from": [7, 1.25, 5.5],
			"to": [7.5, 1.5, 5.75],
			"faces": {
				"north": {"uv": [12, 12.5, 12.5, 12.75], "texture": "#0"},
				"east": {"uv": [12, 12.5, 12.25, 12.75], "texture": "#0"},
				"south": {"uv": [12, 12.5, 12.5, 12.75], "texture": "#0"},
				"west": {"uv": [12, 12.5, 12.25, 12.75], "texture": "#0"},
				"up": {"uv": [12, 12.5, 12.5, 12.75], "texture": "#0"},
				"down": {"uv": [12, 12.5, 12.5, 12.75], "texture": "#0"}
			}
		},
		{
			"from": [7, 0.75, 5.5],
			"to": [7.5, 1, 5.75],
			"faces": {
				"north": {"uv": [12, 12.5, 12.5, 12.75], "texture": "#0"},
				"east": {"uv": [12, 12.5, 12.25, 12.75], "texture": "#0"},
				"south": {"uv": [12, 12.5, 12.5, 12.75], "texture": "#0"},
				"west": {"uv": [12, 12.5, 12.25, 12.75], "texture": "#0"},
				"up": {"uv": [12, 12.5, 12.5, 12.75], "texture": "#0"},
				"down": {"uv": [12, 12.5, 12.5, 12.75], "texture": "#0"}
			}
		},
		{
			"from": [7, 1.25, 6],
			"to": [7.25, 1.5, 6.5],
			"faces": {
				"north": {"uv": [12, 12.5, 12.25, 12.75], "texture": "#0"},
				"east": {"uv": [12, 12.5, 12.5, 12.75], "texture": "#0"},
				"south": {"uv": [12, 12.5, 12.25, 12.75], "texture": "#0"},
				"west": {"uv": [12, 12.5, 12.5, 12.75], "texture": "#0"},
				"up": {"uv": [12, 12.5, 12.25, 13], "texture": "#0"},
				"down": {"uv": [12, 12.5, 12.25, 13], "texture": "#0"}
			}
		},
		{
			"from": [7, 0.75, 6],
			"to": [7.25, 1, 6.5],
			"faces": {
				"north": {"uv": [12, 12.5, 12.25, 12.75], "texture": "#0"},
				"east": {"uv": [12, 12.5, 12.5, 12.75], "texture": "#0"},
				"south": {"uv": [12, 12.5, 12.25, 12.75], "texture": "#0"},
				"west": {"uv": [12, 12.5, 12.5, 12.75], "texture": "#0"},
				"up": {"uv": [12, 12.5, 12.25, 13], "texture": "#0"},
				"down": {"uv": [12, 12.5, 12.25, 13], "texture": "#0"}
			}
		},
		{
			"from": [8.75, 1.25, 6],
			"to": [9, 1.5, 6.5],
			"faces": {
				"north": {"uv": [12, 12.5, 12.25, 12.75], "texture": "#0"},
				"east": {"uv": [12, 12.5, 12.5, 12.75], "texture": "#0"},
				"south": {"uv": [12, 12.5, 12.25, 12.75], "texture": "#0"},
				"west": {"uv": [12, 12.5, 12.5, 12.75], "texture": "#0"},
				"up": {"uv": [12, 12.5, 12.25, 13], "texture": "#0"},
				"down": {"uv": [12, 12.5, 12.25, 13], "texture": "#0"}
			}
		},
		{
			"from": [8.75, 0.75, 6],
			"to": [9, 1, 6.5],
			"faces": {
				"north": {"uv": [12, 12.5, 12.25, 12.75], "texture": "#0"},
				"east": {"uv": [12, 12.5, 12.5, 12.75], "texture": "#0"},
				"south": {"uv": [12, 12.5, 12.25, 12.75], "texture": "#0"},
				"west": {"uv": [12, 12.5, 12.5, 12.75], "texture": "#0"},
				"up": {"uv": [12, 12.5, 12.25, 13], "texture": "#0"},
				"down": {"uv": [12, 12.5, 12.25, 13], "texture": "#0"}
			}
		},
		{
			"from": [7.75, 1.25, 5.5],
			"to": [8.25, 1.5, 5.75],
			"faces": {
				"north": {"uv": [12, 12.5, 12.5, 12.75], "texture": "#0"},
				"east": {"uv": [12, 12.5, 12.25, 12.75], "texture": "#0"},
				"south": {"uv": [12, 12.5, 12.5, 12.75], "texture": "#0"},
				"west": {"uv": [12, 12.5, 12.25, 12.75], "texture": "#0"},
				"up": {"uv": [12, 12.5, 12.5, 12.75], "texture": "#0"},
				"down": {"uv": [12, 12.5, 12.5, 12.75], "texture": "#0"}
			}
		},
		{
			"from": [7.75, 0.75, 5.5],
			"to": [8.25, 1, 5.75],
			"faces": {
				"north": {"uv": [12, 12.5, 12.5, 12.75], "texture": "#0"},
				"east": {"uv": [12, 12.5, 12.25, 12.75], "texture": "#0"},
				"south": {"uv": [12, 12.5, 12.5, 12.75], "texture": "#0"},
				"west": {"uv": [12, 12.5, 12.25, 12.75], "texture": "#0"},
				"up": {"uv": [12, 12.5, 12.5, 12.75], "texture": "#0"},
				"down": {"uv": [12, 12.5, 12.5, 12.75], "texture": "#0"}
			}
		},
		{
			"from": [7, 0, 2],
			"to": [9.25, 0.5, 5],
			"faces": {
				"north": {"uv": [13.75, 0, 16, 0.5], "texture": "#0"},
				"east": {"uv": [13, 0, 16, 0.5], "texture": "#0"},
				"south": {"uv": [13.75, 0, 16, 0.5], "texture": "#0"},
				"west": {"uv": [13, 0, 16, 0.5], "texture": "#0"},
				"up": {"uv": [13.75, 0, 16, 3], "texture": "#0"},
				"down": {"uv": [13.75, 0, 16, 3], "texture": "#0"}
			}
		},
		{
			"from": [5.75, 0, 5],
			"to": [10.25, 0.5, 9.25],
			"faces": {
				"north": {"uv": [0, 0, 4.5, 0.5], "texture": "#0"},
				"east": {"uv": [0, 0, 4.25, 0.5], "texture": "#0"},
				"south": {"uv": [0, 0, 4.5, 0.5], "texture": "#0"},
				"west": {"uv": [0, 0, 4.25, 0.5], "texture": "#0"},
				"up": {"uv": [0, 0, 4.5, 4.25], "texture": "#0"},
				"down": {"uv": [0, 0, 4.5, 4.25], "texture": "#0"}
			}
		},
		{
			"from": [5.75, 0, 9.25],
			"to": [10.25, 0.75, 10.5],
			"faces": {
				"north": {"uv": [0, 0, 4.5, 0.75], "texture": "#0"},
				"east": {"uv": [0, 0, 1.25, 0.75], "texture": "#0"},
				"south": {"uv": [0, 0, 4.5, 0.75], "texture": "#0"},
				"west": {"uv": [0, 0, 1.25, 0.75], "texture": "#0"},
				"up": {"uv": [0, 0, 4.5, 1.25], "texture": "#0"},
				"down": {"uv": [0, 0, 4.5, 1.25], "texture": "#0"}
			}
		},
		{
			"from": [5.75, 2.75, 5.5],
			"to": [7, 4, 6.5],
			"faces": {
				"north": {"uv": [14.125, 4.125, 15.875, 5.875], "texture": "#0"},
				"east": {"uv": [14.75, 6, 16, 7.25], "texture": "#0"},
				"south": {"uv": [14.75, 6, 16, 7.25], "texture": "#0"},
				"west": {"uv": [14.75, 6, 16, 7.25], "texture": "#0"},
				"up": {"uv": [14.75, 6, 16, 7.25], "texture": "#0"},
				"down": {"uv": [14.75, 6, 16, 7.25], "texture": "#0"}
			}
		},
		{
			"from": [7.5, 2.25, 1.5],
			"to": [8.75, 3, 2.25],
			"faces": {
				"north": {"uv": [0, 14.5, 1.25, 15.25], "texture": "#0"},
				"east": {"uv": [0, 14.5, 0.75, 15.25], "texture": "#0"},
				"south": {"uv": [0, 14.5, 1.25, 15.25], "texture": "#0"},
				"west": {"uv": [0, 14.5, 0.75, 15.25], "texture": "#0"},
				"up": {"uv": [0, 14.5, 1.25, 15.25], "texture": "#0"},
				"down": {"uv": [0, 14.5, 1.25, 15.25], "texture": "#0"}
			}
		},
		{
			"from": [8.75, 2.75, 4.75],
			"to": [10.5, 4.25, 5.5],
			"faces": {
				"north": {"uv": [0, 14.5, 1.75, 16], "texture": "#0"},
				"east": {"uv": [0, 14.5, 0.75, 16], "texture": "#0"},
				"south": {"uv": [0, 14.5, 1.75, 16], "texture": "#0"},
				"west": {"uv": [0, 14.5, 0.75, 16], "texture": "#0"},
				"up": {"uv": [0, 14.5, 1.75, 15.25], "texture": "#0"},
				"down": {"uv": [0, 14.5, 1.75, 15.25], "texture": "#0"}
			}
		},
		{
			"from": [7.25, 2.75, 4.75],
			"to": [8.75, 3.5, 5],
			"faces": {
				"north": {"uv": [0, 14.5, 1.5, 15.25], "texture": "#0"},
				"east": {"uv": [0, 14.5, 0.25, 15.25], "texture": "#0"},
				"south": {"uv": [0, 14.5, 1.5, 15.25], "texture": "#0"},
				"west": {"uv": [0, 14.5, 0.25, 15.25], "texture": "#0"},
				"up": {"uv": [0, 14.5, 1.5, 14.75], "texture": "#0"},
				"down": {"uv": [0, 14.5, 1.5, 14.75], "texture": "#0"}
			}
		},
		{
			"from": [10.5, 2.75, 4.75],
			"to": [11.25, 3.5, 5.25],
			"faces": {
				"north": {"uv": [0, 14.5, 1, 15.25], "texture": "#0"},
				"east": {"uv": [0, 14.5, 0.5, 15.25], "texture": "#0"},
				"south": {"uv": [0, 14.5, 1, 15.25], "texture": "#0"},
				"west": {"uv": [0, 14.5, 0.5, 15.25], "texture": "#0"},
				"up": {"uv": [0, 14.5, 1, 15], "texture": "#0"},
				"down": {"uv": [0, 14.5, 1, 15], "texture": "#0"}
			}
		},
		{
			"from": [9, 1, 2],
			"to": [9.25, 2, 2.25],
			"faces": {
				"north": {"uv": [2.5, 8.5, 2.75, 9.5], "texture": "#0"},
				"east": {"uv": [2.5, 8.5, 2.75, 9.5], "texture": "#0"},
				"south": {"uv": [2.5, 8.5, 2.75, 9.5], "texture": "#0"},
				"west": {"uv": [2.5, 8.5, 2.75, 9.5], "texture": "#0"},
				"up": {"uv": [2.5, 8.5, 2.75, 9.5], "texture": "#0"},
				"down": {"uv": [2.5, 8.5, 2.75, 9.5], "texture": "#0"}
			}
		},
		{
			"from": [8.5, 1, 2],
			"to": [8.75, 2, 2.25],
			"faces": {
				"north": {"uv": [2.5, 8.5, 2.75, 9.5], "texture": "#0"},
				"east": {"uv": [2.5, 8.5, 2.75, 9.5], "texture": "#0"},
				"south": {"uv": [2.5, 8.5, 2.75, 9.5], "texture": "#0"},
				"west": {"uv": [2.5, 8.5, 2.75, 9.5], "texture": "#0"},
				"up": {"uv": [2.5, 8.5, 2.75, 9.5], "texture": "#0"},
				"down": {"uv": [2.5, 8.5, 2.75, 9.5], "texture": "#0"}
			}
		},
		{
			"from": [8.5, 0.5, 2.25],
			"to": [8.75, 0.75, 2.5],
			"faces": {
				"north": {"uv": [2.5, 8.5, 2.75, 8.75], "texture": "#0"},
				"east": {"uv": [2.5, 8.5, 2.75, 8.75], "texture": "#0"},
				"south": {"uv": [2.5, 8.5, 2.75, 8.75], "texture": "#0"},
				"west": {"uv": [2.5, 8.5, 2.75, 8.75], "texture": "#0"},
				"up": {"uv": [2.5, 8.5, 2.75, 8.75], "texture": "#0"},
				"down": {"uv": [2.5, 8.5, 2.75, 8.75], "texture": "#0"}
			}
		},
		{
			"from": [7.5, 0.5, 2.25],
			"to": [7.75, 0.75, 2.5],
			"faces": {
				"north": {"uv": [2.5, 8.5, 2.75, 8.75], "texture": "#0"},
				"east": {"uv": [2.5, 8.5, 2.75, 8.75], "texture": "#0"},
				"south": {"uv": [2.5, 8.5, 2.75, 8.75], "texture": "#0"},
				"west": {"uv": [2.5, 8.5, 2.75, 8.75], "texture": "#0"},
				"up": {"uv": [2.5, 8.5, 2.75, 8.75], "texture": "#0"},
				"down": {"uv": [2.5, 8.5, 2.75, 8.75], "texture": "#0"}
			}
		},
		{
			"from": [7.25, 0.5, 2.75],
			"to": [7.5, 0.75, 3],
			"faces": {
				"north": {"uv": [2.5, 8.5, 2.75, 8.75], "texture": "#0"},
				"east": {"uv": [2.5, 8.5, 2.75, 8.75], "texture": "#0"},
				"south": {"uv": [2.5, 8.5, 2.75, 8.75], "texture": "#0"},
				"west": {"uv": [2.5, 8.5, 2.75, 8.75], "texture": "#0"},
				"up": {"uv": [2.5, 8.5, 2.75, 8.75], "texture": "#0"},
				"down": {"uv": [2.5, 8.5, 2.75, 8.75], "texture": "#0"}
			}
		},
		{
			"from": [8.75, 0.5, 2.75],
			"to": [9, 0.75, 3],
			"faces": {
				"north": {"uv": [2.5, 8.5, 2.75, 8.75], "texture": "#0"},
				"east": {"uv": [2.5, 8.5, 2.75, 8.75], "texture": "#0"},
				"south": {"uv": [2.5, 8.5, 2.75, 8.75], "texture": "#0"},
				"west": {"uv": [2.5, 8.5, 2.75, 8.75], "texture": "#0"},
				"up": {"uv": [2.5, 8.5, 2.75, 8.75], "texture": "#0"},
				"down": {"uv": [2.5, 8.5, 2.75, 8.75], "texture": "#0"}
			}
		},
		{
			"from": [8.75, 0.5, 3.25],
			"to": [9, 0.75, 3.5],
			"faces": {
				"north": {"uv": [2.5, 8.5, 2.75, 8.75], "texture": "#0"},
				"east": {"uv": [2.5, 8.5, 2.75, 8.75], "texture": "#0"},
				"south": {"uv": [2.5, 8.5, 2.75, 8.75], "texture": "#0"},
				"west": {"uv": [2.5, 8.5, 2.75, 8.75], "texture": "#0"},
				"up": {"uv": [2.5, 8.5, 2.75, 8.75], "texture": "#0"},
				"down": {"uv": [2.5, 8.5, 2.75, 8.75], "texture": "#0"}
			}
		},
		{
			"from": [8.75, 0.5, 3.75],
			"to": [9, 0.75, 4],
			"faces": {
				"north": {"uv": [2.5, 8.5, 2.75, 8.75], "texture": "#0"},
				"east": {"uv": [2.5, 8.5, 2.75, 8.75], "texture": "#0"},
				"south": {"uv": [2.5, 8.5, 2.75, 8.75], "texture": "#0"},
				"west": {"uv": [2.5, 8.5, 2.75, 8.75], "texture": "#0"},
				"up": {"uv": [2.5, 8.5, 2.75, 8.75], "texture": "#0"},
				"down": {"uv": [2.5, 8.5, 2.75, 8.75], "texture": "#0"}
			}
		},
		{
			"from": [7.25, 0.5, 3.25],
			"to": [7.5, 0.75, 3.5],
			"faces": {
				"north": {"uv": [2.5, 8.5, 2.75, 8.75], "texture": "#0"},
				"east": {"uv": [2.5, 8.5, 2.75, 8.75], "texture": "#0"},
				"south": {"uv": [2.5, 8.5, 2.75, 8.75], "texture": "#0"},
				"west": {"uv": [2.5, 8.5, 2.75, 8.75], "texture": "#0"},
				"up": {"uv": [2.5, 8.5, 2.75, 8.75], "texture": "#0"},
				"down": {"uv": [2.5, 8.5, 2.75, 8.75], "texture": "#0"}
			}
		},
		{
			"from": [7.25, 0.5, 3.75],
			"to": [7.5, 0.75, 4],
			"faces": {
				"north": {"uv": [2.5, 8.5, 2.75, 8.75], "texture": "#0"},
				"east": {"uv": [2.5, 8.5, 2.75, 8.75], "texture": "#0"},
				"south": {"uv": [2.5, 8.5, 2.75, 8.75], "texture": "#0"},
				"west": {"uv": [2.5, 8.5, 2.75, 8.75], "texture": "#0"},
				"up": {"uv": [2.5, 8.5, 2.75, 8.75], "texture": "#0"},
				"down": {"uv": [2.5, 8.5, 2.75, 8.75], "texture": "#0"}
			}
		},
		{
			"from": [7.5, 1, 2],
			"to": [7.75, 2, 2.25],
			"faces": {
				"north": {"uv": [2.5, 8.5, 2.75, 9.5], "texture": "#0"},
				"east": {"uv": [2.5, 8.5, 2.75, 9.5], "texture": "#0"},
				"south": {"uv": [2.5, 8.5, 2.75, 9.5], "texture": "#0"},
				"west": {"uv": [2.5, 8.5, 2.75, 9.5], "texture": "#0"},
				"up": {"uv": [2.5, 8.5, 2.75, 9.5], "texture": "#0"},
				"down": {"uv": [2.5, 8.5, 2.75, 9.5], "texture": "#0"}
			}
		},
		{
			"from": [7, 1, 2],
			"to": [7.25, 2, 2.25],
			"faces": {
				"north": {"uv": [2.5, 8.5, 2.75, 9.5], "texture": "#0"},
				"east": {"uv": [2.5, 8.5, 2.75, 9.5], "texture": "#0"},
				"south": {"uv": [2.5, 8.5, 2.75, 9.5], "texture": "#0"},
				"west": {"uv": [2.5, 8.5, 2.75, 9.5], "texture": "#0"},
				"up": {"uv": [2.5, 8.5, 2.75, 9.5], "texture": "#0"},
				"down": {"uv": [2.5, 8.5, 2.75, 9.5], "texture": "#0"}
			}
		},
		{
			"from": [7, 1, 2.5],
			"to": [7.25, 2, 2.75],
			"faces": {
				"north": {"uv": [2.5, 8.5, 2.75, 9.5], "texture": "#0"},
				"east": {"uv": [2.5, 8.5, 2.75, 9.5], "texture": "#0"},
				"south": {"uv": [2.5, 8.5, 2.75, 9.5], "texture": "#0"},
				"west": {"uv": [2.5, 8.5, 2.75, 9.5], "texture": "#0"},
				"up": {"uv": [2.5, 8.5, 2.75, 9.5], "texture": "#0"},
				"down": {"uv": [2.5, 8.5, 2.75, 9.5], "texture": "#0"}
			}
		},
		{
			"from": [7, 1, 3],
			"to": [7.25, 2, 3.25],
			"faces": {
				"north": {"uv": [2.5, 8.5, 2.75, 9.5], "texture": "#0"},
				"east": {"uv": [2.5, 8.5, 2.75, 9.5], "texture": "#0"},
				"south": {"uv": [2.5, 8.5, 2.75, 9.5], "texture": "#0"},
				"west": {"uv": [2.5, 8.5, 2.75, 9.5], "texture": "#0"},
				"up": {"uv": [2.5, 8.5, 2.75, 9.5], "texture": "#0"},
				"down": {"uv": [2.5, 8.5, 2.75, 9.5], "texture": "#0"}
			}
		},
		{
			"from": [7, 1, 3.5],
			"to": [7.25, 2, 3.75],
			"faces": {
				"north": {"uv": [2.5, 8.5, 2.75, 9.5], "texture": "#0"},
				"east": {"uv": [2.5, 8.5, 2.75, 9.5], "texture": "#0"},
				"south": {"uv": [2.5, 8.5, 2.75, 9.5], "texture": "#0"},
				"west": {"uv": [2.5, 8.5, 2.75, 9.5], "texture": "#0"},
				"up": {"uv": [2.5, 8.5, 2.75, 9.5], "texture": "#0"},
				"down": {"uv": [2.5, 8.5, 2.75, 9.5], "texture": "#0"}
			}
		},
		{
			"from": [7, 1, 4.25],
			"to": [7.25, 2, 4.5],
			"faces": {
				"north": {"uv": [2.5, 8.5, 2.75, 9.5], "texture": "#0"},
				"east": {"uv": [2.5, 8.5, 2.75, 9.5], "texture": "#0"},
				"south": {"uv": [2.5, 8.5, 2.75, 9.5], "texture": "#0"},
				"west": {"uv": [2.5, 8.5, 2.75, 9.5], "texture": "#0"},
				"up": {"uv": [2.5, 8.5, 2.75, 9.5], "texture": "#0"},
				"down": {"uv": [2.5, 8.5, 2.75, 9.5], "texture": "#0"}
			}
		},
		{
			"from": [9, 1, 4.25],
			"to": [9.25, 2, 4.5],
			"faces": {
				"north": {"uv": [2.5, 8.5, 2.75, 9.5], "texture": "#0"},
				"east": {"uv": [2.5, 8.5, 2.75, 9.5], "texture": "#0"},
				"south": {"uv": [2.5, 8.5, 2.75, 9.5], "texture": "#0"},
				"west": {"uv": [2.5, 8.5, 2.75, 9.5], "texture": "#0"},
				"up": {"uv": [2.5, 8.5, 2.75, 9.5], "texture": "#0"},
				"down": {"uv": [2.5, 8.5, 2.75, 9.5], "texture": "#0"}
			}
		},
		{
			"from": [9, 1, 3.5],
			"to": [9.25, 2, 3.75],
			"faces": {
				"north": {"uv": [2.5, 8.5, 2.75, 9.5], "texture": "#0"},
				"east": {"uv": [2.5, 8.5, 2.75, 9.5], "texture": "#0"},
				"south": {"uv": [2.5, 8.5, 2.75, 9.5], "texture": "#0"},
				"west": {"uv": [2.5, 8.5, 2.75, 9.5], "texture": "#0"},
				"up": {"uv": [2.5, 8.5, 2.75, 9.5], "texture": "#0"},
				"down": {"uv": [2.5, 8.5, 2.75, 9.5], "texture": "#0"}
			}
		},
		{
			"from": [9, 1, 3],
			"to": [9.25, 2, 3.25],
			"faces": {
				"north": {"uv": [2.5, 8.5, 2.75, 9.5], "texture": "#0"},
				"east": {"uv": [2.5, 8.5, 2.75, 9.5], "texture": "#0"},
				"south": {"uv": [2.5, 8.5, 2.75, 9.5], "texture": "#0"},
				"west": {"uv": [2.5, 8.5, 2.75, 9.5], "texture": "#0"},
				"up": {"uv": [2.5, 8.5, 2.75, 9.5], "texture": "#0"},
				"down": {"uv": [2.5, 8.5, 2.75, 9.5], "texture": "#0"}
			}
		},
		{
			"from": [9, 1, 2.5],
			"to": [9.25, 2, 2.75],
			"faces": {
				"north": {"uv": [2.5, 8.5, 2.75, 9.5], "texture": "#0"},
				"east": {"uv": [2.5, 8.5, 2.75, 9.5], "texture": "#0"},
				"south": {"uv": [2.5, 8.5, 2.75, 9.5], "texture": "#0"},
				"west": {"uv": [2.5, 8.5, 2.75, 9.5], "texture": "#0"},
				"up": {"uv": [2.5, 8.5, 2.75, 9.5], "texture": "#0"},
				"down": {"uv": [2.5, 8.5, 2.75, 9.5], "texture": "#0"}
			}
		},
		{
			"from": [11, 6, 8],
			"to": [12, 8, 8.5],
			"rotation": {"angle": -45, "axis": "z", "origin": [11.5, 6.875, 8.25]},
			"faces": {
				"north": {"uv": [0, 0, 1, 2], "texture": "#0"},
				"east": {"uv": [0, 0, 0.5, 2], "texture": "#0"},
				"south": {"uv": [0, 0, 1, 2], "texture": "#0"},
				"west": {"uv": [0, 0, 0.5, 2], "texture": "#0"},
				"up": {"uv": [0, 0, 1, 0.5], "texture": "#0"},
				"down": {"uv": [0, 0, 1, 0.5], "texture": "#0"}
			}
		},
		{
			"from": [11.25, 3.5, 8],
			"to": [11.75, 6, 8.5],
			"rotation": {"angle": -45, "axis": "z", "origin": [11.5, 6.875, 8.25]},
			"faces": {
				"north": {"uv": [0, 0, 0.5, 2.5], "texture": "#0"},
				"east": {"uv": [0, 0, 0.5, 2.5], "texture": "#0"},
				"south": {"uv": [0, 0, 0.5, 2.5], "texture": "#0"},
				"west": {"uv": [0, 0, 0.5, 2.5], "texture": "#0"},
				"up": {"uv": [0, 0, 0.5, 0.5], "texture": "#0"},
				"down": {"uv": [0, 0, 0.5, 0.5], "texture": "#0"}
			}
		},
		{
			"from": [12, 6, 8],
			"to": [12.25, 7.5, 8.5],
			"rotation": {"angle": -45, "axis": "z", "origin": [11.5, 6.875, 8.25]},
			"faces": {
				"north": {"uv": [0, 0, 0.25, 1.5], "texture": "#0"},
				"east": {"uv": [0, 0, 0.5, 1.5], "texture": "#0"},
				"south": {"uv": [0, 0, 0.25, 1.5], "texture": "#0"},
				"west": {"uv": [0, 0, 0.5, 1.5], "texture": "#0"},
				"up": {"uv": [0, 0, 0.25, 0.5], "texture": "#0"},
				"down": {"uv": [0, 0, 0.25, 0.5], "texture": "#0"}
			}
		},
		{
			"from": [10.75, 6, 8],
			"to": [11, 7.5, 8.5],
			"rotation": {"angle": -45, "axis": "z", "origin": [11.5, 6.875, 8.25]},
			"faces": {
				"north": {"uv": [0, 0, 0.25, 1.5], "texture": "#0"},
				"east": {"uv": [0, 0, 0.5, 1.5], "texture": "#0"},
				"south": {"uv": [0, 0, 0.25, 1.5], "texture": "#0"},
				"west": {"uv": [0, 0, 0.5, 1.5], "texture": "#0"},
				"up": {"uv": [0, 0, 0.25, 0.5], "texture": "#0"},
				"down": {"uv": [0, 0, 0.25, 0.5], "texture": "#0"}
			}
		},
		{
			"from": [6.25, 10.25, 8],
			"to": [7.25, 12.25, 8.5],
			"rotation": {"angle": 45, "axis": "z", "origin": [11.5, 6.875, 8.25]},
			"faces": {
				"north": {"uv": [14.5, 13.5, 15.5, 15.5], "texture": "#0"},
				"east": {"uv": [14.5, 13.5, 15, 15.5], "texture": "#0"},
				"south": {"uv": [14, 13.5, 15, 15.5], "texture": "#0"},
				"west": {"uv": [14, 13.5, 14.5, 15.5], "texture": "#0"},
				"up": {"uv": [13.5, 13.5, 14.5, 14], "texture": "#0"},
				"down": {"uv": [13.5, 15.5, 14.5, 16], "texture": "#0"}
			}
		},
		{
			"from": [6.5, 8, 8],
			"to": [7, 10.25, 8.5],
			"rotation": {"angle": 45, "axis": "z", "origin": [11.5, 6.875, 8.25]},
			"faces": {
				"north": {"uv": [14.5, 13.5, 15, 15.75], "texture": "#0"},
				"east": {"uv": [14.5, 13.5, 15, 15.75], "texture": "#0"},
				"south": {"uv": [14, 13.5, 14.5, 15.75], "texture": "#0"},
				"west": {"uv": [14, 13.5, 14.5, 15.75], "texture": "#0"},
				"up": {"uv": [13.5, 13.5, 14, 14], "texture": "#0"},
				"down": {"uv": [13.5, 15.5, 14, 16], "texture": "#0"}
			}
		},
		{
			"from": [7.25, 10.25, 8],
			"to": [7.5, 11.75, 8.5],
			"rotation": {"angle": 45, "axis": "z", "origin": [11.5, 6.875, 8.25]},
			"faces": {
				"north": {"uv": [14.5, 13.5, 14.75, 15], "texture": "#0"},
				"east": {"uv": [14.5, 13.5, 15, 15], "texture": "#0"},
				"south": {"uv": [14, 13.5, 14.25, 15], "texture": "#0"},
				"west": {"uv": [14, 13.5, 14.5, 15], "texture": "#0"},
				"up": {"uv": [13.5, 13.5, 13.75, 14], "texture": "#0"},
				"down": {"uv": [13.5, 15.5, 13.75, 16], "texture": "#0"}
			}
		},
		{
			"from": [6, 10.25, 8],
			"to": [6.25, 11.75, 8.5],
			"rotation": {"angle": 45, "axis": "z", "origin": [11.5, 6.875, 8.25]},
			"faces": {
				"north": {"uv": [14.5, 13.5, 14.75, 15], "texture": "#0"},
				"east": {"uv": [14.5, 13.5, 15, 15], "texture": "#0"},
				"south": {"uv": [14, 13.5, 14.25, 15], "texture": "#0"},
				"west": {"uv": [14, 13.5, 14.5, 15], "texture": "#0"},
				"up": {"uv": [13.5, 13.5, 13.75, 14], "texture": "#0"},
				"down": {"uv": [13.5, 15.5, 13.75, 16], "texture": "#0"}
			}
		}
	],
	"display": {
		"head": {
			"translation": [0, 15, 0],
			"scale": [2.19, 2.19, 2.19]
		}
	},
	"groups": [
		{
			"name": "head",
			"origin": [0, 0, 0],
			"color": 0,
			"children": [
				0,
				1,
				2,
				3,
				4,
				5,
				6,
				7,
				8,
				9,
				10,
				{
					"name": "group",
					"origin": [8, 8, 8],
					"color": 0,
					"children": []
				}
			]
		},
		{
			"name": "endo",
			"origin": [8, 8, 8],
			"color": 0,
			"children": [11, 12, 13, 14, 15, 16, 17, 18, 19, 20, 21, 22, 23, 24, 25, 26, 27]
		},
		{
			"name": "bottom jaw",
			"origin": [8, 8, 8],
			"color": 0,
			"children": [28, 29, 30]
		},
		{
			"name": "eye",
			"origin": [8, 8, 8],
			"color": 0,
			"children": [31, 32, 33, 34, 35]
		},
		{
			"name": "teeth",
			"origin": [8, 8, 8],
			"color": 0,
			"children": [36, 37, 38, 39, 40, 41, 42, 43, 44, 45, 46, 47, 48, 49, 50, 51, 52, 53, 54, 55]
		},
		{
			"name": "ear",
			"origin": [8, 8, 8],
			"color": 0,
			"children": [56, 57, 58, 59]
		},
		{
			"name": "endo ear",
			"origin": [8, 8, 8],
			"color": 0,
			"children": [60, 61, 62, 63]
		},
		{
			"name": "group",
			"origin": [8, 8, 8],
			"color": 0,
			"children": []
		}
	]
}