{
	"credit": "Made with Blockbench",
	"textures": {
		"0": "./tfred",
		"particle": "./tfred"
	},
	"elements": [
		{
			"from": [5.5, 0.5, 5.75],
			"to": [10.25, 4.5, 8.25],
			"faces": {
				"north": {"uv": [14.25, 14, 16, 16], "texture": "#0"},
				"east": {"uv": [14.25, 14, 16, 16], "texture": "#0"},
				"south": {"uv": [14.25, 14, 16, 16], "texture": "#0"},
				"west": {"uv": [14.25, 14, 16, 16], "texture": "#0"},
				"up": {"uv": [14.25, 14, 16, 16], "texture": "#0"},
				"down": {"uv": [14.25, 14, 16, 16], "texture": "#0"}
			}
		},
		{
			"from": [5, 0, 8],
			"to": [11, 6, 11],
			"faces": {
				"north": {"uv": [0, 0, 6, 6], "texture": "#0"},
				"east": {"uv": [0, 0, 3, 6], "texture": "#0"},
				"south": {"uv": [0, 0, 6, 6], "texture": "#0"},
				"west": {"uv": [0, 0, 3, 6], "texture": "#0"},
				"up": {"uv": [0, 0, 6, 3], "texture": "#0"},
				"down": {"uv": [0, 0, 6, 3], "texture": "#0"}
			}
		},
		{
			"from": [5.5, 4.25, 5],
			"to": [10.5, 6, 8],
			"faces": {
				"north": {"uv": [0, 0, 5, 1.75], "texture": "#0"},
				"east": {"uv": [0, 0, 3, 1.75], "texture": "#0"},
				"south": {"uv": [0, 0, 5, 1.75], "texture": "#0"},
				"west": {"uv": [0, 0, 3, 1.75], "texture": "#0"},
				"up": {"uv": [0, 0, 5, 3], "texture": "#0"},
				"down": {"uv": [0, 0, 5, 3], "texture": "#0"}
			}
		},
		{
			"from": [5.5, 1.5, 5],
			"to": [10.5, 2.75, 5.5],
			"faces": {
				"north": {"uv": [0, 0, 5, 1.25], "texture": "#0"},
				"east": {"uv": [0, 0, 0.5, 1.25], "texture": "#0"},
				"south": {"uv": [0, 0, 5, 1.25], "texture": "#0"},
				"west": {"uv": [0, 0, 0.5, 1.25], "texture": "#0"},
				"up": {"uv": [0, 0, 5, 0.5], "texture": "#0"},
				"down": {"uv": [0, 0, 5, 0.5], "texture": "#0"}
			}
		},
		{
			"from": [9.75, 0, 5],
			"to": [10.5, 1.5, 5.5],
			"faces": {
				"north": {"uv": [0, 0, 0.75, 1.5], "texture": "#0"},
				"east": {"uv": [0, 0, 0.5, 1.5], "texture": "#0"},
				"south": {"uv": [0, 0, 0.75, 1.5], "texture": "#0"},
				"west": {"uv": [0, 0, 0.5, 1.5], "texture": "#0"},
				"up": {"uv": [0, 0, 0.75, 0.5], "texture": "#0"},
				"down": {"uv": [0, 0, 0.75, 0.5], "texture": "#0"}
			}
		},
		{
			"from": [5.5, 0, 5],
			"to": [6.25, 1.5, 5.5],
			"faces": {
				"north": {"uv": [0, 0, 0.75, 1.5], "texture": "#0"},
				"east": {"uv": [0, 0, 0.5, 1.5], "texture": "#0"},
				"south": {"uv": [0, 0, 0.75, 1.5], "texture": "#0"},
				"west": {"uv": [0, 0, 0.5, 1.5], "texture": "#0"},
				"up": {"uv": [0, 0, 0.75, 0.5], "texture": "#0"},
				"down": {"uv": [0, 0, 0.75, 0.5], "texture": "#0"}
			}
		},
		{
			"from": [7.5, 2.75, 5],
			"to": [8.5, 4.25, 5.5],
			"faces": {
				"north": {"uv": [0, 0, 1, 1.5], "texture": "#0"},
				"east": {"uv": [0, 0, 0.5, 1.5], "texture": "#0"},
				"south": {"uv": [0, 0, 1, 1.5], "texture": "#0"},
				"west": {"uv": [0, 0, 0.5, 1.5], "texture": "#0"},
				"up": {"uv": [0, 0, 1, 0.5], "texture": "#0"},
				"down": {"uv": [0, 0, 1, 0.5], "texture": "#0"}
			}
		},
		{
			"from": [10, 2.75, 5],
			"to": [10.5, 4.25, 5.5],
			"faces": {
				"north": {"uv": [0, 0, 0.5, 1.5], "texture": "#0"},
				"east": {"uv": [0, 0, 0.5, 1.5], "texture": "#0"},
				"south": {"uv": [0, 0, 0.5, 1.5], "texture": "#0"},
				"west": {"uv": [0, 0, 0.5, 1.5], "texture": "#0"},
				"up": {"uv": [0, 0, 0.5, 0.5], "texture": "#0"},
				"down": {"uv": [0, 0, 0.5, 0.5], "texture": "#0"}
			}
		},
		{
			"from": [5.5, 2.75, 5],
			"to": [6, 4.25, 5.5],
			"faces": {
				"north": {"uv": [0, 0, 0.5, 1.5], "texture": "#0"},
				"east": {"uv": [0, 0, 0.5, 1.5], "texture": "#0"},
				"south": {"uv": [0, 0, 0.5, 1.5], "texture": "#0"},
				"west": {"uv": [0, 0, 0.5, 1.5], "texture": "#0"},
				"up": {"uv": [0, 0, 0.5, 0.5], "texture": "#0"},
				"down": {"uv": [0, 0, 0.5, 0.5], "texture": "#0"}
			}
		},
		{
			"from": [10.5, 0, 5],
			"to": [11, 6, 8],
			"faces": {
				"north": {"uv": [0, 0, 0.5, 6], "texture": "#0"},
				"east": {"uv": [0, 0, 3, 6], "texture": "#0"},
				"south": {"uv": [0, 0, 0.5, 6], "texture": "#0"},
				"west": {"uv": [0, 0, 3, 6], "texture": "#0"},
				"up": {"uv": [0, 0, 0.5, 3], "texture": "#0"},
				"down": {"uv": [0, 0, 0.5, 3], "texture": "#0"}
			}
		},
		{
			"from": [11, 0, 5],
			"to": [11.5, 2.75, 11],
			"faces": {
				"north": {"uv": [0, 0, 0.5, 2.75], "texture": "#0"},
				"east": {"uv": [0, 0, 6, 2.75], "texture": "#0"},
				"south": {"uv": [0, 0, 0.5, 2.75], "texture": "#0"},
				"west": {"uv": [0, 0, 6, 2.75], "texture": "#0"},
				"up": {"uv": [0, 0, 0.5, 6], "texture": "#0"},
				"down": {"uv": [0, 0, 0.5, 6], "texture": "#0"}
			}
		},
		{
			"from": [4.5, 0, 5],
			"to": [5, 2.75, 11],
			"faces": {
				"north": {"uv": [0, 0, 0.5, 2.75], "texture": "#0"},
				"east": {"uv": [0, 0, 6, 2.75], "texture": "#0"},
				"south": {"uv": [0, 0, 0.5, 2.75], "texture": "#0"},
				"west": {"uv": [0, 0, 6, 2.75], "texture": "#0"},
				"up": {"uv": [0, 0, 0.5, 6], "texture": "#0"},
				"down": {"uv": [0, 0, 0.5, 6], "texture": "#0"}
			}
		},
		{
			"from": [5, 0, 5],
			"to": [5.5, 6, 8],
			"faces": {
				"north": {"uv": [0, 0, 0.5, 6], "texture": "#0"},
				"east": {"uv": [0, 0, 3, 6], "texture": "#0"},
				"south": {"uv": [0, 0, 0.5, 6], "texture": "#0"},
				"west": {"uv": [0, 0, 3, 6], "texture": "#0"},
				"up": {"uv": [0, 0, 0.5, 3], "texture": "#0"},
				"down": {"uv": [0, 0, 0.5, 3], "texture": "#0"}
			}
		},
		{
			"from": [6, 1.25, 3.5],
			"to": [10, 2.75, 5],
			"faces": {
				"north": {"uv": [0, 14.5, 4, 16], "texture": "#0"},
				"east": {"uv": [0, 14.5, 1.5, 16], "texture": "#0"},
				"south": {"uv": [0, 14.5, 4, 16], "texture": "#0"},
				"west": {"uv": [0, 14.5, 1.5, 16], "texture": "#0"},
				"up": {"uv": [0, 14.5, 4, 16], "texture": "#0"},
				"down": {"uv": [0, 14.5, 4, 16], "texture": "#0"}
			}
		},
		{
			"from": [6, 3.5, 5.25],
			"to": [10, 4.25, 5.5],
			"faces": {
				"north": {"uv": [0, 14.5, 4, 15.25], "texture": "#0"},
				"east": {"uv": [0, 0, 0.25, 0.75], "texture": "#0"},
				"south": {"uv": [0, 14.5, 4, 15.25], "texture": "#0"},
				"west": {"uv": [0, 0, 0.25, 0.75], "texture": "#0"},
				"up": {"uv": [0, 14.5, 4, 14.75], "texture": "#0"},
				"down": {"uv": [0, 14.5, 4, 14.75], "texture": "#0"}
			}
		},
		{
			"from": [6.25, -0.5, 3.75],
			"to": [9.75, 0, 6.25],
			"rotation": {"angle": -22.5, "axis": "x", "origin": [8, 0.25, 4.75]},
			"faces": {
				"north": {"uv": [0, 15.5, 3.5, 16], "texture": "#0"},
				"east": {"uv": [0, 15, 2.5, 15.5], "texture": "#0"},
				"south": {"uv": [0, 15.5, 3.5, 16], "texture": "#0"},
				"west": {"uv": [0, 15.5, 2.5, 16], "texture": "#0"},
				"up": {"uv": [0, 13.5, 3.5, 16], "texture": "#0"},
				"down": {"uv": [0, 13.5, 3.5, 16], "texture": "#0"}
			}
		},
		{
			"from": [6.25, 2.75, 5.5],
			"to": [7.25, 3.75, 6.5],
			"faces": {
				"north": {"uv": [7.125, 0, 8.375, 1.25], "texture": "#0"},
				"east": {"uv": [6, 0, 7, 1], "texture": "#0"},
				"south": {"uv": [6, 0, 7, 1], "texture": "#0"},
				"west": {"uv": [6, 0, 7, 1], "texture": "#0"},
				"up": {"uv": [6, 0, 7, 1], "texture": "#0"},
				"down": {"uv": [6, 0, 7, 1], "texture": "#0"}
			}
		},
		{
			"from": [8.75, 2.75, 5.5],
			"to": [9.75, 3.75, 6.5],
			"faces": {
				"north": {"uv": [7.125, 0, 8.375, 1.25], "texture": "#0"},
				"east": {"uv": [6, 0, 7, 1], "texture": "#0"},
				"south": {"uv": [6, 0, 7, 1], "texture": "#0"},
				"west": {"uv": [6, 0, 7, 1], "texture": "#0"},
				"up": {"uv": [6, 0, 7, 1], "texture": "#0"},
				"down": {"uv": [6, 0, 7, 1], "texture": "#0"}
			}
		},
		{
			"from": [7, 1, 3.75],
			"to": [7.75, 1.25, 4],
			"faces": {
				"north": {"uv": [9, 10, 9.75, 10.25], "texture": "#0"},
				"east": {"uv": [9, 10, 9.75, 10.25], "texture": "#0"},
				"south": {"uv": [9, 10, 9.75, 10.25], "texture": "#0"},
				"west": {"uv": [9, 10, 9.75, 10.25], "texture": "#0"},
				"up": {"uv": [9, 10, 9.75, 10.25], "texture": "#0"},
				"down": {"uv": [9, 10, 9.75, 10.25], "texture": "#0"}
			}
		},
		{
			"from": [6, 1, 3.75],
			"to": [6.75, 1.25, 4],
			"faces": {
				"north": {"uv": [9, 10, 9.75, 10.25], "texture": "#0"},
				"east": {"uv": [9, 10, 9.75, 10.25], "texture": "#0"},
				"south": {"uv": [9, 10, 9.75, 10.25], "texture": "#0"},
				"west": {"uv": [9, 10, 9.75, 10.25], "texture": "#0"},
				"up": {"uv": [9, 10, 9.75, 10.25], "texture": "#0"},
				"down": {"uv": [9, 10, 9.75, 10.25], "texture": "#0"}
			}
		},
		{
			"from": [9.25, 1, 3.75],
			"to": [10, 1.25, 4],
			"faces": {
				"north": {"uv": [9, 10, 9.75, 10.25], "texture": "#0"},
				"east": {"uv": [9, 10, 9.75, 10.25], "texture": "#0"},
				"south": {"uv": [9, 10, 9.75, 10.25], "texture": "#0"},
				"west": {"uv": [9, 10, 9.75, 10.25], "texture": "#0"},
				"up": {"uv": [9, 10, 9.75, 10.25], "texture": "#0"},
				"down": {"uv": [9, 10, 9.75, 10.25], "texture": "#0"}
			}
		},
		{
			"from": [9, -0.34436, 4.01877],
			"to": [9.5, -0.09436, 4.26877],
			"rotation": {"angle": -22.5, "axis": "x", "origin": [9.625, 0.03064, 3.89377]},
			"faces": {
				"north": {"uv": [9, 10, 9.5, 10.25], "texture": "#0"},
				"east": {"uv": [9, 10, 9.5, 10.25], "texture": "#0"},
				"south": {"uv": [9, 10, 9.5, 10.25], "texture": "#0"},
				"west": {"uv": [9, 10, 9.5, 10.25], "texture": "#0"},
				"up": {"uv": [9, 10, 9.5, 10.25], "texture": "#0"},
				"down": {"uv": [9, 10, 9.5, 10.25], "texture": "#0"}
			}
		},
		{
			"from": [6.5, -0.34436, 4.01877],
			"to": [7, -0.09436, 4.26877],
			"rotation": {"angle": -22.5, "axis": "x", "origin": [9.625, 0.03064, 3.89377]},
			"faces": {
				"north": {"uv": [9, 10, 9.5, 10.25], "texture": "#0"},
				"east": {"uv": [9, 10, 9.5, 10.25], "texture": "#0"},
				"south": {"uv": [9, 10, 9.5, 10.25], "texture": "#0"},
				"west": {"uv": [9, 10, 9.5, 10.25], "texture": "#0"},
				"up": {"uv": [9, 10, 9.5, 10.25], "texture": "#0"},
				"down": {"uv": [9, 10, 9.5, 10.25], "texture": "#0"}
			}
		},
		{
			"from": [7.25, -0.34436, 4.01877],
			"to": [7.75, -0.09436, 4.26877],
			"rotation": {"angle": -22.5, "axis": "x", "origin": [9.625, 0.03064, 3.89377]},
			"faces": {
				"north": {"uv": [9, 10, 9.5, 10.25], "texture": "#0"},
				"east": {"uv": [9, 10, 9.5, 10.25], "texture": "#0"},
				"south": {"uv": [9, 10, 9.5, 10.25], "texture": "#0"},
				"west": {"uv": [9, 10, 9.5, 10.25], "texture": "#0"},
				"up": {"uv": [9, 10, 9.5, 10.25], "texture": "#0"},
				"down": {"uv": [9, 10, 9.5, 10.25], "texture": "#0"}
			}
		},
		{
			"from": [8.25, -0.34436, 4.01877],
			"to": [8.75, -0.09436, 4.26877],
			"rotation": {"angle": -22.5, "axis": "x", "origin": [9.625, 0.03064, 3.89377]},
			"faces": {
				"north": {"uv": [9, 10, 9.5, 10.25], "texture": "#0"},
				"east": {"uv": [9, 10, 9.5, 10.25], "texture": "#0"},
				"south": {"uv": [9, 10, 9.5, 10.25], "texture": "#0"},
				"west": {"uv": [9, 10, 9.5, 10.25], "texture": "#0"},
				"up": {"uv": [9, 10, 9.5, 10.25], "texture": "#0"},
				"down": {"uv": [9, 10, 9.5, 10.25], "texture": "#0"}
			}
		},
		{
			"from": [8.25, 1, 3.75],
			"to": [9, 1.25, 4],
			"faces": {
				"north": {"uv": [9, 10, 9.75, 10.25], "texture": "#0"},
				"east": {"uv": [9, 10, 9.75, 10.25], "texture": "#0"},
				"south": {"uv": [9, 10, 9.75, 10.25], "texture": "#0"},
				"west": {"uv": [9, 10, 9.75, 10.25], "texture": "#0"},
				"up": {"uv": [9, 10, 9.75, 10.25], "texture": "#0"},
				"down": {"uv": [9, 10, 9.75, 10.25], "texture": "#0"}
			}
		},
		{
			"from": [7.5, 2.5, 3.25],
			"to": [8.5, 3, 3.75],
			"faces": {
				"north": {"uv": [14.5, 15.5, 15.5, 16], "texture": "#0"},
				"east": {"uv": [14.5, 15.5, 15.5, 16], "texture": "#0"},
				"south": {"uv": [14.5, 15.5, 15.5, 16], "texture": "#0"},
				"west": {"uv": [14.5, 15.5, 15.5, 16], "texture": "#0"},
				"up": {"uv": [14.5, 15.5, 15.5, 16], "texture": "#0"},
				"down": {"uv": [14.5, 15.5, 15.5, 16], "texture": "#0"}
			}
		},
		{
			"from": [6, 4.5, 4.75],
			"to": [7.5, 4.75, 5.25],
			"faces": {
				"north": {"uv": [14.5, 15.5, 16, 15.75], "texture": "#0"},
				"east": {"uv": [14.5, 15.5, 16, 15.75], "texture": "#0"},
				"south": {"uv": [14.5, 15.5, 16, 15.75], "texture": "#0"},
				"west": {"uv": [14.5, 15.5, 16, 15.75], "texture": "#0"},
				"up": {"uv": [14.5, 15.5, 16, 15.75], "texture": "#0"},
				"down": {"uv": [14.5, 15.5, 16, 15.75], "texture": "#0"}
			}
		},
		{
			"from": [8.5, 4.5, 4.75],
			"to": [10, 4.75, 5.25],
			"faces": {
				"north": {"uv": [14.5, 15.5, 16, 15.75], "texture": "#0"},
				"east": {"uv": [14.5, 15.5, 16, 15.75], "texture": "#0"},
				"south": {"uv": [14.5, 15.5, 16, 15.75], "texture": "#0"},
				"west": {"uv": [14.5, 15.5, 16, 15.75], "texture": "#0"},
				"up": {"uv": [14.5, 15.5, 16, 15.75], "texture": "#0"},
				"down": {"uv": [14.5, 15.5, 16, 15.75], "texture": "#0"}
			}
		},
		{
			"from": [10.25, 1.5, 4.75],
			"to": [11.25, 2.5, 5],
			"faces": {
				"north": {"uv": [10.5, 11, 11.5, 12], "texture": "#0"},
				"east": {"uv": [10.5, 11, 11.5, 12], "texture": "#0"},
				"south": {"uv": [10.5, 11, 11.5, 12], "texture": "#0"},
				"west": {"uv": [10.5, 11, 11.5, 12], "texture": "#0"},
				"up": {"uv": [10.5, 11, 11.5, 12], "texture": "#0"},
				"down": {"uv": [10.5, 11, 11.5, 12], "texture": "#0"}
			}
		},
		{
			"from": [4.75, 1.5, 4.75],
			"to": [5.75, 2.5, 5],
			"faces": {
				"north": {"uv": [10.5, 11, 11.5, 12], "texture": "#0"},
				"east": {"uv": [10.5, 11, 11.5, 12], "texture": "#0"},
				"south": {"uv": [10.5, 11, 11.5, 12], "texture": "#0"},
				"west": {"uv": [10.5, 11, 11.5, 12], "texture": "#0"},
				"up": {"uv": [10.5, 11, 11.5, 12], "texture": "#0"},
				"down": {"uv": [10.5, 11, 11.5, 12], "texture": "#0"}
			}
		},
		{
			"from": [6.75, 6, 6.75],
			"to": [9.25, 6.25, 9.25],
			"faces": {
				"north": {"uv": [13.5, 14.5, 16, 14.75], "texture": "#0"},
				"east": {"uv": [13.5, 14.5, 16, 14.75], "texture": "#0"},
				"south": {"uv": [13.5, 14.5, 16, 14.75], "texture": "#0"},
				"west": {"uv": [13.5, 14.5, 16, 14.75], "texture": "#0"},
				"up": {"uv": [13.5, 13.5, 16, 16], "texture": "#0"},
				"down": {"uv": [13.5, 13.5, 16, 16], "texture": "#0"}
			}
		},
		{
			"from": [7.25, 6.25, 7.25],
			"to": [8.75, 7.75, 8.75],
			"faces": {
				"north": {"uv": [13.5, 14.5, 15, 16], "texture": "#0"},
				"east": {"uv": [13.5, 14.5, 15, 16], "texture": "#0"},
				"south": {"uv": [13.5, 14.5, 15, 16], "texture": "#0"},
				"west": {"uv": [13.5, 14.5, 15, 16], "texture": "#0"},
				"up": {"uv": [13.5, 13.5, 15, 15], "texture": "#0"},
				"down": {"uv": [13.5, 13.5, 15, 15], "texture": "#0"}
			}
		},
		{
			"from": [11.5, 7.25, 8],
			"to": [12.75, 8.75, 8.75],
			"rotation": {"angle": -45, "axis": "z", "origin": [10.375, 7.5625, 8.375]},
			"faces": {
				"north": {"uv": [0, 0, 1.25, 1.5], "texture": "#0"},
				"east": {"uv": [0, 0, 0.75, 1.5], "texture": "#0"},
				"south": {"uv": [0, 0, 1.25, 1.5], "texture": "#0"},
				"west": {"uv": [0, 0, 0.75, 1.5], "texture": "#0"},
				"up": {"uv": [0, 0, 1.25, 0.75], "texture": "#0"},
				"down": {"uv": [0, 0, 1.25, 0.75], "texture": "#0"}
			}
		},
		{
			"from": [11.75, 6, 8.25],
			"to": [12.5, 7.25, 8.5],
			"rotation": {"angle": -45, "axis": "z", "origin": [10.375, 7.5625, 8.375]},
			"faces": {
				"north": {"uv": [0, 0, 0.75, 1.25], "texture": "#0"},
				"east": {"uv": [0, 0, 0.25, 1.25], "texture": "#0"},
				"south": {"uv": [0, 0, 0.75, 1.25], "texture": "#0"},
				"west": {"uv": [0, 0, 0.25, 1.25], "texture": "#0"},
				"up": {"uv": [0, 0, 0.75, 0.25], "texture": "#0"},
				"down": {"uv": [0, 0, 0.75, 0.25], "texture": "#0"}
			}
		},
		{
			"from": [3, 6.75, 8],
			"to": [4.25, 8.25, 8.75],
			"rotation": {"angle": 45, "axis": "z", "origin": [4.875, 7.5625, 8.375]},
			"faces": {
				"north": {"uv": [0, 0, 1.25, 1.5], "texture": "#0"},
				"east": {"uv": [0, 0, 0.75, 1.5], "texture": "#0"},
				"south": {"uv": [0, 0, 1.25, 1.5], "texture": "#0"},
				"west": {"uv": [0, 0, 0.75, 1.5], "texture": "#0"},
				"up": {"uv": [0, 0, 1.25, 0.75], "texture": "#0"},
				"down": {"uv": [0, 0, 1.25, 0.75], "texture": "#0"}
			}
		},
		{
			"from": [3.25, 5.5, 8.25],
			"to": [4, 6.75, 8.5],
			"rotation": {"angle": 45, "axis": "z", "origin": [4.875, 7.5625, 8.375]},
			"faces": {
				"north": {"uv": [0, 0, 0.75, 1.25], "texture": "#0"},
				"east": {"uv": [0, 0, 0.25, 1.25], "texture": "#0"},
				"south": {"uv": [0, 0, 0.75, 1.25], "texture": "#0"},
				"west": {"uv": [0, 0, 0.25, 1.25], "texture": "#0"},
				"up": {"uv": [0, 0, 0.75, 0.25], "texture": "#0"},
				"down": {"uv": [0, 0, 0.75, 0.25], "texture": "#0"}
			}
		}
	],
	"display": {
		"head": {
			"translation": [0, 12.75, 0],
			"scale": [2.19, 2.19, 2.19]
		}
	},
	"groups": [
		0,
		{
			"name": "group",
			"origin": [8, 8, 8],
			"color": 0,
			"nbt": "{}",
			"armAnimationEnabled": false,
			"children": [
				{
					"name": "group",
					"origin": [8, 8, 8],
					"color": 0,
					"nbt": "{}",
					"armAnimationEnabled": false,
					"children": [1, 2, 3, 4, 5, 6, 7, 8, 9, 10, 11, 12]
				},
				{
					"name": "group",
					"origin": [8, 8, 8],
					"color": 0,
					"nbt": "{}",
					"armAnimationEnabled": false,
					"children": [13, 14]
				},
				{
					"name": "group",
					"origin": [0, 0, 0],
					"color": 0,
					"nbt": "{}",
					"armAnimationEnabled": false,
					"children": [15]
				},
				{
					"name": "group",
					"origin": [8, 8, 8],
					"color": 0,
					"nbt": "{}",
					"armAnimationEnabled": false,
					"children": [16, 17]
				},
				{
					"name": "group",
					"origin": [8, 8, 8],
					"color": 0,
					"nbt": "{}",
					"armAnimationEnabled": false,
					"children": [18, 19, 20, 21, 22, 23, 24, 25]
				},
				{
					"name": "group",
					"origin": [8, 8, 8],
					"color": 0,
					"nbt": "{}",
					"armAnimationEnabled": false,
					"children": [26, 27, 28]
				},
				{
					"name": "group",
					"origin": [8, 8, 8],
					"color": 0,
					"nbt": "{}",
					"armAnimationEnabled": false,
					"children": [29, 30]
				},
				{
					"name": "group",
					"origin": [8, 8, 8],
					"color": 0,
					"nbt": "{}",
					"armAnimationEnabled": false,
					"children": [31, 32]
				},
				{
					"name": "group",
					"origin": [0, 0, 0],
					"color": 0,
					"nbt": "{}",
					"armAnimationEnabled": false,
					"children": [33, 34]
				},
				{
					"name": "group",
					"origin": [0, 0, 0],
					"color": 0,
					"nbt": "{}",
					"armAnimationEnabled": false,
					"children": [35, 36]
				}
			]
		}
	]
}