{
	"credit": "Made with Blockbench",
	"textures": {
		"0": "./tb",
		"particle": "./tb"
	},
	"elements": [
		{
			"from": [5.5, 2.75, 5],
			"to": [5.75, 4.25, 5.25],
			"faces": {
				"north": {"uv": [10, 10, 10.25, 11.5], "texture": "#0"},
				"east": {"uv": [10, 10, 10.25, 11.5], "texture": "#0"},
				"south": {"uv": [10, 10, 10.25, 11.5], "texture": "#0"},
				"west": {"uv": [10, 10, 10.25, 11.5], "texture": "#0"},
				"up": {"uv": [10, 10, 10.25, 10.25], "texture": "#0"},
				"down": {"uv": [10, 10, 10.25, 10.25], "texture": "#0"}
			}
		},
		{
			"from": [11, 0, 5],
			"to": [11.75, 3, 11],
			"faces": {
				"north": {"uv": [10, 10, 10.75, 13], "texture": "#0"},
				"east": {"uv": [10, 10, 16, 13], "texture": "#0"},
				"south": {"uv": [10, 10, 10.75, 13], "texture": "#0"},
				"west": {"uv": [10, 10, 16, 13], "texture": "#0"},
				"up": {"uv": [10, 10, 10.75, 16], "texture": "#0"},
				"down": {"uv": [10, 10, 10.75, 16], "texture": "#0"}
			}
		},
		{
			"from": [4.25, 0, 5],
			"to": [5, 3, 11],
			"faces": {
				"north": {"uv": [10, 10, 10.75, 13], "texture": "#0"},
				"east": {"uv": [10, 10, 16, 13], "texture": "#0"},
				"south": {"uv": [10, 10, 10.75, 13], "texture": "#0"},
				"west": {"uv": [10, 10, 16, 13], "texture": "#0"},
				"up": {"uv": [10, 10, 10.75, 16], "texture": "#0"},
				"down": {"uv": [10, 10, 10.75, 16], "texture": "#0"}
			}
		},
		{
			"from": [5, 0, 8.25],
			"to": [11, 6, 11],
			"faces": {
				"north": {"uv": [10, 10, 16, 16], "texture": "#0"},
				"east": {"uv": [10, 10, 12.75, 16], "texture": "#0"},
				"south": {"uv": [10, 10, 16, 16], "texture": "#0"},
				"west": {"uv": [10, 10, 12.75, 16], "texture": "#0"},
				"up": {"uv": [10, 10, 16, 12.75], "texture": "#0"},
				"down": {"uv": [10, 10, 16, 12.75], "texture": "#0"}
			}
		},
		{
			"from": [10.5, 0, 5],
			"to": [11, 6, 8.25],
			"faces": {
				"north": {"uv": [10, 10, 10.5, 16], "texture": "#0"},
				"east": {"uv": [10, 10, 13.25, 16], "texture": "#0"},
				"south": {"uv": [10, 10, 10.5, 16], "texture": "#0"},
				"west": {"uv": [10, 10, 13.25, 16], "texture": "#0"},
				"up": {"uv": [10, 10, 10.5, 13.25], "texture": "#0"},
				"down": {"uv": [10, 10, 10.5, 13.25], "texture": "#0"}
			}
		},
		{
			"from": [5, 0, 5],
			"to": [5.5, 6, 8.25],
			"faces": {
				"north": {"uv": [10, 10, 10.5, 16], "texture": "#0"},
				"east": {"uv": [10, 10, 13.25, 16], "texture": "#0"},
				"south": {"uv": [10, 10, 10.5, 16], "texture": "#0"},
				"west": {"uv": [10, 10, 13.25, 16], "texture": "#0"},
				"up": {"uv": [10, 10, 10.5, 13.25], "texture": "#0"},
				"down": {"uv": [10, 10, 10.5, 13.25], "texture": "#0"}
			}
		},
		{
			"from": [5.5, 5.5, 5],
			"to": [10.5, 6, 8.25],
			"faces": {
				"north": {"uv": [10, 10, 15, 10.5], "texture": "#0"},
				"east": {"uv": [10, 10, 13.25, 10.5], "texture": "#0"},
				"south": {"uv": [10, 10, 15, 10.5], "texture": "#0"},
				"west": {"uv": [10, 10, 13.25, 10.5], "texture": "#0"},
				"up": {"uv": [10, 10, 15, 13.25], "texture": "#0"},
				"down": {"uv": [10, 10, 15, 13.25], "texture": "#0"}
			}
		},
		{
			"from": [5.5, 4.25, 5],
			"to": [10.5, 5.5, 5.25],
			"faces": {
				"north": {"uv": [10, 10, 15, 11.25], "texture": "#0"},
				"east": {"uv": [10, 10, 10.25, 11.25], "texture": "#0"},
				"south": {"uv": [10, 10, 15, 11.25], "texture": "#0"},
				"west": {"uv": [10, 10, 10.25, 11.25], "texture": "#0"},
				"up": {"uv": [10, 10, 15, 10.25], "texture": "#0"},
				"down": {"uv": [10, 10, 15, 10.25], "texture": "#0"}
			}
		},
		{
			"from": [5.5, 1.75, 5],
			"to": [10.5, 2.75, 5.25],
			"faces": {
				"north": {"uv": [10, 10, 15, 11], "texture": "#0"},
				"east": {"uv": [10, 10, 10.25, 11], "texture": "#0"},
				"south": {"uv": [10, 10, 15, 11], "texture": "#0"},
				"west": {"uv": [10, 10, 10.25, 11], "texture": "#0"},
				"up": {"uv": [10, 10, 15, 10.25], "texture": "#0"},
				"down": {"uv": [10, 10, 15, 10.25], "texture": "#0"}
			}
		},
		{
			"from": [10, 0, 5],
			"to": [10.5, 1.75, 5.25],
			"faces": {
				"north": {"uv": [10, 10, 10.5, 11.75], "texture": "#0"},
				"east": {"uv": [10, 10, 10.25, 11.75], "texture": "#0"},
				"south": {"uv": [10, 10, 10.5, 11.75], "texture": "#0"},
				"west": {"uv": [10, 10, 10.25, 11.75], "texture": "#0"},
				"up": {"uv": [10, 10, 10.5, 10.25], "texture": "#0"},
				"down": {"uv": [10, 10, 10.5, 10.25], "texture": "#0"}
			}
		},
		{
			"from": [5.5, 0, 5],
			"to": [6, 1.75, 5.25],
			"faces": {
				"north": {"uv": [10, 10, 10.5, 11.75], "texture": "#0"},
				"east": {"uv": [10, 10, 10.25, 11.75], "texture": "#0"},
				"south": {"uv": [10, 10, 10.5, 11.75], "texture": "#0"},
				"west": {"uv": [10, 10, 10.25, 11.75], "texture": "#0"},
				"up": {"uv": [10, 10, 10.5, 10.25], "texture": "#0"},
				"down": {"uv": [10, 10, 10.5, 10.25], "texture": "#0"}
			}
		},
		{
			"from": [7.5, 2.75, 5],
			"to": [8.5, 4.25, 5.25],
			"faces": {
				"north": {"uv": [10, 10, 11, 11.5], "texture": "#0"},
				"east": {"uv": [10, 10, 10.25, 11.5], "texture": "#0"},
				"south": {"uv": [10, 10, 11, 11.5], "texture": "#0"},
				"west": {"uv": [10, 10, 10.25, 11.5], "texture": "#0"},
				"up": {"uv": [10, 10, 11, 10.25], "texture": "#0"},
				"down": {"uv": [10, 10, 11, 10.25], "texture": "#0"}
			}
		},
		{
			"from": [10.25, 2.75, 5],
			"to": [10.5, 4.25, 5.25],
			"faces": {
				"north": {"uv": [10, 10, 10.25, 11.5], "texture": "#0"},
				"east": {"uv": [10, 10, 10.25, 11.5], "texture": "#0"},
				"south": {"uv": [10, 10, 10.25, 11.5], "texture": "#0"},
				"west": {"uv": [10, 10, 10.25, 11.5], "texture": "#0"},
				"up": {"uv": [10, 10, 10.25, 10.25], "texture": "#0"},
				"down": {"uv": [10, 10, 10.25, 10.25], "texture": "#0"}
			}
		},
		{
			"from": [5.5, 1, 4],
			"to": [10.5, 2.75, 5],
			"faces": {
				"north": {"uv": [0, 0, 5, 1.75], "texture": "#0"},
				"east": {"uv": [0, 0, 1, 1.75], "texture": "#0"},
				"south": {"uv": [0, 0, 5, 1.75], "texture": "#0"},
				"west": {"uv": [0, 0, 1, 1.75], "texture": "#0"},
				"up": {"uv": [0, 0, 5, 1], "texture": "#0"},
				"down": {"uv": [0, 0, 5, 1], "texture": "#0"}
			}
		},
		{
			"from": [5.75, 1, 3.75],
			"to": [10.25, 2.5, 4],
			"faces": {
				"north": {"uv": [0, 0, 4.5, 1.5], "texture": "#0"},
				"east": {"uv": [0, 0, 0.25, 1.5], "texture": "#0"},
				"south": {"uv": [0, 0, 4.5, 1.5], "texture": "#0"},
				"west": {"uv": [0, 0, 0.25, 1.5], "texture": "#0"},
				"up": {"uv": [0, 0, 4.5, 0.25], "texture": "#0"},
				"down": {"uv": [0, 0, 4.5, 0.25], "texture": "#0"}
			}
		},
		{
			"from": [6, -1.75, 4],
			"to": [10, -1.25, 6],
			"rotation": {"angle": -22.5, "axis": "x", "origin": [8, 0, 1.6875]},
			"faces": {
				"north": {"uv": [0, 0, 4, 0.5], "texture": "#0"},
				"east": {"uv": [0, 0, 2, 0.5], "texture": "#0"},
				"south": {"uv": [0, 0, 4, 0.5], "texture": "#0"},
				"west": {"uv": [0, 0, 2, 0.5], "texture": "#0"},
				"up": {"uv": [0, 0, 4, 2], "texture": "#0"},
				"down": {"uv": [0, 0, 4, 2], "texture": "#0"}
			}
		},
		{
			"from": [6.25, -1.75, 3.75],
			"to": [9.75, -1.25, 4],
			"rotation": {"angle": -22.5, "axis": "x", "origin": [8, 0, 1.6875]},
			"faces": {
				"north": {"uv": [0, 0, 3.5, 0.5], "texture": "#0"},
				"east": {"uv": [0, 0, 0.25, 0.5], "texture": "#0"},
				"south": {"uv": [0, 0, 3.5, 0.5], "texture": "#0"},
				"west": {"uv": [0, 0, 0.25, 0.5], "texture": "#0"},
				"up": {"uv": [0, 0, 3.5, 0.25], "texture": "#0"},
				"down": {"uv": [0, 0, 3.5, 0.25], "texture": "#0"}
			}
		},
		{
			"from": [8.25, 0.5, 4],
			"to": [9, 1, 4.25],
			"faces": {
				"north": {"uv": [15.25, 0, 16, 0.5], "texture": "#0"},
				"east": {"uv": [15.25, 0, 16, 0.5], "texture": "#0"},
				"south": {"uv": [15.25, 0, 16, 0.5], "texture": "#0"},
				"west": {"uv": [15.25, 0, 16, 0.5], "texture": "#0"},
				"up": {"uv": [15.25, 0, 16, 0.5], "texture": "#0"},
				"down": {"uv": [15.25, 0, 16, 0.5], "texture": "#0"}
			}
		},
		{
			"from": [7, 0.5, 4],
			"to": [7.75, 1, 4.25],
			"faces": {
				"north": {"uv": [15.25, 0, 16, 0.5], "texture": "#0"},
				"east": {"uv": [15.25, 0, 16, 0.5], "texture": "#0"},
				"south": {"uv": [15.25, 0, 16, 0.5], "texture": "#0"},
				"west": {"uv": [15.25, 0, 16, 0.5], "texture": "#0"},
				"up": {"uv": [15.25, 0, 16, 0.5], "texture": "#0"},
				"down": {"uv": [15.25, 0, 16, 0.5], "texture": "#0"}
			}
		},
		{
			"from": [7.25, -0.25, 4.25],
			"to": [7.75, 0, 4.5],
			"rotation": {"angle": -22.5, "axis": "x", "origin": [7.625, 0, 4.125]},
			"faces": {
				"north": {"uv": [15.5, 0.5, 16, 0.75], "texture": "#0"},
				"east": {"uv": [15.5, 0.5, 16, 0.75], "texture": "#0"},
				"south": {"uv": [15.5, 0.5, 16, 0.75], "texture": "#0"},
				"west": {"uv": [15.5, 0.5, 16, 0.75], "texture": "#0"},
				"up": {"uv": [15.5, 0.5, 16, 0.75], "texture": "#0"},
				"down": {"uv": [15.5, 0.5, 16, 0.75], "texture": "#0"}
			}
		},
		{
			"from": [8.25, -0.25, 4.25],
			"to": [8.75, 0, 4.5],
			"rotation": {"angle": -22.5, "axis": "x", "origin": [7.625, 0, 4.125]},
			"faces": {
				"north": {"uv": [15.5, 0.5, 16, 0.75], "texture": "#0"},
				"east": {"uv": [15.5, 0.5, 16, 0.75], "texture": "#0"},
				"south": {"uv": [15.5, 0.5, 16, 0.75], "texture": "#0"},
				"west": {"uv": [15.5, 0.5, 16, 0.75], "texture": "#0"},
				"up": {"uv": [15.5, 0.5, 16, 0.75], "texture": "#0"},
				"down": {"uv": [15.5, 0.5, 16, 0.75], "texture": "#0"}
			}
		},
		{
			"from": [9, -0.25, 4.25],
			"to": [9.5, 0, 4.5],
			"rotation": {"angle": -22.5, "axis": "x", "origin": [7.625, 0, 4.125]},
			"faces": {
				"north": {"uv": [15.5, 0.5, 16, 0.75], "texture": "#0"},
				"east": {"uv": [15.5, 0.5, 16, 0.75], "texture": "#0"},
				"south": {"uv": [15.5, 0.5, 16, 0.75], "texture": "#0"},
				"west": {"uv": [15.5, 0.5, 16, 0.75], "texture": "#0"},
				"up": {"uv": [15.5, 0.5, 16, 0.75], "texture": "#0"},
				"down": {"uv": [15.5, 0.5, 16, 0.75], "texture": "#0"}
			}
		},
		{
			"from": [6.5, -0.25, 4.25],
			"to": [7, 0, 4.5],
			"rotation": {"angle": -22.5, "axis": "x", "origin": [7.625, 0, 4.125]},
			"faces": {
				"north": {"uv": [15.5, 0.5, 16, 0.75], "texture": "#0"},
				"east": {"uv": [15.5, 0.5, 16, 0.75], "texture": "#0"},
				"south": {"uv": [15.5, 0.5, 16, 0.75], "texture": "#0"},
				"west": {"uv": [15.5, 0.5, 16, 0.75], "texture": "#0"},
				"up": {"uv": [15.5, 0.5, 16, 0.75], "texture": "#0"},
				"down": {"uv": [15.5, 0.5, 16, 0.75], "texture": "#0"}
			}
		},
		{
			"from": [6.25, -0.25, 4.75],
			"to": [6.5, 0, 5.25],
			"rotation": {"angle": -22.5, "axis": "x", "origin": [7.625, 0, 4.125]},
			"faces": {
				"north": {"uv": [15.5, 0.5, 15.75, 1], "texture": "#0"},
				"east": {"uv": [15.5, 0.5, 15.75, 1], "texture": "#0"},
				"south": {"uv": [15.5, 0.5, 15.75, 1], "texture": "#0"},
				"west": {"uv": [15.5, 0.5, 15.75, 1], "texture": "#0"},
				"up": {"uv": [15.5, 0.5, 15.75, 1], "texture": "#0"},
				"down": {"uv": [15.5, 0.5, 15.75, 1], "texture": "#0"}
			}
		},
		{
			"from": [9.5, -0.25, 4.75],
			"to": [9.75, 0, 5.25],
			"rotation": {"angle": -22.5, "axis": "x", "origin": [7.625, 0, 4.125]},
			"faces": {
				"north": {"uv": [15.5, 0.5, 15.75, 1], "texture": "#0"},
				"east": {"uv": [15.5, 0.5, 15.75, 1], "texture": "#0"},
				"south": {"uv": [15.5, 0.5, 15.75, 1], "texture": "#0"},
				"west": {"uv": [15.5, 0.5, 15.75, 1], "texture": "#0"},
				"up": {"uv": [15.5, 0.5, 15.75, 1], "texture": "#0"},
				"down": {"uv": [15.5, 0.5, 15.75, 1], "texture": "#0"}
			}
		},
		{
			"from": [7.5, 2.5, 3.75],
			"to": [8.5, 3, 4.25],
			"faces": {
				"north": {"uv": [0, 14.5, 1, 15], "texture": "#0"},
				"east": {"uv": [0, 14.5, 1, 15], "texture": "#0"},
				"south": {"uv": [0, 14.5, 1, 15], "texture": "#0"},
				"west": {"uv": [0, 14.5, 1, 15], "texture": "#0"},
				"up": {"uv": [0, 14.5, 1, 15], "texture": "#0"},
				"down": {"uv": [0, 14.5, 1, 15], "texture": "#0"}
			}
		},
		{
			"from": [5.5, 0, 6.25],
			"to": [10.5, 1.5, 8.25],
			"faces": {
				"north": {"uv": [0, 14.5, 5, 16], "texture": "#0"},
				"east": {"uv": [0, 14.5, 5, 16], "texture": "#0"},
				"south": {"uv": [0, 14.5, 5, 16], "texture": "#0"},
				"west": {"uv": [0, 14.5, 5, 16], "texture": "#0"},
				"up": {"uv": [0, 14.5, 5, 16], "texture": "#0"},
				"down": {"uv": [0, 14.5, 5, 16], "texture": "#0"}
			}
		},
		{
			"from": [8.75, 4.5, 4.75],
			"to": [10, 4.75, 5],
			"faces": {
				"north": {"uv": [0, 14.5, 1.25, 14.75], "texture": "#0"},
				"east": {"uv": [0, 14.5, 1.25, 14.75], "texture": "#0"},
				"south": {"uv": [0, 14.5, 1.25, 14.75], "texture": "#0"},
				"west": {"uv": [0, 14.5, 1.25, 14.75], "texture": "#0"},
				"up": {"uv": [0, 14.5, 1.25, 14.75], "texture": "#0"},
				"down": {"uv": [0, 14.5, 1.25, 14.75], "texture": "#0"}
			}
		},
		{
			"from": [6, 4.5, 4.75],
			"to": [7.25, 4.75, 5],
			"faces": {
				"north": {"uv": [0, 14.5, 1.25, 14.75], "texture": "#0"},
				"east": {"uv": [0, 14.5, 1.25, 14.75], "texture": "#0"},
				"south": {"uv": [0, 14.5, 1.25, 14.75], "texture": "#0"},
				"west": {"uv": [0, 14.5, 1.25, 14.75], "texture": "#0"},
				"up": {"uv": [0, 14.5, 1.25, 14.75], "texture": "#0"},
				"down": {"uv": [0, 14.5, 1.25, 14.75], "texture": "#0"}
			}
		},
		{
			"from": [7.5, 1.75, 5.25],
			"to": [8.5, 5.5, 8.25],
			"faces": {
				"north": {"uv": [0, 15, 0.5, 15.75], "texture": "#0"},
				"east": {"uv": [0, 15, 0.5, 15.75], "texture": "#0"},
				"south": {"uv": [0, 15, 0.5, 15.75], "texture": "#0"},
				"west": {"uv": [0, 15, 0.5, 15.75], "texture": "#0"},
				"up": {"uv": [0, 15, 0.5, 15.75], "texture": "#0"},
				"down": {"uv": [0, 15, 0.5, 15.75], "texture": "#0"}
			}
		},
		{
			"from": [5.5, 1.5, 6.25],
			"to": [10.5, 5.5, 8.25],
			"faces": {
				"north": {"uv": [0, 15, 4.5, 16], "texture": "#0"},
				"east": {"uv": [0, 15, 4.5, 16], "texture": "#0"},
				"south": {"uv": [0, 15, 4.5, 16], "texture": "#0"},
				"west": {"uv": [0, 15, 4.5, 16], "texture": "#0"},
				"up": {"uv": [0, 15, 4.5, 16], "texture": "#0"},
				"down": {"uv": [0, 15, 4.5, 16], "texture": "#0"}
			}
		},
		{
			"from": [6, 2.75, 5.5],
			"to": [7.25, 4, 6.5],
			"faces": {
				"north": {"uv": [14.125, 0, 15.875, 1.875], "texture": "#0"},
				"east": {"uv": [14.75, 0, 16, 1.25], "texture": "#0"},
				"south": {"uv": [14.75, 0, 16, 1.25], "texture": "#0"},
				"west": {"uv": [14.75, 0, 16, 1.25], "texture": "#0"},
				"up": {"uv": [14.75, 0, 16, 1.25], "texture": "#0"},
				"down": {"uv": [14.75, 0, 16, 1.25], "texture": "#0"}
			}
		},
		{
			"from": [8.75, 2.75, 5.5],
			"to": [10, 4, 6.5],
			"faces": {
				"north": {"uv": [14.125, 0, 15.875, 1.875], "texture": "#0"},
				"east": {"uv": [14.75, 0, 16, 1.25], "texture": "#0"},
				"south": {"uv": [14.75, 0, 16, 1.25], "texture": "#0"},
				"west": {"uv": [14.75, 0, 16, 1.25], "texture": "#0"},
				"up": {"uv": [14.75, 0, 16, 1.25], "texture": "#0"},
				"down": {"uv": [14.75, 0, 16, 1.25], "texture": "#0"}
			}
		},
		{
			"from": [5.5, 3.75, 5.25],
			"to": [10.5, 4.75, 5.5],
			"faces": {
				"north": {"uv": [7, 0, 12, 1], "texture": "#0"},
				"east": {"uv": [7, 0, 12, 1], "texture": "#0"},
				"south": {"uv": [7, 0, 12, 1], "texture": "#0"},
				"west": {"uv": [7, 0, 12, 1], "texture": "#0"},
				"up": {"uv": [7, 0, 12, 1], "texture": "#0"},
				"down": {"uv": [7, 0, 12, 0.25], "texture": "#0"}
			}
		},
		{
			"from": [5.25, 6, 8.25],
			"to": [6, 9.5, 8.75],
			"faces": {
				"north": {"uv": [11, 12, 11.75, 15.5], "texture": "#0"},
				"east": {"uv": [11, 12, 11.5, 15.5], "texture": "#0"},
				"south": {"uv": [11, 12, 11.75, 15.5], "texture": "#0"},
				"west": {"uv": [11, 12, 11.5, 15.5], "texture": "#0"},
				"up": {"uv": [11, 12, 11.75, 12.5], "texture": "#0"},
				"down": {"uv": [11, 12, 11.75, 12.5], "texture": "#0"}
			}
		},
		{
			"from": [4.75, 6.25, 8],
			"to": [6.75, 9.25, 9],
			"faces": {
				"north": {"uv": [11, 12, 13, 15], "texture": "#0"},
				"east": {"uv": [11, 12, 12, 15], "texture": "#0"},
				"south": {"uv": [11, 12, 13, 15], "texture": "#0"},
				"west": {"uv": [11, 12, 12, 15], "texture": "#0"},
				"up": {"uv": [11, 12, 13, 13], "texture": "#0"},
				"down": {"uv": [11, 12, 13, 13], "texture": "#0"}
			}
		},
		{
			"from": [4.75, 9.5, 7.25],
			"to": [6.75, 10.75, 8.25],
			"rotation": {"angle": -22.5, "axis": "x", "origin": [5.75, 11.0625, 8.5]},
			"faces": {
				"north": {"uv": [10.5, 10.5, 12.5, 11.75], "texture": "#0"},
				"east": {"uv": [10.5, 10.5, 11.5, 11.75], "texture": "#0"},
				"south": {"uv": [10.5, 10.5, 12.5, 11.75], "texture": "#0"},
				"west": {"uv": [10.5, 10.5, 12.5, 11.75], "texture": "#0"},
				"up": {"uv": [10.5, 10.5, 12.5, 11.5], "texture": "#0"},
				"down": {"uv": [10.5, 10.5, 12.5, 11.5], "texture": "#0"}
			}
		},
		{
			"from": [5, 10.75, 7.25],
			"to": [6.5, 11.25, 8.25],
			"rotation": {"angle": -22.5, "axis": "x", "origin": [5.75, 11.0625, 8.5]},
			"faces": {
				"north": {"uv": [10.5, 10.5, 12, 11], "texture": "#0"},
				"east": {"uv": [10.5, 10.5, 11.5, 11], "texture": "#0"},
				"south": {"uv": [10.5, 10.5, 12, 11], "texture": "#0"},
				"west": {"uv": [10.5, 10.5, 12, 11], "texture": "#0"},
				"up": {"uv": [10.5, 10.5, 12, 11.5], "texture": "#0"},
				"down": {"uv": [10.5, 10.5, 12, 11.5], "texture": "#0"}
			}
		},
		{
			"from": [5.25, 11.25, 7.25],
			"to": [6.25, 11.5, 8.25],
			"rotation": {"angle": -22.5, "axis": "x", "origin": [5.75, 11.0625, 8.5]},
			"faces": {
				"north": {"uv": [10.5, 10.5, 11.5, 10.75], "texture": "#0"},
				"east": {"uv": [10.5, 10.5, 11.5, 10.75], "texture": "#0"},
				"south": {"uv": [10.5, 10.5, 11.5, 10.75], "texture": "#0"},
				"west": {"uv": [10.5, 10.5, 11.5, 10.75], "texture": "#0"},
				"up": {"uv": [10.5, 10.5, 11.5, 11.5], "texture": "#0"},
				"down": {"uv": [10.5, 10.5, 11.5, 11.5], "texture": "#0"}
			}
		},
		{
			"from": [10, 6, 8.25],
			"to": [10.75, 9.5, 8.75],
			"faces": {
				"north": {"uv": [14, 12, 14.75, 15.5], "texture": "#0"},
				"east": {"uv": [14, 12, 14.5, 15.5], "texture": "#0"},
				"south": {"uv": [14, 12, 14.75, 15.5], "texture": "#0"},
				"west": {"uv": [14, 12, 14.5, 15.5], "texture": "#0"},
				"up": {"uv": [14, 12, 14.75, 12.5], "texture": "#0"},
				"down": {"uv": [14, 12, 14.75, 12.5], "texture": "#0"}
			}
		},
		{
			"from": [9.25, 6.25, 8],
			"to": [11.25, 9.25, 9],
			"faces": {
				"north": {"uv": [14, 12, 16, 15], "texture": "#0"},
				"east": {"uv": [14, 12, 15, 15], "texture": "#0"},
				"south": {"uv": [14, 12, 16, 15], "texture": "#0"},
				"west": {"uv": [14, 12, 15, 15], "texture": "#0"},
				"up": {"uv": [14, 12, 16, 13], "texture": "#0"},
				"down": {"uv": [14, 12, 16, 13], "texture": "#0"}
			}
		},
		{
			"from": [9.25, 9.5, 7.25],
			"to": [11.25, 10.75, 8.25],
			"rotation": {"angle": -22.5, "axis": "x", "origin": [5.75, 11.0625, 8.5]},
			"faces": {
				"north": {"uv": [10, 12.5, 12, 13.75], "texture": "#0"},
				"east": {"uv": [10, 12.5, 11, 13.75], "texture": "#0"},
				"south": {"uv": [10, 12.5, 12, 13.75], "texture": "#0"},
				"west": {"uv": [10, 12.5, 11, 13.75], "texture": "#0"},
				"up": {"uv": [10, 12.5, 12, 13.5], "texture": "#0"},
				"down": {"uv": [10, 12.5, 12, 13.5], "texture": "#0"}
			}
		},
		{
			"from": [9.5, 10.75, 7.25],
			"to": [11, 11.25, 8.25],
			"rotation": {"angle": -22.5, "axis": "x", "origin": [5.75, 11.0625, 8.5]},
			"faces": {
				"north": {"uv": [10, 12.5, 11.5, 13], "texture": "#0"},
				"east": {"uv": [10, 12.5, 11, 13], "texture": "#0"},
				"south": {"uv": [10, 12.5, 11.5, 13], "texture": "#0"},
				"west": {"uv": [10, 12.5, 11, 13], "texture": "#0"},
				"up": {"uv": [10, 12.5, 11.5, 13.5], "texture": "#0"},
				"down": {"uv": [10, 12.5, 11.5, 13.5], "texture": "#0"}
			}
		},
		{
			"from": [9.75, 11.25, 7.25],
			"to": [10.75, 11.5, 8.25],
			"rotation": {"angle": -22.5, "axis": "x", "origin": [5.75, 11.0625, 8.5]},
			"faces": {
				"north": {"uv": [10, 12.5, 11, 12.75], "texture": "#0"},
				"east": {"uv": [10, 12.5, 11, 12.75], "texture": "#0"},
				"south": {"uv": [10, 12.5, 11, 12.75], "texture": "#0"},
				"west": {"uv": [10, 12.5, 11, 12.75], "texture": "#0"},
				"up": {"uv": [10, 12.5, 11, 13.5], "texture": "#0"},
				"down": {"uv": [10, 12.5, 11, 13.5], "texture": "#0"}
			}
		},
		{
			"from": [4.25, 1.75, 4.5],
			"to": [5.25, 2.75, 5],
			"faces": {
				"north": {"uv": [0, 5.5, 1, 6.5], "texture": "#0"},
				"east": {"uv": [0, 5.5, 0.5, 6.5], "texture": "#0"},
				"south": {"uv": [0, 5.5, 1, 6.5], "texture": "#0"},
				"west": {"uv": [0, 5.5, 0.5, 6.5], "texture": "#0"},
				"up": {"uv": [0, 5.5, 1, 6], "texture": "#0"},
				"down": {"uv": [0, 5.5, 1, 6], "texture": "#0"}
			}
		},
		{
			"from": [10.75, 1.75, 4.5],
			"to": [11.75, 2.75, 5],
			"faces": {
				"north": {"uv": [0, 5.5, 1, 6.5], "texture": "#0"},
				"east": {"uv": [0, 5.5, 0.5, 6.5], "texture": "#0"},
				"south": {"uv": [0, 5.5, 1, 6.5], "texture": "#0"},
				"west": {"uv": [0, 5.5, 0.5, 6.5], "texture": "#0"},
				"up": {"uv": [0, 5.5, 1, 6], "texture": "#0"},
				"down": {"uv": [0, 5.5, 1, 6], "texture": "#0"}
			}
		}
	],
	"display": {
		"head": {
			"translation": [0, 12.75, 0],
			"scale": [2.15, 2.15, 2.15]
		}
	},
	"groups": [
		{
			"name": "group",
			"origin": [8, 8, 8],
			"color": 0,
			"nbt": "{}",
			"armAnimationEnabled": false,
			"children": [0, 1, 2, 3, 4, 5, 6, 7, 8, 9, 10, 11, 12]
		},
		{
			"name": "group",
			"origin": [8, 8, 8],
			"color": 0,
			"nbt": "{}",
			"armAnimationEnabled": false,
			"children": [13, 14]
		},
		{
			"name": "group",
			"origin": [0, 0, 0],
			"color": 0,
			"nbt": "{}",
			"armAnimationEnabled": false,
			"children": [15, 16]
		},
		{
			"name": "group",
			"origin": [8, 8, 8],
			"color": 0,
			"nbt": "{}",
			"armAnimationEnabled": false,
			"children": [17, 18]
		},
		{
			"name": "group",
			"origin": [7.625, 0, 4.125],
			"color": 0,
			"nbt": "{}",
			"armAnimationEnabled": false,
			"children": [19, 20, 21, 22, 23, 24]
		},
		{
			"name": "group",
			"origin": [0, 0, 0],
			"color": 0,
			"nbt": "{}",
			"armAnimationEnabled": false,
			"children": [25, 26, 27, 28]
		},
		{
			"name": "group",
			"origin": [8, 8, 8],
			"color": 0,
			"nbt": "{}",
			"armAnimationEnabled": false,
			"children": [29, 30]
		},
		{
			"name": "group",
			"origin": [8, 8, 8],
			"color": 0,
			"nbt": "{}",
			"armAnimationEnabled": false,
			"children": [31, 32]
		},
		33,
		{
			"name": "group",
			"origin": [8, 8, 8],
			"color": 0,
			"nbt": "{}",
			"armAnimationEnabled": false,
			"children": [34, 35]
		},
		{
			"name": "group",
			"origin": [8, 8, 8],
			"color": 0,
			"nbt": "{}",
			"armAnimationEnabled": false,
			"children": [36, 37, 38]
		},
		{
			"name": "group",
			"origin": [8, 8, 8],
			"color": 0,
			"nbt": "{}",
			"armAnimationEnabled": false,
			"children": [39, 40]
		},
		{
			"name": "group",
			"origin": [8, 8, 8],
			"color": 0,
			"nbt": "{}",
			"armAnimationEnabled": false,
			"children": [41, 42, 43]
		},
		{
			"name": "group",
			"origin": [8, 8, 8],
			"color": 0,
			"nbt": "{}",
			"armAnimationEnabled": false,
			"children": [44, 45]
		}
	]
}