{
	"credit": "Made with Blockbench",
	"textures": {
		"0": "./wfreddy",
		"particle": "./wfreddy"
	},
	"elements": [
		{
			"from": [11, 8.25, 8],
			"to": [12.75, 10, 8.75],
			"faces": {
				"north": {"uv": [0, 0, 1.75, 1.75], "texture": "#0"},
				"east": {"uv": [0, 0, 0.75, 1.75], "texture": "#0"},
				"south": {"uv": [0, 0, 1.75, 1.75], "texture": "#0"},
				"west": {"uv": [0, 0, 0.75, 1.75], "texture": "#0"},
				"up": {"uv": [0, 0, 1.75, 0.75], "texture": "#0"},
				"down": {"uv": [0, 0, 1.75, 0.75], "texture": "#0"}
			}
		},
		{
			"from": [3.25, 8.25, 8],
			"to": [5, 10, 8.75],
			"faces": {
				"north": {"uv": [0, 0, 1.75, 1.75], "texture": "#0"},
				"east": {"uv": [0, 0, 0.75, 1.75], "texture": "#0"},
				"south": {"uv": [0, 0, 1.75, 1.75], "texture": "#0"},
				"west": {"uv": [0, 0, 0.75, 1.75], "texture": "#0"},
				"up": {"uv": [0, 0, 1.75, 0.75], "texture": "#0"},
				"down": {"uv": [0, 0, 1.75, 0.75], "texture": "#0"}
			}
		},
		{
			"from": [4.375, 7.375, 8.25],
			"to": [6.125, 7.875, 8.5],
			"rotation": {"angle": -45, "axis": "z", "origin": [5.5, 8.375, 8.375]},
			"faces": {
				"north": {"uv": [0, 12.5, 0.5, 14.25], "rotation": 90, "texture": "#0"},
				"east": {"uv": [0, 12.5, 0.5, 14.25], "rotation": 90, "texture": "#0"},
				"south": {"uv": [0, 12.5, 0.5, 14.25], "rotation": 90, "texture": "#0"},
				"west": {"uv": [0, 12.5, 0.5, 14.25], "rotation": 90, "texture": "#0"},
				"up": {"uv": [0, 12.5, 0.5, 14.25], "rotation": 90, "texture": "#0"},
				"down": {"uv": [0, 12.5, 0.5, 14.25], "rotation": 90, "texture": "#0"}
			}
		},
		{
			"from": [11, 8, 8.25],
			"to": [11.5, 9.75, 8.5],
			"rotation": {"angle": -45, "axis": "z", "origin": [10.5, 8.375, 8.375]},
			"faces": {
				"north": {"uv": [0.5, 13.5, 1, 15.25], "texture": "#0"},
				"east": {"uv": [0.5, 13.5, 1, 15.25], "texture": "#0"},
				"south": {"uv": [0.5, 13.5, 1, 15.25], "texture": "#0"},
				"west": {"uv": [0.5, 13.5, 1, 15.25], "texture": "#0"},
				"up": {"uv": [0.5, 13.5, 1, 15.25], "texture": "#0"},
				"down": {"uv": [0.5, 13.5, 1, 15.25], "texture": "#0"}
			}
		},
		{
			"from": [10.25, 1.25, 5],
			"to": [11, 2, 10.75],
			"faces": {
				"north": {"uv": [0, 0, 0.75, 0.75], "texture": "#0"},
				"east": {"uv": [0, 0, 5.75, 0.75], "texture": "#0"},
				"south": {"uv": [0, 0, 0.75, 0.75], "texture": "#0"},
				"west": {"uv": [0, 0, 5.75, 0.75], "texture": "#0"},
				"up": {"uv": [0, 0, 0.75, 5.75], "texture": "#0"},
				"down": {"uv": [0, 0, 0.75, 5.75], "texture": "#0"}
			}
		},
		{
			"from": [10.25, 2, 7.5],
			"to": [11, 2.5, 10.75],
			"faces": {
				"north": {"uv": [0, 0, 0.75, 0.5], "texture": "#0"},
				"east": {"uv": [0, 0, 3.25, 0.5], "texture": "#0"},
				"south": {"uv": [0, 0, 0.75, 0.5], "texture": "#0"},
				"west": {"uv": [0, 0, 3.25, 0.5], "texture": "#0"},
				"up": {"uv": [0, 0, 0.75, 3.25], "texture": "#0"},
				"down": {"uv": [0, 0, 0.75, 3.25], "texture": "#0"}
			}
		},
		{
			"from": [5, 2, 7.5],
			"to": [5.75, 2.5, 10.75],
			"faces": {
				"north": {"uv": [0, 0, 0.75, 0.5], "texture": "#0"},
				"east": {"uv": [0, 0, 3.25, 0.5], "texture": "#0"},
				"south": {"uv": [0, 0, 0.75, 0.5], "texture": "#0"},
				"west": {"uv": [0, 0, 3.25, 0.5], "texture": "#0"},
				"up": {"uv": [0, 0, 0.75, 3.25], "texture": "#0"},
				"down": {"uv": [0, 0, 0.75, 3.25], "texture": "#0"}
			}
		},
		{
			"from": [5, 1.25, 5],
			"to": [5.75, 2, 10.75],
			"faces": {
				"north": {"uv": [0, 0, 0.75, 0.75], "texture": "#0"},
				"east": {"uv": [0, 0, 5.75, 0.75], "texture": "#0"},
				"south": {"uv": [0, 0, 0.75, 0.75], "texture": "#0"},
				"west": {"uv": [0, 0, 5.75, 0.75], "texture": "#0"},
				"up": {"uv": [0, 0, 0.75, 5.75], "texture": "#0"},
				"down": {"uv": [0, 0, 0.75, 5.75], "texture": "#0"}
			}
		},
		{
			"from": [5.75, 1.25, 5],
			"to": [10.25, 1.75, 9.75],
			"faces": {
				"north": {"uv": [0, 0, 4.5, 0.5], "texture": "#0"},
				"east": {"uv": [0, 0, 4.75, 0.5], "texture": "#0"},
				"south": {"uv": [0, 0, 4.5, 0.5], "texture": "#0"},
				"west": {"uv": [0, 0, 4.75, 0.5], "texture": "#0"},
				"up": {"uv": [0, 0, 4.5, 4.75], "texture": "#0"},
				"down": {"uv": [0, 0, 4.5, 4.75], "texture": "#0"}
			}
		},
		{
			"from": [5.75, 1.25, 9.75],
			"to": [10.25, 2.5, 11],
			"faces": {
				"north": {"uv": [0, 0, 4.5, 1.25], "texture": "#0"},
				"east": {"uv": [0, 0, 1.25, 1.25], "texture": "#0"},
				"south": {"uv": [0, 0, 4.5, 1.25], "texture": "#0"},
				"west": {"uv": [0, 0, 1.25, 1.25], "texture": "#0"},
				"up": {"uv": [0, 0, 4.5, 1.25], "texture": "#0"},
				"down": {"uv": [0, 0, 4.5, 1.25], "texture": "#0"}
			}
		},
		{
			"from": [5.5, 1.25, 4],
			"to": [10.5, 2, 5],
			"faces": {
				"north": {"uv": [0, 0, 5, 0.75], "texture": "#0"},
				"east": {"uv": [0, 0, 1, 0.75], "texture": "#0"},
				"south": {"uv": [0, 0, 5, 0.75], "texture": "#0"},
				"west": {"uv": [0, 0, 1, 0.75], "texture": "#0"},
				"up": {"uv": [0, 0, 5, 1], "texture": "#0"},
				"down": {"uv": [0, 0, 5, 1], "texture": "#0"}
			}
		},
		{
			"from": [9.5, 2, 4.5],
			"to": [10.5, 2.5, 4.75],
			"faces": {
				"north": {"uv": [15, 0, 16, 0.5], "texture": "#0"},
				"east": {"uv": [15, 0, 16, 0.5], "texture": "#0"},
				"south": {"uv": [15, 0, 16, 0.5], "texture": "#0"},
				"west": {"uv": [15, 0, 16, 0.5], "texture": "#0"},
				"up": {"uv": [15, 0, 16, 0.5], "texture": "#0"},
				"down": {"uv": [15, 0, 16, 0.5], "texture": "#0"}
			}
		},
		{
			"from": [5.5, 2, 4.5],
			"to": [6.5, 2.5, 4.75],
			"faces": {
				"north": {"uv": [15, 0, 16, 0.5], "texture": "#0"},
				"east": {"uv": [15, 0, 16, 0.5], "texture": "#0"},
				"south": {"uv": [15, 0, 16, 0.5], "texture": "#0"},
				"west": {"uv": [15, 0, 16, 0.5], "texture": "#0"},
				"up": {"uv": [15, 0, 16, 0.5], "texture": "#0"},
				"down": {"uv": [15, 0, 16, 0.5], "texture": "#0"}
			}
		},
		{
			"from": [5.125, 2, 5.125],
			"to": [5.375, 2.5, 6.125],
			"rotation": {"angle": 0, "axis": "y", "origin": [6, 2, 5.625]},
			"faces": {
				"north": {"uv": [15, 0, 15.25, 0.5], "texture": "#0"},
				"east": {"uv": [15, 0, 15.25, 0.5], "texture": "#0"},
				"south": {"uv": [15, 0, 15.25, 0.5], "texture": "#0"},
				"west": {"uv": [15, 0, 15.25, 0.5], "texture": "#0"},
				"up": {"uv": [15, 0, 15.25, 0.5], "texture": "#0"},
				"down": {"uv": [15, 0, 15.25, 0.5], "texture": "#0"}
			}
		},
		{
			"from": [5.125, 2, 6.375],
			"to": [5.375, 2.5, 7.375],
			"rotation": {"angle": 0, "axis": "y", "origin": [6, 2, 5.625]},
			"faces": {
				"north": {"uv": [15, 0, 15.25, 0.5], "texture": "#0"},
				"east": {"uv": [15, 0, 15.25, 0.5], "texture": "#0"},
				"south": {"uv": [15, 0, 15.25, 0.5], "texture": "#0"},
				"west": {"uv": [15, 0, 15.25, 0.5], "texture": "#0"},
				"up": {"uv": [15, 0, 15.25, 0.5], "texture": "#0"},
				"down": {"uv": [15, 0, 15.25, 0.5], "texture": "#0"}
			}
		},
		{
			"from": [10.625, 2, 5.125],
			"to": [10.875, 2.5, 6.125],
			"rotation": {"angle": 0, "axis": "y", "origin": [6, 2, 5.625]},
			"faces": {
				"north": {"uv": [15, 0, 15.25, 0.5], "texture": "#0"},
				"east": {"uv": [15, 0, 15.25, 0.5], "texture": "#0"},
				"south": {"uv": [15, 0, 15.25, 0.5], "texture": "#0"},
				"west": {"uv": [15, 0, 15.25, 0.5], "texture": "#0"},
				"up": {"uv": [15, 0, 15.25, 0.5], "texture": "#0"},
				"down": {"uv": [15, 0, 15.25, 0.5], "texture": "#0"}
			}
		},
		{
			"from": [10.625, 2, 6.375],
			"to": [10.875, 2.5, 7.375],
			"rotation": {"angle": 0, "axis": "y", "origin": [6, 2, 5.625]},
			"faces": {
				"north": {"uv": [15, 0, 15.25, 0.5], "texture": "#0"},
				"east": {"uv": [15, 0, 15.25, 0.5], "texture": "#0"},
				"south": {"uv": [15, 0, 15.25, 0.5], "texture": "#0"},
				"west": {"uv": [15, 0, 15.25, 0.5], "texture": "#0"},
				"up": {"uv": [15, 0, 15.25, 0.5], "texture": "#0"},
				"down": {"uv": [15, 0, 15.25, 0.5], "texture": "#0"}
			}
		},
		{
			"from": [6.75, 2, 4.25],
			"to": [7.75, 2.5, 4.5],
			"faces": {
				"north": {"uv": [15, 0, 16, 0.5], "texture": "#0"},
				"east": {"uv": [15, 0, 16, 0.5], "texture": "#0"},
				"south": {"uv": [15, 0, 16, 0.5], "texture": "#0"},
				"west": {"uv": [15, 0, 16, 0.5], "texture": "#0"},
				"up": {"uv": [15, 0, 16, 0.5], "texture": "#0"},
				"down": {"uv": [15, 0, 16, 0.5], "texture": "#0"}
			}
		},
		{
			"from": [8.25, 2, 4.25],
			"to": [9.25, 2.5, 4.5],
			"faces": {
				"north": {"uv": [15, 0, 16, 0.5], "texture": "#0"},
				"east": {"uv": [15, 0, 16, 0.5], "texture": "#0"},
				"south": {"uv": [15, 0, 16, 0.5], "texture": "#0"},
				"west": {"uv": [15, 0, 16, 0.5], "texture": "#0"},
				"up": {"uv": [15, 0, 16, 0.5], "texture": "#0"},
				"down": {"uv": [15, 0, 16, 0.5], "texture": "#0"}
			}
		},
		{
			"from": [10.25, 3.25, 5],
			"to": [11, 8, 11],
			"faces": {
				"north": {"uv": [0, 0, 0.75, 4.75], "texture": "#0"},
				"east": {"uv": [0, 0, 6, 4.75], "texture": "#0"},
				"south": {"uv": [0, 0, 0.75, 4.75], "texture": "#0"},
				"west": {"uv": [0, 0, 6, 4.75], "texture": "#0"},
				"up": {"uv": [0, 0, 0.75, 6], "texture": "#0"},
				"down": {"uv": [0, 0, 0.75, 6], "texture": "#0"}
			}
		},
		{
			"from": [5, 3.25, 5],
			"to": [5.75, 8, 11],
			"faces": {
				"north": {"uv": [0, 0, 0.75, 4.75], "texture": "#0"},
				"east": {"uv": [0, 0, 6, 4.75], "texture": "#0"},
				"south": {"uv": [0, 0, 0.75, 4.75], "texture": "#0"},
				"west": {"uv": [0, 0, 6, 4.75], "texture": "#0"},
				"up": {"uv": [0, 0, 0.75, 6], "texture": "#0"},
				"down": {"uv": [0, 0, 0.75, 6], "texture": "#0"}
			}
		},
		{
			"from": [5.75, 3.25, 10.75],
			"to": [10.25, 8, 11],
			"faces": {
				"north": {"uv": [0, 0, 4.5, 4.75], "texture": "#0"},
				"east": {"uv": [0, 0, 0.25, 4.75], "texture": "#0"},
				"south": {"uv": [0, 0, 4.5, 4.75], "texture": "#0"},
				"west": {"uv": [0, 0, 0.25, 4.75], "texture": "#0"},
				"up": {"uv": [0, 0, 4.5, 0.25], "texture": "#0"},
				"down": {"uv": [0, 0, 4.5, 0.25], "texture": "#0"}
			}
		},
		{
			"from": [5.75, 7.5, 5.25],
			"to": [10.25, 8, 10.75],
			"faces": {
				"north": {"uv": [0, 0, 4.5, 0.5], "texture": "#0"},
				"east": {"uv": [0, 0, 5.5, 0.5], "texture": "#0"},
				"south": {"uv": [0, 0, 4.5, 0.5], "texture": "#0"},
				"west": {"uv": [0, 0, 5.5, 0.5], "texture": "#0"},
				"up": {"uv": [0, 0, 4.5, 5.5], "texture": "#0"},
				"down": {"uv": [0, 0, 4.5, 5.5], "texture": "#0"}
			}
		},
		{
			"from": [5.75, 6.25, 5],
			"to": [10.25, 8, 5.25],
			"faces": {
				"north": {"uv": [0, 0, 4.5, 1.75], "texture": "#0"},
				"east": {"uv": [0, 0, 0.25, 1.75], "texture": "#0"},
				"south": {"uv": [0, 0, 4.5, 1.75], "texture": "#0"},
				"west": {"uv": [0, 0, 0.25, 1.75], "texture": "#0"},
				"up": {"uv": [0, 0, 4.5, 0.25], "texture": "#0"},
				"down": {"uv": [0, 0, 4.5, 0.25], "texture": "#0"}
			}
		},
		{
			"from": [7.5, 4.75, 5],
			"to": [8.5, 6.25, 5.25],
			"faces": {
				"north": {"uv": [0, 0, 1, 1.5], "texture": "#0"},
				"east": {"uv": [0, 0, 0.25, 1.5], "texture": "#0"},
				"south": {"uv": [0, 0, 1, 1.5], "texture": "#0"},
				"west": {"uv": [0, 0, 0.25, 1.5], "texture": "#0"},
				"up": {"uv": [0, 0, 1, 0.25], "texture": "#0"},
				"down": {"uv": [0, 0, 1, 0.25], "texture": "#0"}
			}
		},
		{
			"from": [5.75, 3.25, 5],
			"to": [10.25, 4.75, 5.25],
			"faces": {
				"north": {"uv": [0, 0, 4.5, 1.5], "texture": "#0"},
				"east": {"uv": [0, 0, 0.25, 1.5], "texture": "#0"},
				"south": {"uv": [0, 0, 4.5, 1.5], "texture": "#0"},
				"west": {"uv": [0, 0, 0.25, 1.5], "texture": "#0"},
				"up": {"uv": [0, 0, 4.5, 0.25], "texture": "#0"},
				"down": {"uv": [0, 0, 4.5, 0.25], "texture": "#0"}
			}
		},
		{
			"from": [5.5, 3.25, 4],
			"to": [10.5, 4.75, 5],
			"faces": {
				"north": {"uv": [11, 6.5, 16, 8], "texture": "#0"},
				"east": {"uv": [11, 6.5, 16, 8], "texture": "#0"},
				"south": {"uv": [11, 6.5, 16, 8], "texture": "#0"},
				"west": {"uv": [11, 6.5, 16, 8], "texture": "#0"},
				"up": {"uv": [11, 6.5, 16, 8], "texture": "#0"},
				"down": {"uv": [11, 6.5, 16, 8], "texture": "#0"}
			}
		},
		{
			"from": [5.5, 5.75, 5.25],
			"to": [10.5, 6.25, 5.25],
			"faces": {
				"north": {"uv": [11, 6.5, 16, 7], "texture": "#0"},
				"east": {"uv": [11, 6.5, 16, 7], "texture": "#0"},
				"south": {"uv": [11, 6.5, 16, 7], "texture": "#0"},
				"west": {"uv": [11, 6.5, 16, 7], "texture": "#0"},
				"up": {"uv": [11, 6.5, 16, 6.5], "texture": "#0"},
				"down": {"uv": [11, 6.5, 16, 6.5], "texture": "#0"}
			}
		},
		{
			"from": [5.75, 3.25, 3.75],
			"to": [10.25, 4.75, 4],
			"faces": {
				"north": {"uv": [11, 6.5, 15.5, 8], "texture": "#0"},
				"east": {"uv": [11, 6.5, 15.5, 8], "texture": "#0"},
				"south": {"uv": [11, 6.5, 15.5, 8], "texture": "#0"},
				"west": {"uv": [11, 6.5, 15.5, 8], "texture": "#0"},
				"up": {"uv": [11, 6.5, 15.5, 8], "texture": "#0"},
				"down": {"uv": [11, 6.5, 15.5, 8], "texture": "#0"}
			}
		},
		{
			"from": [7.5, 4.5, 3.5],
			"to": [8.5, 5, 4],
			"faces": {
				"north": {"uv": [0, 6, 1, 6.5], "texture": "#0"},
				"east": {"uv": [0, 6, 1, 6.5], "texture": "#0"},
				"south": {"uv": [0, 6, 1, 6.5], "texture": "#0"},
				"west": {"uv": [0, 6, 1, 6.5], "texture": "#0"},
				"up": {"uv": [0, 6, 1, 6.5], "texture": "#0"},
				"down": {"uv": [0, 6, 1, 6.5], "texture": "#0"}
			}
		},
		{
			"from": [6, 6.5, 4.75],
			"to": [7.25, 6.75, 5.25],
			"faces": {
				"north": {"uv": [0, 6, 1.25, 6.25], "texture": "#0"},
				"east": {"uv": [0, 6, 1.25, 6.25], "texture": "#0"},
				"south": {"uv": [0, 6, 1.25, 6.25], "texture": "#0"},
				"west": {"uv": [0, 6, 1.25, 6.25], "texture": "#0"},
				"up": {"uv": [0, 6, 1.25, 6.25], "texture": "#0"},
				"down": {"uv": [0, 6, 1.25, 6.25], "texture": "#0"}
			}
		},
		{
			"from": [8.75, 6.5, 4.75],
			"to": [10, 6.75, 5.25],
			"faces": {
				"north": {"uv": [0, 6, 1.25, 6.25], "texture": "#0"},
				"east": {"uv": [0, 6, 1.25, 6.25], "texture": "#0"},
				"south": {"uv": [0, 6, 1.25, 6.25], "texture": "#0"},
				"west": {"uv": [0, 6, 1.25, 6.25], "texture": "#0"},
				"up": {"uv": [0, 6, 1.25, 6.25], "texture": "#0"},
				"down": {"uv": [0, 6, 1.25, 6.25], "texture": "#0"}
			}
		},
		{
			"from": [6.75, 2.75, 4],
			"to": [7.75, 3.25, 4.25],
			"faces": {
				"north": {"uv": [15, 0, 16, 0.5], "texture": "#0"},
				"east": {"uv": [15, 0, 16, 0.5], "texture": "#0"},
				"south": {"uv": [15, 0, 16, 0.5], "texture": "#0"},
				"west": {"uv": [15, 0, 16, 0.5], "texture": "#0"},
				"up": {"uv": [15, 0, 16, 0.5], "texture": "#0"},
				"down": {"uv": [15, 0, 16, 0.5], "texture": "#0"}
			}
		},
		{
			"from": [5.5, 2.75, 4.5],
			"to": [6.5, 3.25, 4.75],
			"faces": {
				"north": {"uv": [15, 0, 16, 0.5], "texture": "#0"},
				"east": {"uv": [15, 0, 16, 0.5], "texture": "#0"},
				"south": {"uv": [15, 0, 16, 0.5], "texture": "#0"},
				"west": {"uv": [15, 0, 16, 0.5], "texture": "#0"},
				"up": {"uv": [15, 0, 16, 0.5], "texture": "#0"},
				"down": {"uv": [15, 0, 16, 0.5], "texture": "#0"}
			}
		},
		{
			"from": [9.5, 2.75, 4.5],
			"to": [10.5, 3.25, 4.75],
			"faces": {
				"north": {"uv": [15, 0, 16, 0.5], "texture": "#0"},
				"east": {"uv": [15, 0, 16, 0.5], "texture": "#0"},
				"south": {"uv": [15, 0, 16, 0.5], "texture": "#0"},
				"west": {"uv": [15, 0, 16, 0.5], "texture": "#0"},
				"up": {"uv": [15, 0, 16, 0.5], "texture": "#0"},
				"down": {"uv": [15, 0, 16, 0.5], "texture": "#0"}
			}
		},
		{
			"from": [10.375, 2.75, 5.125],
			"to": [10.625, 3.25, 6.125],
			"rotation": {"angle": 0, "axis": "y", "origin": [10, 3, 5.625]},
			"faces": {
				"north": {"uv": [15, 0, 15.25, 0.5], "texture": "#0"},
				"east": {"uv": [15, 0, 15.25, 0.5], "texture": "#0"},
				"south": {"uv": [15, 0, 15.25, 0.5], "texture": "#0"},
				"west": {"uv": [15, 0, 15.25, 0.5], "texture": "#0"},
				"up": {"uv": [15, 0, 15.25, 0.5], "texture": "#0"},
				"down": {"uv": [15, 0, 15.25, 0.5], "texture": "#0"}
			}
		},
		{
			"from": [5.375, 2.75, 5.125],
			"to": [5.625, 3.25, 6.125],
			"rotation": {"angle": 0, "axis": "y", "origin": [10, 3, 5.625]},
			"faces": {
				"north": {"uv": [15, 0, 15.25, 0.5], "texture": "#0"},
				"east": {"uv": [15, 0, 15.25, 0.5], "texture": "#0"},
				"south": {"uv": [15, 0, 15.25, 0.5], "texture": "#0"},
				"west": {"uv": [15, 0, 15.25, 0.5], "texture": "#0"},
				"up": {"uv": [15, 0, 15.25, 0.5], "texture": "#0"},
				"down": {"uv": [15, 0, 15.25, 0.5], "texture": "#0"}
			}
		},
		{
			"from": [8.25, 2.75, 4],
			"to": [9.25, 3.25, 4.25],
			"faces": {
				"north": {"uv": [15, 0, 16, 0.5], "texture": "#0"},
				"east": {"uv": [15, 0, 16, 0.5], "texture": "#0"},
				"south": {"uv": [15, 0, 16, 0.5], "texture": "#0"},
				"west": {"uv": [15, 0, 16, 0.5], "texture": "#0"},
				"up": {"uv": [15, 0, 16, 0.5], "texture": "#0"},
				"down": {"uv": [15, 0, 16, 0.5], "texture": "#0"}
			}
		},
		{
			"from": [7, 1.75, 5.25],
			"to": [9, 2, 8],
			"faces": {
				"north": {"uv": [0, 11.75, 2, 12], "texture": "#0"},
				"east": {"uv": [0, 11.75, 2.75, 12], "texture": "#0"},
				"south": {"uv": [0, 11.75, 2, 12], "texture": "#0"},
				"west": {"uv": [0, 11.75, 2.75, 12], "texture": "#0"},
				"up": {"uv": [0, 11.75, 2, 14.5], "texture": "#0"},
				"down": {"uv": [0, 11.75, 2, 14.5], "texture": "#0"}
			}
		},
		{
			"from": [7, 3.25, 5.25],
			"to": [9, 3.5, 8],
			"faces": {
				"north": {"uv": [0, 11.75, 2, 12], "texture": "#0"},
				"east": {"uv": [0, 11.75, 2.75, 12], "texture": "#0"},
				"south": {"uv": [0, 11.75, 2, 12], "texture": "#0"},
				"west": {"uv": [0, 11.75, 2.75, 12], "texture": "#0"},
				"up": {"uv": [0, 11.75, 2, 14.5], "texture": "#0"},
				"down": {"uv": [0, 11.75, 2, 14.5], "texture": "#0"}
			}
		},
		{
			"from": [7.5, 3.5, 5.5],
			"to": [8.5, 6.25, 8.25],
			"faces": {
				"north": {"uv": [0, 11.75, 1, 14.5], "texture": "#0"},
				"east": {"uv": [0, 11.75, 2.75, 14.5], "texture": "#0"},
				"south": {"uv": [0, 11.75, 1, 14.5], "texture": "#0"},
				"west": {"uv": [0, 11.75, 2.75, 14.5], "texture": "#0"},
				"up": {"uv": [0, 11.75, 1, 14.5], "texture": "#0"},
				"down": {"uv": [0, 11.75, 1, 14.5], "texture": "#0"}
			}
		},
		{
			"from": [6.25, 3.75, 6.25],
			"to": [9.75, 6, 6.75],
			"faces": {
				"north": {"uv": [0, 11.75, 3.5, 14], "texture": "#0"},
				"east": {"uv": [0, 11.75, 0.5, 14], "texture": "#0"},
				"south": {"uv": [0, 11.75, 3.5, 14], "texture": "#0"},
				"west": {"uv": [0, 11.75, 0.5, 14], "texture": "#0"},
				"up": {"uv": [0, 11.75, 3.5, 12.25], "texture": "#0"},
				"down": {"uv": [0, 11.75, 3.5, 12.25], "texture": "#0"}
			}
		},
		{
			"from": [6.75, 1.75, 6.75],
			"to": [9.25, 6, 7.75],
			"faces": {
				"north": {"uv": [0, 11.75, 2.5, 16], "texture": "#0"},
				"east": {"uv": [0, 11.75, 1, 16], "texture": "#0"},
				"south": {"uv": [0, 11.75, 2.5, 16], "texture": "#0"},
				"west": {"uv": [0, 11.75, 1, 16], "texture": "#0"},
				"up": {"uv": [0, 11.75, 2.5, 12.75], "texture": "#0"},
				"down": {"uv": [0, 11.75, 2.5, 12.75], "texture": "#0"}
			}
		},
		{
			"from": [6.25, 4.75, 5.25],
			"to": [7.25, 5.75, 6.25],
			"faces": {
				"north": {"uv": [14, 11, 16, 12.875], "texture": "#0"},
				"east": {"uv": [15, 9.25, 16, 10.25], "texture": "#0"},
				"south": {"uv": [15, 8.75, 16, 9.75], "texture": "#0"},
				"west": {"uv": [15, 8.75, 16, 9.75], "texture": "#0"},
				"up": {"uv": [15, 9.25, 16, 10.25], "texture": "#0"},
				"down": {"uv": [15, 9.25, 16, 10.25], "texture": "#0"}
			}
		},
		{
			"from": [8.75, 4.75, 5.25],
			"to": [9.75, 5.75, 6.25],
			"faces": {
				"north": {"uv": [14, 11, 16, 12.875], "texture": "#0"},
				"east": {"uv": [15, 9.25, 16, 10.25], "texture": "#0"},
				"south": {"uv": [15, 9.25, 16, 10.25], "texture": "#0"},
				"west": {"uv": [15, 8.75, 16, 9.75], "texture": "#0"},
				"up": {"uv": [15, 9.25, 16, 10.25], "texture": "#0"},
				"down": {"uv": [15, 9.25, 16, 10.25], "texture": "#0"}
			}
		},
		{
			"from": [7, 8, 7.25],
			"to": [9, 8.5, 9.25],
			"faces": {
				"north": {"uv": [6.5, 0, 8.5, 0.5], "texture": "#0"},
				"east": {"uv": [6.5, 0, 8.5, 0.5], "texture": "#0"},
				"south": {"uv": [6.5, 0, 8.5, 0.5], "texture": "#0"},
				"west": {"uv": [6.5, 0, 8.5, 0.5], "texture": "#0"},
				"up": {"uv": [6.5, 0, 8.5, 2], "texture": "#0"},
				"down": {"uv": [6.5, 0, 8.5, 2], "texture": "#0"}
			}
		},
		{
			"from": [7.25, 8.5, 7.5],
			"to": [8.75, 8.75, 9],
			"faces": {
				"north": {"uv": [9, 0, 10.5, 0.25], "texture": "#0"},
				"east": {"uv": [9, 0, 10.5, 0.25], "texture": "#0"},
				"south": {"uv": [9, 0, 10.5, 0.25], "texture": "#0"},
				"west": {"uv": [9, 0, 10.5, 0.25], "texture": "#0"},
				"up": {"uv": [9, 0, 10.5, 0.25], "texture": "#0"},
				"down": {"uv": [9, 0, 10.5, 0.25], "texture": "#0"}
			}
		},
		{
			"from": [7.25, 8.75, 7.5],
			"to": [8.75, 10, 9],
			"faces": {
				"north": {"uv": [6.5, 0, 8, 1.25], "texture": "#0"},
				"east": {"uv": [6.5, 0, 8, 1.25], "texture": "#0"},
				"south": {"uv": [6.5, 0, 8, 1.25], "texture": "#0"},
				"west": {"uv": [6.5, 0, 8, 1.25], "texture": "#0"},
				"up": {"uv": [6.5, 0, 8, 1.5], "texture": "#0"},
				"down": {"uv": [6.5, 0, 8, 1.5], "texture": "#0"}
			}
		}
	],
	"display": {
		"head": {
			"translation": [0, 10, 0],
			"scale": [2.16, 2.16, 2.16]
		},
		"fixed": {
			"rotation": [-90, 0, 0],
			"translation": [0, 1, -15.25],
			"scale": [2.29, 2.29, 2.29]
		}
	},
	"groups": [
		{
			"name": "group",
			"origin": [8, 8, 8],
			"color": 0,
			"children": [
				{
					"name": "group",
					"origin": [8, 8, 8],
					"color": 0,
					"children": [
						{
							"name": "group",
							"origin": [0, 0, 0],
							"color": 0,
							"children": [
								0,
								1,
								2,
								3,
								{
									"name": "group",
									"origin": [8, 8, 8],
									"color": 0,
									"children": [
										{
											"name": "group",
											"origin": [8, 8, 8],
											"color": 0,
											"children": [
												4,
												5,
												6,
												7,
												8,
												9,
												10,
												{
													"name": "group",
													"origin": [0, 0, 0],
													"color": 0,
													"children": [11, 12, 13, 14, 15, 16, 17, 18]
												}
											]
										}
									]
								}
							]
						}
					]
				},
				{
					"name": "group",
					"origin": [8, 8, 8],
					"color": 0,
					"children": [
						{
							"name": "group",
							"origin": [0, 0, 0],
							"color": 0,
							"children": [19, 20, 21, 22, 23, 24, 25]
						},
						{
							"name": "group",
							"origin": [8, 8, 8],
							"color": 0,
							"children": [26, 27, 28]
						},
						{
							"name": "group",
							"origin": [8, 8, 8],
							"color": 0,
							"children": [29, 30, 31]
						},
						{
							"name": "group",
							"origin": [8, 8, 8],
							"color": 0,
							"children": [32, 33, 34, 35, 36, 37]
						}
					]
				},
				{
					"name": "group",
					"origin": [8, 8, 8],
					"color": 0,
					"children": [
						38,
						39,
						40,
						41,
						42,
						{
							"name": "group",
							"origin": [8, 8, 8],
							"color": 0,
							"children": [43, 44]
						}
					]
				}
			]
		},
		{
			"name": "group",
			"origin": [0, 0, 0],
			"color": 0,
			"children": [45, 46, 47]
		}
	]
}